Location,Land Area,Beadrooms,Floor,Facing,Road Acess,Price
"'Hattigauda, K'",4,2,1,E,13,19000000
"'Jorpati, K'",5.3,2,1,S,13,30000000
"'Sanagaun, L'",3,2,1,E,13,14000000
"'Sallaghari, B'",3.5,2,1,E,13,17000000
"'Budhanilkantha, K'",9,1,1,E,20,85000000
"'Indrayani, K'",3,2,1,E,20,11500000
"'Imadol, L'",5,1,1,NE,13,45000000
"'Bhangal, K'",7,1,1,S,10,35000000
"'Bhaisepati, L'",13,1,1,S,16,135000000
"'Bhaisepati, L'",22,1,1,E,13,187000000
"'Ghatta Chowk, K'",3,2,1,NE,12,16000000
"'Nakkhu, L'",11,2,1,NE,13,40700000
"'Tikathali, L'",3,2,1,S,10,17500000
"'Gothatar, K'",3,2,1,E,13,17500000
"'Gothatar, K'",3,2,1,S,13,15500000
"'Ganesh mandir, B'",2.5,2,1,E,13,11000000
"'Goldhunga, K'",3,2,1,E,13,10500000
"'Tikathali, L'",3,2,1,SW,13,14500000
"'Bhaisepati, L'",4,3,1,NE,13,36500000
"'Mulpani, K'",3.1,2,1,N,13,17500000
"'Tikathali, L'",3,3,1,W,13,16000000
"'Lubhu, L'",3,1,1,E,13,15500000
"'Lubhu, L'",3,2,1,S,13,14500000
"'Imadol, L'",3.5,6,1,E,13,35000000
"'Kavresthali, K'",4,2,1,NE,10,14000000
"'New baneshwor, K'",10,4,1,SW,13,105000000
"'Khumaltar, L'",4.2,6,1,W,13,41500000
"'Imadol, L'",3.1,4,1,W,13,24500000
"'Imadol, L'",8.1,5,1,N,13,33500000
"'Bhaisepati, L'",5,4,1,NE,14,45000000
"'Ganesh chowk, K'",4.2,6,1,W,13,38000000
"'Ganesh chowk, K'",5,5,1,W,13,43000000
"'Ganesh chowk, K'",4.3,7,1,E,14,46000000
"'Kupondole, L'",3,3,1,E,18,39500000
"'Balkot, B'",5.2,3,1,N,24,53000000
"'Tikathali, L'",3,4,1,S,13,21500000
"'Imadol, L'",3.3,5,1,S,13,35500000
"'Imadol, L'",2.2,2,1,W,13,14500000
"'Imadol, L'",3.2,5,1,S,16,26500000
"'Imadol, L'",4,5,1,SE,13,39500000
"'Dhunge Shaghu, L'",2.3,2,1,N,13,17500000
"'Imadol, L'",2.2,4,1,N,13,22000000
"'Harisiddhi, L'",4,7,1,E,13,29500000
"'Tikathali, L'",3.2,2,1,E,13,17000000
"'Chunikhel, K'",3.2,2,1,N,14,19500000
"'Chundevi, K'",5.2,4,1,SE,12,55000000
"'Pasikot, K'",15,5,1,NE,15,100000000
"'Naxal, K'",10,5,1,E,14,80000000
"'Hepali, K'",8,5,1,SW,20,72000000
"'Sukedhara, K'",12,5,1,E,14,115000000
"'Rudreshwor, K'",7,4,1,E,13,50000000
"'Bhangal, K'",3.3,5,1,E,13,33000000
"'Rudreshwor, K'",8,5,1,E,13,50000000
"'Sukedhara, K'",6,6,1,E,16,44500000
"'Lasuntar, K'",4.2,5,1,S,13,34000000
"'Ganesh Chowk, K'",5,6,1,E,13,47000000
"'Lasuntar, K'",3.5,6,1,S,13,30000000
"'Mandikatar, K'",3.1,6,1,SW,13,32500000
"'Baneshwor, K'",4.3,6,1,W,16,50000000
"'Baluwatar, K'",10,5,1,NE,15,130000000
"'Manbhawan, L'",16,5,1,SW,16,152500000
"'Bhaisepati, L'",5,7,1,E,14,85000000
"'Maharajgunj, K'",7,4,1,SW,18,110000000
"'Dholahiti, L'",4.1,5,1,S,16,42000000
"'Bishalnagar, K'",8.3,5,1,S,20,80000000
"'Baluwatar, K'",5,5,1,E,13,50000000
"'Golfutar, K'",6.1,5,1,NE,13,77000000
"'Deuba Chowk, K'",6,4,1,W,20,50000000
"'Jorpati, K'",3,2,1,E,13,23000000
"'Tej Binayak, K'",3.1,6,1,E,20,28000000
"'Budhanilkantha, K'",10,1,1,S,13,70000000
"'Budhanilkantha, K'",19,1,1,SE,20,150000000
"'Budhanilkantha, K'",4.3,6,1,W,13,43500000
"'Tej Binayak, K'",3.1,2,1,N,13,17500000
"'Harharmahadev, K'",4.1,6,1,SE,13,35000000
"'Kantipur Coloney, L'",3.3,4,1,W,16,26000000
"'Budhanilkantha, K'",8.5,6,1,W,13,68000000
"'Hattigauda, K'",14.1,7,1,E,16,120000000
"'Katunje, B'",4.1,5,1,SW,13,31000000
"'Maitidevi, K'",13.3,5,1,S,14,96000000
"'Narayanthan, K'",13,5,1,N,14,125000000
"'Rudreshwor, K'",32.2,5,1,S,13,190000000
"'Maharajgunj, K'",16.4,3,1,S,13,85000000
"'Maharajgunj, K'",7.2,6,1,W,20,58000000
"'Srij Nagar, B'",2.2,4,1,E,13,21000000
"'Kmc Hospital, B'",3.2,1,1,N,12,12500000
"'Taukhel, L'",5.1,1,1,E,16,20000000
"'Tokha, K'",3.5,1,1,S,13,18500000
"'Balkot, B'",5.5,2,1,E,22,30000000
"'Machhegaun, K'",3,2,1,S,20,11000000
"'Gothatar, K'",3,2,1,NE,6,11000000
"'Imadol, L'",4,2,1,E,20,18000000
"'Lokanthali, B'",4,2,1,W,13,25000000
"'Lubhu, L'",3,2,1.5,E,12,15000000
"'Dhapasi, K'",2.5,6,1.5,E,6,13500000
"'Ansaritole, L'",2.63,2,1.5,S,13,13000000
"'Gothatar, K'",4,3,1.5,SW,20,21000000
"'Bhaisepati, L'",5,5,1.5,E,13,42500000
"'Bhaisepati, L'",4.5,4,1.5,E,13,45000000
"'Siddhipur, L'",3,2,1.5,N,13,15500000
"'Dhumbarahi, K'",3,3,1.5,E,13,24500000
"'Tej Binayak, K'",3,4,1.5,E,13,14500000
"'Tokha, K'",4,2,1.5,W,13,19500000
"'Imadol, L'",22,6,1.5,N,20,165000000
"'Tikathali, L'",5,5,1.5,W,20,45000000
"'Golfutar, K'",4.5,4,1.5,S,16,9500000
"'Bhaisepati, L'",5.1,4,1.5,N,13,45000000
"'Kusunti, L'",3.5,4,1.5,N,13,32500000
"'Imadol, L'",3.3,7,2,E,13,29500000
"'Tikathali, L'",3,6,2,S,13,25500000
"'Tikathali, L'",3,6,2,N,13,24500000
"'Tikathali, L'",3,4,2,N,13,23500000
"'Imadol, L'",5,6,2,W,12,39500000
"'Badikhel, L'",6,4,2,S,13,13000000
"'Tikathali, L'",3.1,5,2,E,13,28500000
"'Setipakha, L'",3.5,5,2,W,13,27500000
"'Imadol, L'",3.3,5,2,E,13,28500000
"'Tikathali, L'",4.1,6,2,W,13,37500000
"'Tikathali, L'",4,6,2,E,20,35000000
"'Imadol, L'",4.5,6,2,S,13,47000000
"'Khumaltar, L'",4,5,2,S,13,38500000
"'Dillibazar, K'",4.3,4,2,W,20,60000000
"'Imadol, L'",3.5,5,2,N,13,29900000
"'Tikathali, L'",3,6,2,S,13,29000000
"'Tikathali, L'",3.1,5,2,E,13,29000000
"'Imadol, L'",4.5,5,2,SE,20,45000000
"'Gongabu, K'",5,6,2,N,13,42000000
"'Balkot, B'",14,6,2,N,13,90000000
"'Gongabu, K'",4,6,2,N,13,32500000
"'Chunikhel, K'",4.1,6,2,S,13,33500000
"'Gongabu, K'",4.5,4,2,SE,20,45000000
"'Tikathali, L'",3,5,2,N,13,25500000
"'Imadol, L'",3,6,2,S,13,23000000
"'Imadol, L'",3.3,6,2,S,13,37000000
"'Bhaisepati, L'",4.5,4,2,NW,13,32500000
"'Chunikhel, K'",3.1,5,2,SW,13,31500000
"'Dhaneshwor, K'",5,3,2,E,12,28000000
"'Wasik, K'",4.2,5,2,NE,20,43500000
"'Gongabu, K'",5,4,2,W,10,37500000
"'Tikathali, L'",3.3,5,2,N,20,29500000
"'Bhaisepati, L'",6,4,2,E,13,57500000
"'Budhgar, K'",3.51,7,2,E,16,70000000
"'Bhangal, K'",3.5,3,2,S,10,30000000
"'Hattiban, L'",3,3,2,SE,13,20000000
"'Maharajgunj, K'",4,5,2,E,13,90000000
"'Baneshwor, K'",12,2,2,NE,20,120000000
"'Dhapakhel, L'",6.5,4,2,E,16,32000000
"'Budhanilkantha, K'",4.2,3,2,W,13,38500000
"'Godawari, L'",3,2,2,E,20,17000000
"'Gochaur, L'",4.3,4,2,NW,26,12000000
"'Lubhu, L'",2.5,5,2,NE,13,17500000
"'Imadol, L'",5.1,7,2,W,13,40000000
"'Imadol, L'",2.5,5,2,E,13,20000000
"'Hattiban, L'",4.5,3,2,S,13,39500000
"'Bhaisepati, L'",7,6,2,W,13,32500000
"'Sinamangal, K'",10,4,2,W,20,115000000
"'Setipakha, L'",2.5,4,2,NE,13,18900000
"'Bhaisepati, L'",3.5,4,2,E,16,26000000
"'Bhaisepati, L'",3.3,6,2,NE,13,30000000
"'Bhaisepati, L'",4,5,2,S,13,34500000
"'Karyabinayak, L'",4,5,2,SW,13,34000000
"'Bhaisepati, L'",3.5,5,2,E,16,26000000
"'Sital Height, L'",3,5,2,NE,13,23000000
"'Lubhu, L'",3.5,3,2,W,20,14500000
"'Imadol, L'",4.5,6,2,N,13,49500000
"'Sonakothi, L'",6.1,7,2,E,20,50000000
"'Nakhipot, L'",5.3,6,2,NW,13,47500000
"'Imadol, L'",3.1,5,2,E,20,29000000
"'Tikathali, L'",3,6,2,E,20,23000000
"'Khumaltar, L'",4.5,6,2,W,20,41500000
"'Syuchatar, K'",4.2,6,2,SW,20,35000000
"'Balkot, B'",4,4,2,E,20,40000000
"'Dadhikot, B'",6,5,2,NE,13,26000000
"'Nayabazar, K'",12,3,2,S,20,102000000
"'Chyasundol, K'",3.3,3,2,S,22,27500000
"'Imadol, L'",4,4,2,N,13,46000000
"'Tikathali, L'",2.2,5,2,N,13,22500000
"'Harisiddhi, L'",3.1,5,2,E,13,24000000
"'Harisiddhi, L'",3,6,2,W,20,31500000
"'Imadol, L'",3.3,5,2,S,13,37500000
"'Imadol, L'",3,6,2,NE,11,20700000
"'Thali, K'",3,4,2,N,20,18500000
"'Tikathali, L'",3,5,2,E,13,29000000
"'Satdobato, L'",19,5,2,SE,13,150000000
"'Dhapakhel, L'",6,9,2.5,NW,13,55000000
"'Karuna Hospital, K'",4.5,9,2.5,SE,14,35000000
"'Imadol, L'",2.5,3,2.5,S,13,21500000
"'Balkot, B'",5,3,2.5,NE,10,25000000
"'Harisiddhi, L'",3.3,7,2.5,E,20,32500000
"'Gothatar, K'",3.5,6,2.5,n,20,34000000
"'Hattiban, L'",5.2,6,2.5,SW,15,45000000
"'Balkot, B'",3.2,5,2.5,N,36,26000000
"'Balkot, B'",3.2,7,2.5,N,13,23500000
"'Balkot, B'",3.2,6,2.5,W,13,27500000
"'Tokha, K'",4,2,2.5,E,12,26000000
"'Imadol, L'",3.2,7,2.5,NE,20,27500000
"'Phutung, K'",3,6,2.5,W,20,16500000
"'Sitapaila, K'",6,9,2.5,S,13,35000000
"'Balkot, B'",3.2,5,2.5,NW,13,24000000
"'Dadhikot, B'",4,5,2.5,S,13,27000000
"'Balkot, B'",3,5,2.5,E,13,21000000
"'Chardobato, B'",4.3,7,2.5,S,12,31000000
"'Dhunchepakha, B'",4.3,6,2.5,NW,13,33000000
"'Sitapakha, L'",3,5,2.5,NW,12,23500000
"'Imadol, L'",2.3,4,2.5,N,10,24000000
"'Mandikatar, K'",4,1,2.5,NW,13,38000000
"'Lubhu, L'",2.5,4,2.5,N,10,25500000
"'Gothatar, K'",3.1,5,2.5,E,13,30000000
"'Hiledol, K'",2.3,5,2.5,N,12,16000000
"'Imadol, L'",3.5,5,2.5,E,13,36500000
"'Tikathali, L'",3,4,2.5,W,14,23500000
"'Dhalmal, K'",3.3,4,2.5,N,11,26000000
"'Shirj, K'",4,6,2.5,S,16,39500000
"'Imadol, L'",4,6,2.5,NE,13,44500000
"'Tikathali, L'",3,4,2.5,W,13,24000000
"'Imadol, L'",4.5,5,2.5,E,13,40000000
"'Lubhu, L'",6.2,5,2.5,NW,13,28000000
"'Sitapakha, L'",3.5,4,2.5,W,20,27500000
"'Gongabu, K'",5.2,6,2.5,S,13,52500000
"'Sallaghari, B'",3,2,2.5,S,13,16500000
"'Tokha, K'",3.5,6,2.5,S,13,27500000
"'Bhangal, K'",5.5,5,2.5,SE,20,50000000
"'Budhanilkantha, K'",7,3,2.5,S,13,48000000
"'Budhanilkantha, K'",4.5,4,2.5,SE,13,42500000
"'Budhanilkantha, K'",4.2,3,2.5,E,13,39500000
"'Balambu, K'",4.5,5,2.5,NE,13,21000000
"'Pasikot, K'",5,6,2.5,W,15,45000000
"'Thankot, K'",3.5,6,2.5,NE,12,22000000
"'Sanagaun, L'",2.3,5,2.5,E,13,16000000
"'Khumaltar, L'",3.1,5,2.5,E,13,30000000
"'Harisiddhi, L'",4.5,3,2.5,W,26,29000000
"'Imadol, L'",4,5,2.5,SE,13,40000000
"'Lubhu, L'",2.5,5,2.5,N,13,15500000
"'Pepsicola, K'",3.1,6,2.5,E,20,25000000
"'Hattiban, L'",4.5,4,2.5,W,20,36000000
"'Sallaghari, B'",4,6,2.5,NE,20,28500000
"'Lubhu, L'",2.5,4,2.5,E,13,17000000
"'Tikathali, L'",3,5,2.5,E,13,31500000
"'Budhani, K'",7,5,2.5,S,14,50000000
"'Boudha, K'",1,2,2.5,E,8,7500000
"'Thulobharyang, K'",4,6,2.5,NE,13,36500000
"'Imadol, L'",3.3,7,2.5,E,13,42500000
"'Tikathali, L'",3,7,2.5,S,20,26500000
"'Hattigauda, K'",4.5,6,2.5,N,13,31000000
"'Budhanilkantha, K'",4.2,5,2.5,NE,20,43000000
"'Budhanilkantha, K'",6,6,2.5,N,16,50000000
"'Pasikot, K'",4.1,6,2.5,E,13,45000000
"'Kalanki, K'",8,7,2.5,NE,13,60000000
"'Lasuntar, K'",5,6,2.5,SE,13,43500000
"'Kapan, K'",3,6,2.5,W,13,22000000
"'Dhalahiti, L'",4.25,6,2.5,S,14,42500000
"'Gothatar, K'",3.1,6,2.5,W,20,27500000
"'Dholahiti, L'",5,5,2.5,E,13,48500000
"'Kapan, K'",3.2,6,2.5,W,13,32500000
"'Kalanki, K'",5,5,2.5,E,13,65000000
"'Ganesh chowk, K'",4,6,2.5,W,13,38000000
"'Chapali, K'",4.1,7,2.5,NE,13,41500000
"'Chunikhel, K'",4.2,6,2.5,NW,13,38500000
"'Kapan, K'",3.1,6,2.5,SE,13,30000000
"'Budhanilkantha, K'",3.1,6,2.5,W,13,32500000
"'Goldhunga, K'",3.2,5,2.5,E,13,22000000
"'Bhaisepati, L'",4,4,2.5,N,13,36500000
"'Thulobharyang, K'",3,6,2.5,NE,13,36500000
"'Narayanthan, K'",10.3,4,2.5,E,20,80000000
"'Pepsicola, K'",3,5,2.5,E,4,18000000
"'Duwakot, B'",3.2,9,2.5,SW,8,24000000
"'Tikathali, L'",3.3,5,2.5,W,13,26500000
"'Budhanilkantha, K'",7,5,2.5,W,13,62500000
"'Dhapakhel, L'",4.1,6,2.5,S,16,32000000
"'Chyasundol, K'",4,5,2.5,W,13,30000000
"'Balkhu, K'",4.2,5,2.5,NE,13,42500000
"'Nakhipot, L'",4.1,7,2.5,S,13,42000000
"'Imadol, L'",3.1,5,2.5,SW,13,27500000
"'Imadol, L'",3.1,7,2.5,SE,13,42000000
"'Dhapasi, K'",4,6,2.5,NE,13,35000000
"'Nepaltar, K'",7,8,2.5,SW,13,35000000
"'Imadol, L'",3,7,2.5,E,13,23500000
"'Dhapakhel, L'",5.5,5,2.5,S,20,46000000
"'Gothatar, K'",3,6,2.5,N,18,23500000
"'Kapan, K'",4.2,6,2.5,S,13,22500000
"'Sital Height, L'",4,5,2.5,W,14,39500000
"'Gothatar, K'",3.1,7,2.5,W,20,27500000
"'Nakhipot, L'",5,4,2.5,E,20,50000000
"'Dhumbarahi, K'",3.5,6,2.5,N,8,20000000
"'Nakhipot, L'",5,4,2.5,E,20,49000000
"'Imadol, L'",3,5,2.5,S,13,25000000
"'Budhanilkantha, K'",4.5,6,2.5,S,13,43500000
"'Satdobato, L'",4,4,2.5,S,13,31500000
"'Budhanilkantha, K'",3,2,2.5,NE,15,12500000
"'Imadol, L'",2.3,4,2.5,S,13,22000000
"'Ganesh chowk, K'",3.3,4,2.5,W,20,47500000
"'Bhangal, K'",3.3,5,2.5,NE,13,35000000
"'Ganesh chowk, K'",3.1,10,2.5,NE,20,26000000
"'Bhaisepati, L'",5,5,2.5,S,13,55000000
"'Pasikot, K'",6,8,2.5,SW,20,55000000
"'Imadol, L'",3,5,2.5,S,13,29000000
"'Lasuntar, K'",3.3,6,2.5,N,13,28500000
"'Tikathali, L'",3.2,6,2.5,E,13,26900000
"'Imadol, L'",3.3,6,2.5,W,13,38500000
"'Pasikot, K'",5,4,2.5,E,20,47500000
"'Dhapakhel, L'",8.2,6,2.5,S,20,49000000
"'Imadol, L'",3.1,6,2.5,E,16,29000000
"'Lubhu, L'",3.1,5,2.5,E,16,22000000
"'Harisiddhi, L'",7,6,2.5,W,13,43500000
"'Imadol, L'",3.1,6,2.5,NE,13,33500000
"'Sital height, L'",3,4,2.5,E,13,24500000
"'Bhaisepati, L'",7,5,2.5,SE,13,75000000
"'Imadol, L'",3,6,2.5,NW,15,21000000
"'Bhaisepati, L'",5.1,4,2.5,E,13,50000000
"'Bhaisepati, L'",4.5,4,2.5,W,13,45000000
"'Bhaisepati, L'",4,4,2.5,N,16,41000000
"'Kalanki, K'",6,4,2.5,E,10,60000000
"'Gothatar, K'",3,6,2.5,N,13,26500000
"'Sanagaun, L'",4.1,5,2.5,S,20,33500000
"'Sanagaun, L'",3,6,2.5,N,13,26000000
"'Chobar, K'",5.2,5,2.5,S,20,35000000
"'Nilopul, K'",4,2,2.5,SE,13,40000000
"'Nakhipot, L'",4.2,6,2.5,N,13,39000000
"'Nakhipot, L'",5,5,2.5,E,20,47500000
"'Imadol, L'",3.5,5,2.5,NE,20,21000000
"'Jorpati, K'",3,10,2.5,W,10,28500000
"'Baneshwor, K'",5,5,2.5,E,14,45000000
"'Gokarna, K'",3.5,6,2.5,E,13,20000000
"'Sital Height, L'",4.1,5,2.5,E,13,30000000
"'Bhaisepati, L'",3.1,4,2.5,E,20,32500000
"'Mandikatar, K'",3.5,6,2.5,N,13,27000000
"'Pasikot, K'",3.75,3,2.5,W,16,28000000
"'Pasikot, K'",17,2,2.5,NE,13,110000000
"'Bhaisepati, L'",4.3,7,2.5,S,13,37000000
"'Kalanki, K'",3,4,2.5,NW,15,33000000
"'Kadaghari, K'",3,5,2.5,W,20,25500000
"'Budhanilkantha, K'",6,6,2.5,S,13,44500000
"'Balkot, B'",5.1,4,2.5,S,10,30000000
"'Galfutar, K'",4.5,4,2.5,SW,16,40000000
"'Hattigauda, K'",5,5,2.5,SW,13,49000000
"'Imadol, L'",3,4,2.5,SE,13,19000000
"'Sanagaun, L'",2.3,5,2.5,S,13,19900000
"'Imadol, L'",3.1,5,2.5,E,13,33000000
"'Imadol, L'",16,7,2.5,E,13,79500000
"'Baluwakhani, K'",4,6,2.5,W,20,27500000
"'Balaju, K'",3.21,4,2.5,S,16,13500000
"'Budhanilkantha, K'",29,5,2.5,E,13,159500000
"'Khusibu, K'",3.2,5,2.5,E,13,34000000
"'Rudreshwor, K'",6,5,2.5,E,13,35000000
"'Dadhikot, B'",10,5,2.5,E,14,59500000
"'Sitapaila, K'",9.85,5,2.5,SE,12,60000000
"'Thankot, K'",4,1,2.5,S,13,25000000
"'Tikathali, L'",4.25,6,2.5,NW,13,31500000
"'Maitidevi, K'",4.1,5,2.5,SE,13,24000000
"'Kapan, K'",3,5,2.5,NE,14,25000000
"'Imadol, L'",3,4,2.5,E,6,19000000
"'Bhangal, K'",4.5,7,2.5,W,13,32000000
"'Hattiban, L'",3,3,2.5,NW,20,24000000
"'Kadaghari, K'",3.5,6,2.5,E,6,21000000
"'Muhanpokhari, K'",11.2,4,2.5,E,13,52500000
"'Baneshwor, K'",28,4,2.5,E,13,252000000
"'Chamati, K'",3.2,4,2.5,E,26,28000000
"'Kapan, K'",6,5,2.5,W,13,32500000
"'Tikathali, L'",3,5,2.5,S,13,22000000
"'Imadol, L'",3,5,2.5,E,13,24500000
"'Bhangal, K'",3,6,2.5,E,13,27000000
"'Gothatar, K'",4,5,2.5,E,13,26200000
"'Kadaghari, K'",3,6,2.5,E,13,21700000
"'Gothatar, K'",4,5,2.5,E,20,30000000
"'Gokarna, K'",3,4,2.5,E,13,19500000
"'Setipakha, L'",5.5,4,2.5,E,10,31000000
"'Naxal, K'",5.2,3,2.5,E,12,56000000
"'Balkhu, K'",16,5,2.5,S,10,5000000
"'Mandikatar, K'",4.1,2,2.5,SE,14,45000000
"'Kitani, L'",3.1,4,2.5,N,22,32500000
"'Mandikatar, K'",6.6,5,2.5,NW,10,55000000
"'Imadol, L'",5.5,5,2.5,W,13,37500000
"'Imadol, L'",4,5,2.5,N,13,46000000
"'Tokha, K'",6.1,5,2.5,SW,20,57500000
"'Mandikatar, K'",4.1,2,2.5,W,16,45000000
"'Bhangal, K'",4.1,6,2.5,E,12,39500000
"'Godawari, L'",62,5,2.5,S,28,93000000
"'Sukedhara, K'",6,2,2.5,S,12,50000000
"'Bansbari, K'",4.5,4,2.5,E,13,52000000
"'Thankot, K'",4,7,2.5,SW,12,16000000
"'Hattiban, L'",2.5,3,2.5,S,13,19500000
"'Harisiddhi, L'",3,4,2.5,S,13,23500000
"'Dhapakhel, L'",3,4,2.5,S,20,24500000
"'Tikathali, L'",3,6,2.5,S,13,28000000
"'Bhaisepati, L'",6,6,2.5,N,10,41000000
"'Syuchatar, K'",5.1,4,2.5,W,12,31500000
"'Safaray Dhunga, K'",6,4,2.5,NE,16,50000000
"'Bhangal, K'",5.5,3,2.5,NE,13,50000000
"'Bhaisepati, L'",5.5,6,2.5,E,16,52500000
"'Bhaisepati, L'",4.3,6,2.5,W,14,27000000
"'Safaray Dhunga, K'",4,8,2.5,S,13,32500000
"'Harisiddhi, L'",7,6,2.5,E,13,40000000
"'Kapan, K'",3.3,4,2.5,SE,15,24000000
"'Bhaisepati, L'",4.2,5,2.5,E,20,43500000
"'Sundar basti, K'",5,2,2.5,SE,13,40000000
"'Bansbari, K'",5.3,5,2.5,E,13,60000000
"'Hattiban, L'",2.3,4,2.5,S,13,23000000
"'Jhamsikhel, L'",3.1,6,2.5,N,14,42000000
"'Bhaisepati, L'",5.5,5,2.5,SE,20,67500000
"'Tikathali, L'",6,5,2.5,SE,13,49000000
"'Sitapaila, K'",3,3,2.5,S,20,18000000
"'Baluwakhani, K'",5.1,6,2.5,E,20,47500000
"'Budhanilkantha, K'",4,6,2.5,NE,13,35000000
"'Jorpati, K'",4.5,6,2.5,E,13,43500000
"'Safaray Dhunga, K'",3.5,4,2.5,E,13,27500000
"'Shantinagar, K'",4.1,7,2.5,E,20,57500000
"'Nakkhu, L'",4,7,2.5,E,12,39000000
"'Shantinagar, K'",4.5,6,2.5,E,20,45000000
"'Mahadevsthan, K'",4.5,4,2.5,W,15,24500000
"'Dhapakhel, L'",5,6,2.5,NE,13,39500000
"'Dhumbarahi, K'",3.5,6,2.5,NE,6,21500000
"'Thaiba, L'",4.5,4,2.5,S,13,21000000
"'Hattiban, L'",6.5,7,2.5,W,14,35000000
"'Bhangal, K'",3,5,2.5,S,13,21000000
"'Bhaisepati, L'",3.5,5,2.5,W,16,30000000
"'Pasikot, K'",5,6,2.5,E,20,47500000
"'Bhaisepati, L'",4,6,2.5,E,13,31000000
"'Kusunti, L'",5.5,6,2.5,E,13,42500000
"'Kusunti, L'",3.2,6,2.5,E,13,35000000
"'Mandikatar, K'",3,3,2.5,S,13,25000000
"'Dahachowk, K'",2.5,5,2.5,S,13,12500000
"'Sital height, L'",2.3,5,2.5,NE,13,23000000
"'Imadol, L'",3.5,6,2.5,E,16,29000000
"'Godawari, L'",3.3,6,2.5,E,13,29000000
"'Khumaltar, L'",5.5,6,2.5,E,20,47000000
"'Harisiddhi, L'",3.2,6,2.5,N,20,25000000
"'Ravi bhawan, K'",4,5,2.5,S,20,50000000
"'Imadol, L'",3,4,2.5,E,13,29900000
"'Tikathali, L'",4,7,2.5,NW,13,35500000
"'Tikathali, L'",2.2,6,2.5,W,13,25000000
"'Khumaltar, L'",5.2,5,2.5,SE,13,39000000
"'Imadol, L'",4,8,2.5,E,13,42500000
"'Sital Height, L'",4,6,2.5,E,13,45500000
"'Bhaisepati, L'",4.5,4,2.5,E,20,45000000
"'Pasikot, K'",5,6,2.5,E,13,33500000
"'Lubhu, L'",3.2,4,2.5,NE,13,21500000
"'Hattigauda, K'",6.5,4,2.5,W,16,36000000
"'Imadol, L'",4.5,6,2.5,N,13,39500000
"'Pasikot, K'",4.1,6,2.5,N,13,42000000
"'Thali, K'",3,4,2.5,E,10,14000000
"'Khumaltar, L'",10,5,2.5,NE,20,72500000
"'Bhaisepati, L'",5.5,4,2.5,N,13,65000000
"'Imadol, L'",3.1,5,2.5,S,13,31500000
"'Imadol, L'",3.1,5,2.5,S,13,29900000
"'Imadol, L'",3,4,2.5,S,13,26500000
"'Tikathali, L'",2.3,3,2.5,S,14,25000000
"'Chyasundol, K'",17,6,2.5,E,20,155000000
"'Imadol, L'",3.2,7,2.5,N,20,29000000
"'Bhangal, K'",5,4,2.5,W,30,40000000
"'Budhanilkantha, K'",3.1,6,2.5,W,16,32500000
"'Manbhawan, L'",16,5,2.5,SW,13,144000000
"'Budhanilkantha, K'",7,4,2.5,E,13,48000000
"'Budhanilkantha, K'",7,4,2.5,NE,13,50000000
"'Budhanilkantha, K'",4.1,5,2.5,SE,14,38000000
"'Bhangal, K'",5,6,2.5,E,20,39500000
"'Kapan, K'",4.5,5,2.5,SE,11,39500000
"'Mahalaxmi, L'",3,7,2.5,W,20,23000000
"'Harisiddhi, L'",3,5,2.5,N,20,27500000
"'Bhangal, K'",5,5,2.5,E,16,47500000
"'Balkot, B'",4,4,2.5,E,12,21500000
"'Balambu, K'",4.5,4,2.5,W,13,28000000
"'Kapan, K'",4.3,6,2.5,SE,13,29000000
"'Bhangal, K'",4.2,6,2.5,S,16,42500000
"'Nakhipot, L'",3.3,5,2.5,NE,26,36000000
"'Bhangal, K'",6,7,2.5,N,13,50000000
"'Bhangal, K'",6,5,2.5,E,15,36000000
"'Raniban, K'",5,7,2.5,SW,20,40000000
"'Kapan, K'",4.1,6,2.5,E,14,38000000
"'Tokha, K'",8,5,2.5,S,13,7000000
"'Chapali, K'",4.1,6,2.5,E,20,41000000
"'Chapali, K'",4.5,5,2.5,S,13,40000000
"'Imadol, L'",4.15,7,2.5,S,13,41500000
"'Deuba Chowk, K'",4.2,5,2.5,NE,20,43500000
"'Dadhikot, B'",13,5,2.5,N,26,95000000
"'Imadol, L'",5,5,2.5,W,13,57500000
"'Satdobato, L'",3.1,4,2.5,SE,13,30000000
"'Kapan, K'",4,6,2.5,SW,10,42500000
"'Tokha, K'",5.1,6,2.5,SE,13,45000000
"'Kadaghari, K'",3,6,2.5,S,13,24500000
"'Tikathali, L'",3.2,6,3,E,13,22500000
"'Imadol, L'",3.1,5,3,E,13,32000000
"'Imadol, L'",3,5,3,E,13,27500000
"'Imadol, L'",4.2,6,3,S,16,29000000
"'Imadol, L'",3.2,6,3,S,13,35500000
"'Imadol, L'",5.1,5,3,S,13,55000000
"'Imadol, L'",4.2,4,3,NW,13,29000000
"'Imadol, L'",4.1,7,3,SW,10,33000000
"'Tikathali, L'",3,6,3,E,13,26000000
"'Imadol, L'",3.2,5,3,S,20,26500000
"'Imadol, L'",3,5,3,S,13,26500000
"'Mahalaxmi, L'",3.1,7,3,N,20,31500000
"'Sital Height, L'",3.3,8,3,S,13,32000000
"'Manmaiju, K'",5,9,3,S,13,24000000
"'Syuchatar, K'",4.2,8,3,NE,12,23000000
"'Imadol, L'",6.2,5,3,W,13,47500000
"'Lubhu, L'",5.2,5,3,NW,16,42500000
"'Imadol, L'",3.2,6,3,S,13,29500000
"'Imadol, L'",3.1,5,3,S,13,33500000
"'New Baneshwor, K'",2.2,7,3,E,4,27000000
"'Imadol, L'",3,7,3,W,20,32500000
"'Baniyatar, K'",2.2,5,3,NE,10,25000000
"'Pepsicola, K'",5.5,1,3,SE,26,95000000
"'Pepsicola, K'",2.3,6,3,E,26,32500000
"'Chabahil, K'",4.5,10,3,E,8,40000000
"'Imadol, L'",4.5,5,3,NE,13,49500000
"'Tikathali, L'",2.3,5,3,E,13,22000000
"'Tikathali, L'",2.3,5,3,S,13,22500000
"'Imadol, L'",3,5,3,NE,13,22500000
"'Tikathali, L'",3,6,3,E,13,25000000
"'Imadol, L'",5,6,3,W,13,39500000
"'Imadol, L'",3.1,5,3,N,13,32500000
"'Imadol, L'",4,6,3,N,13,45500000
"'Imadol, L'",3.1,4,3,N,13,32500000
"'Dhaneshwor, K'",4,8,3,S,10,29000000
"'Dhalmal, K'",3.1,5,3,S,13,30000000
"'Imadol, L'",3,3,3,NE,12,27000000
"'Tikathali, L'",3,6,3,NW,13,23500000
"'Suntol, L'",4,6,3,E,13,34000000
"'Imadol, L'",3,6,3,E,13,26500000
"'Imadol, L'",3,5,3,N,13,35000000
"'Imadol, L'",3.5,5,3,W,13,34500000
"'Imadol, L'",3,5,3,NE,13,35000000
"'Tikathali, L'",3.1,5,3,E,13,32500000
"'Hattiban, L'",3,6,3,W,14,28000000
"'Hattiban, L'",3,5,3,S,13,33000000
"'Imadol, L'",3,6,3,SE,13,23500000
"'Manmaiju, K'",4,7,3,S,12,32500000
"'Dapasi, K'",4,4,3,NW,20,50000000
"'Imadol, L'",3,9,3,S,13,29000000
"'Imadol, L'",4,4,3,S,13,46500000
"'Imadol, L'",5,8,3,S,13,51000000
"'Sanagaun, L'",3,6,3,NE,13,27000000
"'Sanagaun, L'",4,5,3,NE,20,33000000
"'Balkot, B'",9,7,3,NW,22,42500000
"'Imadol, L'",3,5,3,E,14,31500000
"'Ektabasti, K'",3.5,5,3,NW,16,24000000
"'Tikathali, L'",3.5,6,3,E,13,29000000
"'Pepsicola, K'",2,6,3,SW,16,25000000
"'Sitapaila, K'",6,10,3,W,8,30000000
"'Pepsicola, K'",4.3,9,3,NE,16,45000000
"'Siddhipur, L'",3,2,3,S,12,25000000
"'Badegaun, L'",3,3,3,E,13,16500000
"'Kandaghari, K'",7,12,3,S,20,52000000
"'Tikathali, L'",13,5,3,S,13,54000000
"'Chasidol, L'",3.5,7,3,W,13,22000000
"'Bhandarigauu, K'",3.2,6,3,S,13,27500000
"'Imadol, L'",5,14,3,NW,13,42500000
"'Budhanilkantha, K'",3.3,3,3,E,26,29500000
"'Tikathali, L'",3.1,6,3,W,13,26500000
"'Imadol, L'",3.5,6,3,NW,12,31000000
"'Imadol, L'",4,6,3,E,13,32500000
"'Imadol, L'",2.3,5,3,W,13,25500000
"'Imadol, L'",3,5,3,E,13,27000000
"'Imadol, L'",3,5,3,W,13,28000000
"'Lubhu, L'",2.3,5,3,N,13,23000000
"'Thimi, B'",3.1,5,3,W,20,22500000
"'Chobar, K'",6.5,5,3,E,20,32500000
"'Imadol, L'",3,5,3,N,13,32500000
"'Imadol, L'",5.1,5,3,SE,13,57500000
"'Tikathali, L'",5,6,3,NW,13,32000000
"'Imadol, L'",4,6,3,NE,13,37500000
"'Bhaisepati, L'",3,4,3,SE,22,30000000
"'Gatthaghar, B'",3,10,3,NE,13,25000000
"'Thaiba, L'",7.2,5,3,W,20,40000000
"'Budhanilkantha, K'",6,7,3,E,13,52500000
"'Chunikhel, K'",3,6,3,S,13,28000000
"'Mahankal, K'",6,4,3,NE,16,47500000
"'Gatthaghar, B'",3,6,3,E,13,33000000
"'Chunikhel, K'",4.5,7,3,NE,13,44500000
"'Bhaisepati, L'",5.5,6,3,W,20,52500000
"'Naikap, K'",3.5,5,3,NW,13,22500000
"'Goldhunga, K'",6.1,9,3,SE,13,30000000
"'Baniyatar, K'",2.2,6,3,S,13,26000000
"'Imadol, L'",4.2,6,3,W,13,39500000
"'Gothatar, K'",3.2,7,3,NE,20,32000000
"'Tikathali, L'",3,8,3,S,13,25000000
"'Setipakha, L'",3.2,6,3,E,13,35500000
"'Hattigauda, K'",4,4,3,W,13,37000000
"'Chapali, K'",4.5,5,3,NW,14,39000000
"'Imadol, L'",5,5,3,W,20,55000000
"'Thimi, B'",6,5,3,NE,20,60000000
"'Imadol, L'",4,11,3,W,20,44500000
"'Imadol, L'",3.1,6,3,W,13,30000000
"'Imadol, L'",3,8,3,N,16,24500000
"'Tikathali, L'",3.2,7,3,S,13,31000000
"'Imadol, L'",3.2,5,3,N,13,27000000
"'Ganesh chowk, K'",4.5,5,3,E,16,40000000
"'Imadol, L'",4,6,3,S,13,42000000
"'Balkot, B'",3.1,6,3,E,13,33000000
"'Balkot, B'",14,6,3,N,24,85000000
"'Tikathali, L'",4,6,3,W,20,25000000
"'Imadol, L'",4.2,8,3,N,13,38500000
"'Imadol, L'",2.5,5,3,NE,13,18000000
"'Imadol, L'",3,8,3,W,20,31000000
"'Sital Height, L'",5,5,3,SE,16,39000000
"'Swayambhu, K'",5,6,3,NE,13,50000000
"'Sanagaun, L'",4.1,7,3,S,13,32500000
"'Imadol, L'",3.5,7,3,E,13,32000000
"'Gongabu, K'",3,15,3,S,13,27500000
"'Imadol, L'",3.5,4,3,W,13,31000000
"'Imadol, L'",3.5,5,3,E,13,42500000
"'Imadol, L'",3.75,7,3,S,13,42500000
"'Sital Height, L'",3.5,5,3,S,20,26000000
"'Imadol, L'",4.2,5,3,NW,13,45000000
"'Imadol, L'",3,6,3,W,13,25000000
"'Tikathali, L'",3,7,3,S,13,24500000
"'Bansbari, K'",4,6,3,E,13,40000000
"'Imadol, L'",3.25,6,3,N,13,32499999
"'Imadol, L'",3.2,6,3,S,13,31999999
"'Dhapakhel, L'",5.3,5,3,E,20,55000000
"'Magargau, L'",3.5,4,3,E,16,29999999
"'Sanobharyang, K'",3.5,5,3,S,22,32500000
"'Panipokhari, K'",3,6,3,E,20,60000000
"'Imadol, L'",3,8,3,S,20,31500000
"'Imadol, L'",3.5,8,3,W,13,26500000
"'Baluwatar, K'",4.5,9,3,SE,26,90000000
"'Gongabu, K'",3,4,3,NW,13,26000000
"'Balkot, B'",3.5,7,3,W,13,26500000
"'Imadol, L'",3,7,3,E,24,31500000
"'Imadol, L'",3,5,3,W,13,25000000
"'Balkot, B'",4,7,3,E,20,32500000
"'Bode, B'",3,5,3,E,26,19000000
"'Karyabinayak, L'",6,8,3,E,13,45000000
"'Bhaisepati, L'",5.5,6,3,E,16,65000000
"'Bhaisepati, L'",5,7,3,E,13,42500000
"'Bhaisepati, L'",5,7,3,E,13,37500000
"'Imadol, L'",3.5,6,3,S,13,35000000
"'Imadol, L'",3.3,7,3,N,14,38000000
"'Tikathali, L'",4.1,7,3,W,20,36500000
"'Imadol, L'",6,7,3,E,20,67500000
"'Imadol, L'",6,7,3,E,13,67500000
"'Sukedhara, K'",3,5,3,W,13,32500000
"'Baniyatar, K'",3.3,5,3,E,13,28000000
"'Imadol, L'",5,7,3,W,16,39000000
"'Imadol, L'",3.5,8,3,E,16,31500000
"'Sitapakha, L'",4,6,3,W,13,29000000
"'Imadol, L'",3.2,6,3,N,13,25000000
"'Imadol, L'",4.3,6,3,W,13,42500000
"'Dhapakhel, L'",11.1,6,3,W,16,41500000
"'Hattiban, L'",4,7,3,W,12,26500000
"'Narayanthan, K'",3.21,2,3,E,13,25000000
"'Sangla, K'",2.04,3,3,SE,12,18500000
"'Kalanki, K'",4,1,3,E,10,33500000
"'Deuba chowk, K'",5.5,5,3,S,13,34000000
"'Imadol, L'",3,6,3,E,16,22500000
"'Kuleshwor, K'",6.2,1,3,S,16,60000000
"'Kist Hospital, L'",3.79,7,3,E,13,28500000
"'Nayabasti, L'",2.92,7,3,E,20,27500000
"'Kapan, K'",2,1,3,E,8,15000000
"'Imadol, L'",3.75,4,3,E,16,26800000
"'Kapurdhara, K'",4.39,5,3,N,4,33000000
"'Dhumbarahi, K'",5,3,3,SE,20,55000000
"'Mandikatar, K'",3,3,3,E,13,25000000
"'Kapan, K'",3,5,3,E,10,22500000
"'Hattigauda, K'",4,7,3,N,17,50000000
"'Imadol, L'",4,6,3,N,13,46000000
"'Imadol, L'",5.5,6,3,S,16,55000000
"'Lubhu, L'",3.5,7,3,W,13,23600000
"'Mandikatar, K'",5,3,3,E,16,35000000
"'Balkot, B'",3.1,6,3,S,13,27000000
"'Balkot, B'",3,5,3,S,36,25500000
"'Jharankhu, K'",4,6,3,E,13,19000000
"'Mulpani, K'",4,7,3,S,10,23000000
"'Imadol, L'",3,5,3,W,20,26000000
"'Harisiddhi, L'",3.5,6,3,S,13,27500000
"'Makalbari, K'",5,7,3,E,13,35000000
"'Mulpani, K'",4,8,3,S,10,23000000
"'Sukedhara, K'",3,5,3.5,S,14,33000000
"'Dhaneshwor, K'",4,8,3.5,N,14,28000000
"'Dharmasthali, K'",4,8,3.5,N,13,37000000
"'Jagdol, K'",3.2,5,3.5,SE,13,30000000
"'Goldhunga, K'",4,5,3.5,NW,13,27000000
"'Kapan, K'",3,5,3.5,E,13,25000000
"'Gyaneshwor, K'",3.3,6,3.5,NW,20,65000000
"'Samakhusi, K'",5,8,3.5,E,13,45000000
"'Baniyatar, K'",4.2,5,3.5,SW,13,28000000
"'Imadol, L'",4.1,9,3.5,W,13,41000000
"'Baniyatar, K'",6,6,3.5,E,13,60000000
"'Kapan, K'",3,6,3.5,SW,13,25000000
"'Nakkhu, L'",3,7,3.5,S,13,27000000
"'Bhangal, K'",4,6,3.5,S,13,34500000
"'Ramailo Danda, K'",3.3,6,3.5,S,12,21500000
"'Balaju, K'",3,7,3.5,S,8,18500000
"'Imadol, L'",3.5,8,3.5,E,13,30000000
"'Sital Height, L'",5.1,7,3.5,E,26,57500000
"'Pepsicola, K'",3.5,6,3.5,E,22,33500000
"'Pepsicola, K'",3.5,8,3.5,W,13,32500000
"'Ektabasti, K'",3.45,3,3.5,NE,13,28000000
"'Dhapakhel, L'",6,6,3.5,SE,13,47500000
"'Harisiddhi, L'",7.2,6,3.5,E,20,40000000
"'Imadol, L'",4,7,3.5,SW,13,36500000
"'Chunikhel, K'",5,6,3.5,E,20,39700000
"'Chunikhel, K'",3.5,6,3.5,E,13,32500000
"'Chunikhel, K'",4,6,3.5,NW,13,43500000
"'Chapali, K'",6,6,3.5,W,13,53000000
"'Balkot, B'",5,6,3.5,S,13,37000000
"'Imadol, L'",4,6,3.5,NE,14,46000000
"'Imadol, L'",4.5,6,3.5,NE,15,49500000
"'Imadol, L'",4,5,3.5,NE,15,45500000
"'Tikathali, L'",3.1,6,3.5,NE,13,26500000
"'Tikathali, L'",3.5,6,3.5,S,13,27500000
"'Imadol, L'",3,9,3.5,S,13,31500000
"'Baluwapati, K'",4.2,8,3.5,S,13,34000000
"'Gairigaun, K'",4,6,3.5,E,13,32000000
"'Sitapaila, K'",4,5,3.5,N,26,25000000
"'Sanagaun, L'",4.75,3,3.5,S,13,37500000
"'Ekantakuna, L'",6,6,3.5,W,20,39000000
"'Imadol, L'",3,5,3.5,S,13,28000000
"'Imadol, L'",3,6,3.5,S,11,29000000
"'Kapan, K'",3.2,5,3.5,W,13,32000000
"'Payutar, K'",4,6,3.5,NW,10,40000000
"'Kapan, K'",4,6,3.5,N,13,32000000
"'Baluwatar, K'",3,7,3.5,E,15,33000000
"'Matatirtha, K'",6.1,7,3.5,E,22,33000000
"'Ganeshthan, K'",4,8,3.5,E,8,28000000
"'New Baneshwor, K'",8.15,11,3.5,W,16,95000000
"'Imadol, L'",3.75,6,3.5,W,13,33500000
"'Bhangal, K'",5.5,4,3.5,NE,13,50000000
"'Bhaisepati, L'",4.3,6,3.5,SE,20,39000000
"'Imadol, L'",4.1,7,3.5,E,13,38000000
"'Imadol, L'",3.2,8,3.5,E,13,32500000
"'Kumaripati, L'",4.2,8,3.5,SW,8,32500000
"'Sital Height, L'",3.2,5,3.5,N,13,29000000
"'Sanobharyang, K'",4.1,6,3.5,SW,14,39000000
"'Naxal, K'",8,7,3.5,E,13,100000000
"'Dibyeshwori, B'",3.1,7,3.5,W,20,32500000
"'Shantinagar, K'",5.5,9,3.5,E,20,60000000
"'Balkot, B'",5,9,3.5,SE,20,37500000
"'Kapan, K'",3,7,3.5,SE,13,24500000
"'Imadol, L'",4.2,7,3.5,E,20,44000000
"'Naikap, K'",3,7,3.5,E,13,25500000
"'Bhaisepati, L'",4.2,8,3.5,E,13,32000000
"'Imadol, L'",4.2,8,3.5,S,13,28900000
"'Manmaiju, K'",3.2,7,3.5,S,16,26500000
"'Thulobharyang, K'",5.5,8,3.5,NE,11,50000000
"'Baneshwor, K'",4,5,3.5,S,14,44000000
"'Tikathali, L'",4,3,3.5,E,14,32500000
"'Imadol, L'",4,5,3.5,SW,13,37500000
"'Guheshwori, K'",2.04,5,3.5,N,13,28000000
"'Kapan, K'",4.5,6,3.5,E,13,35000000
"'Dadhikot, B'",4.75,7,3.5,E,13,32000000
"'Tangal, K'",7.2,5,3.5,N,16,65000000
"'Sukedhara, K'",2.5,3,3.5,S,20,25000000
"'Imadol, L'",4,7,3.5,E,16,32500000
"'Gyaneshwor, K'",6,6,3.5,S,14,57000000
"'Imadol, L'",4,7,3.5,N,18,39500000
"'Bhangal, K'",3.5,4,3.5,SW,13,25000000
"'Balaju, K'",2.3,3,3.5,W,14,30000000
"'kalanki, K'",2.5,3,3.5,SE,13,32000000
"'Shantinagar, K'",3,6,4,S,10,42500000
"'Imadol, L'",4,5,4,N,13,39000000
"'Imadol, L'",6.3,6,4,N,13,38000000
"'Imadol, L'",3.1,8,4,E,13,25000000
"'Gatthaghar, B'",3.5,14,4,NW,13,25000000
"'Chunikhel, K'",4.2,6,4,NE,13,45000000
"'Kusunti, L'",8,6,4,E,26,48000000
"'Gatthaghar, B'",3,8,4,E,13,36000000
"'Dhumbarahi, K'",6,9,4,S,11,70000000
"'Sanagaun, L'",3.1,5,4,S,13,27000000
"'Imadol, L'",5,2,4,E,26,72500000
"'Sukedhara, K'",4,4,4,E,20,47500000
"'Gatthaghar, B'",3.2,8,4,E,14,32000000
"'Shantinagar, K'",4,11,4,S,10,42500000
"'Shantinagar, K'",5,20,4,E,20,55000000
"'Imadol, L'",3.3,8,4,NE,13,36500000
"'Imadol, L'",4,7,4,W,13,21500000
"'Baniyatar, K'",4.1,9,4,E,13,38000000
"'Baniyatar, K'",4,7,4,W,13,30000000
"'Pahelopul, K'",4,13,4.5,S,20,38500000
"'Kalanki, K'",6,10,4.5,S,13,42500000
"'Kapan, K'",5,6,4.5,SE,13,38000000
"'Manohara, B'",4.3,4,4.5,E,20,42000000
"'Sitapaila, K'",4,3,4.5,S,16,45000000
"'Satdobato, L'",8,10,5,SE,13,110000000
"'Shantinagar, K'",6,28,5,E,20,65000000
"'Chabahil, K'",5,19,5,E,24,60000000
"'Sukedhara, K'",5.48,6,2.5,N,12,42500000
"'Kuleshwor, K'",8.5,7,3,W,16,80000000
"'Sitapaila, K'",3,5,3,E,13,28000000
"'Sitapaila, K'",3.5,6,2.5,E,13,25000000
"'Kalanki, K'",3,5,2.5,E,13,28000000
"'Swayambhu, K'",5.25,13,4,N,13,80000000
"'Kalanki, K'",10,7,3.5,E,13,60000000
"'Bhaisepati, L'",4.43,4,2.5,SE,20,41500000
"'Dhapasi, K'",8,5,2.5,E,13,75500000
"'Sunakothi, L'",3.75,5,2.5,NE,13,37500000
"'Sunakothi, L'",3.12,4,2.5,SE,13,31500000
"'Mulpani, K'",3,7,3.5,SE,13,23500000
"'Kapan, K'",4,6,2.5,SE,14,37500000
"'Tikathali, L'",3.25,5,3,N,13,33500000
"'Bhangal, K'",4.06,6,2.5,NE,13,34500000
"'Naxal, K'",7.75,10,3.5,SW,21,58000000
"'Tahachal, K'",2.75,3,2.5,E,11,21000000
"'Budhanilkantha, K'",4,6,2.5,SW,13,29500000
"'Dallu, K'",6,17,3.5,N,14,45000000
"'Naikap, K'",3,7,3.5,E,13,23000000
"'Baluwatar, K'",7.75,10,2.5,S,20,11000000
"'Tikathali, L'",3.37,6,3,W,14,27500000
"'Golfutar, K'",4.5,8,2.5,SE,13,35000000
"'Imadol, L'",2.5,5,2.5,W,13,21000000
"'Battisputali, K'",4.75,12,3,E,19,69000000
"'Tikathali, L'",4,6,3,NE,13,42500000
"'Tikathali, L'",4,6,3,SE,13,45000000
"'Budhanilkantha, K'",9.5,6,2.5,NE,13,107500000
"'Newroad, K'",1,9,4.5,N,12,35000000
"'Dhumbarahi, K'",3.5,6,2.5,S,11,25000000
"'Guheshwori, K'",4,4,2.5,SW,12,30000000
"'Mahankal, K'",3.5,9,4,NE,15,33000000
"'Tokha, K'",3.37,6,3.5,E,13,28500000
"'Jorpati, K'",3,3,3.5,W,13,29000000
"'Mulpani, K'",5,4,2.5,NW,20,50000000
"'Bafal, K'",9,11,3.5,N,13,100000000
"'Ravi Bhawan, K'",3.75,6,2.2,SE,4,22000000
"'Syuchatar, K'",4,6,2.5,NE,10,27500000
"'Old Baneshwor, K'",7.75,14,5,E,26,110000000
"'Tokha, K'",6,5,4,E,26,52500000
"'Tokha, K'",3,5,2.5,NE,10,27000000
"'Imadol, L'",4.5,6,3,NE,13,47500000
"'Imadol, L'",3,6,3.5,NW,13,27500000
"'Imadol, L'",3.75,7,2.5,NE,13,29500000
"'New Baneshwor, K'",3.5,6,2.25,E,10,36000000
"'Maharajgunj, K'",11,6,2.5,W,12,115000000
"'Sipadol, B'",3,5,2.5,S,13,16500000
"'Hadigaun, K'",14,11,4.5,W,24,11000000
"'Gyaneshwor, K'",10,5,2.5,S,16,140000000
"'Mandikatar, K'",3,5,2.5,SE,13,26000000
"'Tikathali, L'",3.75,6,3.5,S,13,31000000
"'Tokha, K'",3.5,6,2.5,SE,10,25000000
"'Lubhu, L'",2.75,4,2.5,W,10,18000000
"'Changathali, L'",5.5,7,2.5,NE,13,28000000
"'Sudal, B'",4,2,1,S,13,13500000
"'Chabahil, K'",15,10,3.5,E,14,140000000
"'Boudha, K'",6,7,2.5,E,14,50000000
"'Kapan, K'",3,3,1.5,S,13,16500000
"'Tokha, K'",3.62,5,2.5,S,10,48000000
"'Imadol, L'",3,5,2.5,W,16,27000000
"'Tikathali, L'",3.75,2,1,NE,13,18500000
"'Tikathali, L'",9.25,6,3.5,W,16,97500000
"'Chandol, K'",6.5,4,2.5,W,12,82500000
"'Tikathali, L'",3.5,7,3,SW,13,28000000
"'Bhangal, K'",3.45,9,2.5,W,20,21000000
"'Lubhu, L'",2.75,3,1,S,13,12000000
"'Lubhu, L'",2.91,6,3,S,13,20000000
"'Balkot, B'",11.5,7,3,NE,24,85000000
"'Makalbari, K'",3.5,4,2.5,NE,16,27500000
"'Tikathali, L'",3,8,3,S,13,31000000
"'Samakhusi, K'",9.5,7,3.5,E,14,74500000
"'Machapokhari, K'",3.5,11,3,S,10,27000000
"'Tikathali, L'",3.25,5,3,S,13,33500000
"'Budhanilkantha, K'",3,2,1,SW,13,17500000
"'Budhanilkantha, K'",32,4,2.5,E,13,225000000
"'Bhaisepati, L'",2.5,3,2.5,W,13,25000000
"'Bhaisepati, L'",3.5,3,2.5,W,13,25000000
"'Bode, B'",4,4,2,S,13,16500000
"'Lubhu, L'",3.75,4,3,SE,13,29900000
"'Budhanilkantha, K'",6,6,2.5,E,14,57500000
"'Tokha, K'",3,5,2.5,W,13,31500000
"'Old Baneshwor, K'",2.75,8,3.5,W,20,35000000
"'Golfutar, K'",8.5,8,2.5,SW,13,59500000
"'Sanothimi, B'",5,6,3,S,13,39900000
"'Tikathali, L'",2.75,7,2.5,NE,13,21500000
"'Balkhu, K'",13.93,4,2.5,N,100,139075000
"'Basantapur, K'",1.87,3,4.5,N,15,35000000
"'Sukedhara, K'",2.68,13,5,E,32,63000000
"'Dhumbarahi, K'",4,12,5,N,13,47800000
"'Sukedhara, K'",5,5,2.5,SW,18,55000000
"'Kharipati, B'",3.87,3,2,S,20,17500000
"'Kapan, K'",3.5,14,4,NE,26,40000000
"'Suryabinayak, B'",5,6,3.5,W,13,35000000
"'Suryabinayak, B'",8.31,5,2,NW,40,41500000
"'Budhanilkantha, K'",7,5,3,SE,13,36000000
"'Suryabinayak, B'",4,6,2.5,S,13,24000000
"'Bhaisepati, L'",13,4,2.5,E,20,104500000
"'Tokha, K'",8.5,20,5,E,13,65000000
"'Bhangal, K'",4,6,2.5,W,13,37500000
"'Lubhu, L'",2.75,2,1,W,13,16000000
"'Tikathali, L'",3.5,7,3.5,E,13,29000000
"'Lubhu, L'",2.5,4,2.5,W,13,17000000
"'Tikathali, L'",4,8,3.5,S,13,32500000
"'Kapan, K'",4,7,3.5,E,13,46000000
"'Swayambhu, K'",4.5,7,3,NE,13,33000000
"'Kuleshwor, K'",10.5,4,2.5,W,10,80000000
"'Imadol, L'",3.75,6,3,NE,16,41000000
"'Tinkune, K'",8.5,13,3.5,E,13,78000000
"'Tokha, K'",4,7,2.5,E,13,35000000
"'Imadol, L'",3.5,5,3,NW,13,38000000
"'Imadol, L'",3.75,6,3,SE,13,43000000
"'Imadol, L'",3.25,5,3,SE,20,32500000
"'Tikathali, L'",3.25,7,2.5,W,20,26000000
"'Budhanilkantha, K'",6.25,6,2.5,SE,13,58500000
"'Budhanilkantha, K'",4,6,2.5,W,13,36000000
"'Budhanilkantha, K'",9,8,2.5,SE,26,75000000
"'Imadol, L'",3,5,2.5,SE,13,27500000
"'Budhanilkantha, K'",5,6,2.5,NE,20,42500000
"'Budhanilkantha, K'",3.5,7,2.5,E,13,31000000
"'Budhanilkantha, K'",4.06,4,2.5,W,20,46000000
"'Kapan, K'",4,2,1,E,13,18500000
"'Maharajgunj, K'",4.5,6,2.5,S,12,55000000
"'Sitapaila, K'",4,4,2.5,SE,13,32500000
"'Tikathali, L'",3.06,5,2.5,SW,13,25000000
"'Budhanilkantha, K'",4,4,2,NE,14,39000000
"'Mulpani, K'",3,6,2.5,S,13,25500000
"'Dhaneshwor, K'",3.5,6,2.5,SW,10,25000000
"'Bafal, K'",4.25,6,2.5,E,13,32500000
"'Budhanilkantha, K'",3.5,6,2.5,W,13,35000000
"'Kapan, K'",3,8,2.5,SE,13,19000000
"'Gothatar, K'",4,6,2.5,SE,20,33000000
"'Mulpani, K'",3.5,6,3,S,13,27000000
"'Kalanki, K'",3,4,2.5,S,13,26500000
"'Dholahiti, L'",10,4,2.5,SE,20,82500000
"'Ramkot, K'",3.5,3,2,NE,15,20500000
"'Dallu, K'",3.75,8,5.5,E,22,58000000
"'Gothatar, K'",5.25,2,1,E,13,19000000
"'Basundhara, K'",3.93,5,2.5,W,13,37500000
"'Boudha, K'",2.5,15,5,S,11,17000000
"'Tripureshwor, K'",1.75,10,5.5,S,32,40000000
"'Koteshwor, K'",3.5,13,4.5,W,16,35000000
"'Koteshwor, K'",4,10,4.5,E,16,45000000
"'Budhanilkantha, K'",6,5,2.5,SW,13,56500000
"'Jorpati, K'",3.5,8,3.5,E,22,32500000
"'Mulpani, K'",8,7,2.5,E,20,40000000
"'Baluwatar, K'",2.5,4,2.5,W,30,29500000
"'Dhapasi, K'",13,4,2,S,14,91000000
"'Budhanilkantha, K'",4.5,6,2.5,E,13,43000000
"'Imadol, L'",4.31,6,2.5,E,13,30000000
"'Radhe Radhe, B'",5.37,7,3.5,SW,20,39000000
"'Madhyapur Thimi, B'",3.25,4,2.5,SW,20,23500000
"'Sallaghari, B'",3.75,13,3.5,SE,20,30000000
"'Sanothimi, B'",3,5,3,N,20,29000000
"'Nayabazar, K'",4.62,7,3.5,E,20,49000000
"'Battisputali, K'",3.93,5,2.5,E,14,40000000
"'Budhanilkantha, K'",24,10,2.5,NE,13,140000000
"'Budhanilkantha, K'",3,5,2.5,S,13,28500000
"'Tokha, K'",6,8,2.5,W,16,57000000
"'Pepsicola, K'",3.87,6,3,W,20,29500000
"'Tikathali, L'",2.93,2,1,S,13,16000000
"'Tikathali, L'",3.5,8,2.5,N,13,28000000
"'Tokha, K'",8.75,3,2.5,SE,14,52500000
"'Chandol, K'",5.75,4,2,E,8,46000000
"'Duwakot, B'",5,6,3.5,NW,20,31000000
"'Tikathali, L'",4.5,5,2.5,S,13,45000000
"'Imadol, L'",4.5,6,3,SE,13,48000000
"'Kalanki, K'",3.5,11,4.5,S,13,41000000
"'Sanepa, L'",3,6,2.5,S,13,36000000
"'Sudal, B'",3,8,2.5,NW,13,19000000
"'Koteshwor, K'",3.93,8,4.5,W,13,45000000
"'Hattigauda, K'",2.5,5,2.5,E,20,25000000
"'Syuchatar, K'",3.5,5,3.5,N,13,28500000
"'Syuchatar, K'",3,5,3.5,SE,13,28000000
"'Balkot, B'",13,6,2.5,SW,20,70000000
"'Koteshwor, K'",2.5,4,2.5,W,20,26500000
"'Imadol, L'",3.5,5,3,SE,13,29800000
"'Budhanilkantha, K'",5,4,2.5,E,13,45000000
"'Sanogaun, L'",2.5,5,2.5,S,8,17500000
"'Mandikatar, K'",3,3,1.5,W,4,14000000
"'Chunikhel, K'",2.87,5,2.5,SW,12,23000000
"'Sanogaun, L'",4.25,5,3,SE,24,30000000
"'Dallu, K'",6.62,7,2.5,SE,8,39500000
"'Jadibuti, K'",5,8,3.5,E,20,39000000
"'Harisiddhi, L'",16,3,2.5,S,13,75000000
"'Budhanilkantha, K'",5,4,2.5,SE,20,42500000
"'Chundevi, K'",6.25,5,2.5,E,20,59000000
"'Godawari, L'",5,5,2.5,SE,20,33000000
"'Sirutar, B'",3,4,2.5,SE,13,23000000
"'Balkot, B'",8,7,3.5,NE,16,55000000
"'Mulpani, K'",6,5,2.5,E,26,65000000
"'Palase, B'",8.31,5,2,NW,40,41500000
"'Boudha, K'",8.5,7,2.5,E,13,75000000
"'Swayambhu, K'",3,6,4.5,E,13,29000000
"'Thulobharyang, K'",3,3,3.5,N,20,42500000
"'Lubhu, L'",14,16,2.5,N,20,57400000
"'Budhanilkantha, K'",3.25,4,2.5,N,13,28500000
"'Sukedhara, K'",3.25,7,3,W,11,25000000
"'Bhaisepati, L'",4.25,4,2.5,SW,13,40000000
"'Guheshwori, K'",3,12,4,N,13,25000000
"'Jorpati, K'",3,8,3,S,13,21500000
"'Kapan, K'",3.37,5,2.5,SE,13,39500000
"'Kapan, K'",2.5,8,3.5,NW,22,20000000
"'Kapan, K'",4.87,6,2.5,W,13,37500000
"'Ghattekulo, K'",3.25,13,4.5,E,13,38000000
"'Kapan, K'",4.87,2,1,SW,13,19000000
"'Tikathali, L'",3,2,1,SE,13,15500000
"'Baneshwor, K'",6.5,5,2.5,S,10,61000000
"'Budhanilkantha, K'",4,6,2.5,E,13,34000000
"'Buddhanagar, K'",3.56,7,3.5,SE,12,45000000
"'Thecho, L'",4,4,2.5,E,20,36500000
"'Basundhara, K'",6,4,3,W,20,60000000
"'Tokha, K'",3.5,6,2.5,SE,13,27500000
"'Bhaisepati, L'",4.5,4,2.5,NW,13,40000000
"'Teku, K'",1.37,8,7,NE,5,31000000
"'Koteshwor, K'",6,22,4,W,13,75000000
"'Godawari, L'",6.5,7,2.5,N,20,32000000
"'Budhanilkantha, K'",4.5,6,2.5,NW,13,43000000
"'Budhanilkantha, K'",4.5,6,2,N,15,43500000
"'Pasikot, K'",3,3,2.5,NE,13,30000000
"'Budhanilkantha, K'",7,6,3,W,13,59000000
"'Pasikot, K'",5,6,2.5,NE,13,36000000
"'Hattigauda, K'",8,8,2.5,E,13,35000000
"'Imadol, L'",4.25,7,3.5,NW,16,39500000
"'Sanothimi, B'",3.75,3,2,NE,13,22000000
"'Maharajgunj, K'",9,10,3.5,E,12,85000000
"'Samakhusi, K'",3,12,3.5,NE,13,27000000
"'Dillibazar, K'",6,12,3,E,8,72500000
"'Kirtipur, K'",5,5,2,N,13,38500000
"'Tikathali, L'",3.5,6,2.5,SE,13,31000000
"'Kalanki, K'",4,10,3,S,26,37500000
"'TIkathali, L'",3,6,2.5,NE,13,23000000
"'Battisputali, K'",5,9,3.5,SW,13,42000000
"'Tokha, K'",2.5,3,2.5,E,13,18000000
"'Kadaghari, K'",3,3,3,SW,13,22000000
"'Godawari, L'",4.5,6,3,NW,20,27000000
"'Sanepa, L'",10.5,5,2.5,S,18,85000000
"'Baghbazzar, K'",3.5,6,2,N,6,45000000
"'Budhanilkantha, K'",3.5,3,2.5,W,13,22500000
"'Budhanilkantha, K'",3.5,5,2.5,E,13,27500000
"'Kapan, K'",4.5,6,3,NE,13,40000000
"'Balkot, B'",5,2,1,E,20,30000000
"'Kapan, K'",3,5,2.5,SW,24,28500000
"'Maitidevi, K'",1.75,8,3.5,SE,12,19000000
"'Narephant, K'",2.5,6,2.5,SW,20,28000000
"'Budhanilkantha, K'",3.25,6,2,E,13,28000000
"'Suryabinayak, B'",2.81,11,3.5,S,13,17500000
"'Budhanilkantha, K'",8,4,2.5,NE,13,48000000
"'Budhanilkantha, K'",4.5,3,2.5,W,16,46000000
"'Chabahil, K'",16,3,2,SW,16,125000000
"'Imadol, L'",3.5,10,2.5,S,13,25500000
"'Imadol, L'",3,4,2.5,NW,13,23500000
"'Dadhikot, B'",3.5,6,2.5,W,13,25000000
"'Kalopul, K'",7.06,21,3.5,E,26,61000000
"'Budhanilkantha, K'",5.5,5,2.5,W,13,49000000
"'Lubhu, L'",3.31,2,1,NE,13,16500000
"'Imadol, L'",3.75,5,2,SW,13,29400000
"'Thamel, K'",3.5,9,4.5,W,20,70000000
"'Jorpati, K'",2,15,5,S,12,17000000
"'Budhanilkantha, K'",21,6,2.5,NE,13,150000000
"'Ason, K'",1,7,7,W,8,40000000
"'Baluwatar, K'",15,4,2.5,N,10,120000000
"'Dallu, K'",5.75,13,3.5,S,6,29800000
"'Dallu, K'",2,16,5,SW,5,30000000
"'Taukhel, L'",4.75,4,2.5,S,20,29500000
"'Kapan, K'",4.5,7,3.5,SE,20,42500000
"'Budhanilkantha, K'",5,4,2.5,N,13,48000000
"'Tokha, K'",3,5,2.5,N,13,23000000
"'Lamatar, L'",26,8,3,S,20,80600000
"'Budhanilkantha, K'",5,6,2.5,NE,13,28000000
"'Harisiddhi, L'",3,4,2.5,N,18,28000000
"'Mid Baneshwor, K'",3.62,9,3,W,10,40000000
"'Kapan, K'",8,5,3.5,SE,13,75000000
"'Gokarneshwor, K'",3.5,6,2.5,SW,13,25000000
"'Bhangal, K'",4.5,4,2.5,E,13,42500000
"'Tarkeshwor, K'",6.31,31.5,1.5,S,13,25000000
"'Tikathali, L'",3,6,2.5,SW,13,21500000
"'Imadol, L'",5.5,6,3,E,13,51500000
"'Imadol, L'",3,5,3.5,NE,16,38000000
"'Imadol, L'",4,5,3,E,13,37500000
"'Imadol, L'",5.37,6,2.5,SW,20,44500000
"'Old Baneshwor, K'",7.76,4,2,S,10,70000000
"'Imadol, L'",3.25,5,3,E,15,30000000
"'Baluwatar, K'",6,4,2.5,W,15,72500000
"'Thamel, K'",0.75,5,5,W,16,19000000
"'Tikathali, L'",4,7,3.5,NE,22,27500000
"'Thimi, B'",5,6,2.5,E,10,34500000
"'Kapan, K'",3,5,2.5,SW,13,18500000
"'Budhanilkantha, K'",3.93,6,2.5,N,13,34000000
"'Budhanilkantha, K'",4.25,6,2.5,N,13,39000000
"'Banasthali, K'",8.5,6,2.5,SE,13,85000000
"'Imadol, L'",2.75,9,3,SW,13,23000000
"'Tarkeshwor, K'",6,3,2,W,22,25500000
"'Jorpati, K'",3,7,2.5,NW,10,22000000
"'Tikathali, L'",4,6,3,SE,20,37500000
"'Dhapakhel, L'",5.5,5,2.5,W,20,33000000
"'Dhapakhel, L'",3.5,7,2.5,NE,14,18000000
"'Dhapakhel, L'",3.5,7,2.5,NE,14,19000000
"'Jorpati, K'",3.5,5,2.5,E,10,22500000
"'Koteshwor, K'",5.13,10,4.5,NE,20,67500000
"'Tarkeshwor, K'",4.06,2,1,SE,13,17000000
"'Banasthali, K'",4,6,3.5,SE,13,41000000
"'Maitidevi, K'",3.5,20,5.5,S,23,41000000
"'Bhangal, K'",3.75,7,2.5,NE,13,36000000
"'Kapan, K'",11.5,10,4,E,20,58000000
"'Bhangal, K'",4.5,6,3,E,13,31000000
"'Bhangal, K'",4,6,2.5,W,13,33000000
"'Suryabinayak, B'",3.25,3,2.5,SW,13,21000000
"'Patan, L'",1.25,8,4.5,E,13,28000000
"'Samakhusi, K'",5,3,2.5,S,12,55100000
"'Syuchatar, K'",4.5,11,3.5,W,13,35000000
"'Tahachal, K'",4.5,16,3.5,S,10,50000000
"'Bhotebahal, K'",1,9,4.5,NE,12,35000000
"'Kumarigal, K'",4,4,2.5,SW,12,30000000
"'Jorpati, K'",3,6,3.5,W,13,29000000
"'Tokha, K'",3.5,6,2.5,SW,10,25000000
"'Samakhusi, K'",6,9,3.5,S,13,49500000
"'Baneshwor, K'",16,3,2.5,N,10,123200000
"'Bishalnagar, K'",6.5,4,2.5,W,12,82500000
"'Sankhapark, K'",4.9,13,3.5,W,16,40000000
"'Sukedhara, K'",3.5,7,3,E,12,28000000
"'Gumba, K'",4,2,1,E,13,18500000
"'Thimi, B'",3.75,6,2.5,W,13,25000000
"'Suryabinayak, B'",1,7,2.5,N,13,18000000
"'Suryabinayak, B'",4,12,3.5,SE,18,25000000
"'Biruwa, B'",4.5,4,2.5,N,18,13500000
"'Jhaukhel, B'",3.5,2,1,W,10,12000000
"'SanoThimi, B'",7,5,3.5,E,13,65000000
"'Radhe Radhe, B'",4,5,2,SE,20,26000000
"'Suryabinayak, B'",3.62,1,1,N,13,16500000
"'Suryabinayak, B'",5.5,6,3.5,NE,15,30000000
"'Duwakot, B'",5.06,11,4.5,SE,20,19800000
"'Suryabinayak, B'",3.5,8,3,NW,13,24000000
"'Gundu, B'",3.5,4,2,S,26,11500000
"'Gamcha, B'",5,6,3,NE,13,30000000
"'Changunarayan, B'",6.25,3,1,N,4,12000000
"'Changunarayan, B'",2,5,3.5,S,4,7000000
"'Radhe Radhe, B'",2.5,9,2.5,NW,13,15500000
"'Radhe Radhe, B'",2.65,7,4.5,N,35,23500000
"'Sirutar, B'",3.06,4,2.5,E,13,22000000
"'SanoThimi, B'",3.4,6,3,N,13,31500000
"'Kaushaltar, B'",3.3,7,3.5,NW,20,24000000
"'Radhe Radhe, B'",3.35,6,2.5,W,20,32000000
"'Changunarayan, B'",2.6,7,3.5,N,8,18500000
"'Balkot, B'",3.5,5,2.5,NE,12,28000000
"'Gatthaghar, B'",3.45,3,2.5,W,14,21500000
"'Gundu, B'",4.75,7,2.5,W,20,20000000
"'Duwakot, B'",4.25,5,2.5,N,16,26000000
"'Balkot, B'",6.31,4,2.5,NW,20,42500000
"'Lokanthali, B'",3.5,6,4.5,S,20,45000000
"'Thimi, B'",4,5,2.5,W,30,26500000
"'Nekosera, B'",4.33,5,2.5,E,20,46500000
"'SanoThimi, B'",4.3,8,3.5,SW,10,33000000
"'Radhe Radhe, B'",3.2,4,4.5,SE,26,37000000
"'Lamatar, L'",5.5,3,2,SE,24,19500000
"'Nakhipot, L'",4,7,2.5,SE,12,27000000
"'Tikathali, L'",3.5,6,3,N,13,34000000
"'Imadol, L'",3.5,6,3.5,E,13,33000000
"'Sandol, L'",2.75,4,2.5,W,10,18000000
"'Sanagaun, L'",3.5,10,2.5,S,13,25500000
"'Sanagaun, L'",3,4,2.5,NW,13,23500000
"'Tikathali, L'",3.75,5,2.5,SW,13,29400000
"'Tikathali, L'",3.06,2,1,NE,13,14000000
"'Godawari, L'",6.25,6,2.5,E,13,19000000
"'Godawari, L'",4.75,4,2.5,S,20,29500000
"'Bojepokhari, L'",3.25,6,3,E,12,27500000
"'Godawari, L'",4.31,5,2.5,SW,20,14000000
"'Basukibasti, L'",5.5,12,3.5,SE,13,39500000
"'Patan, L'",4,13,4,NE,20,40000000
"'Thecho, L'",3.5,5,2.5,N,12,25000000
"'Bojepokhari, L'",4.5,9,3.5,NW,13,39000000
"'Bhaisepati, L'",4.5,4,2.5,S,13,45000000
"'Bagdol, L'",5,4,2.5,NW,10,31500000
"'Bhaisepati, L'",4,4,3,SE,18,45500000
"'Lubhu, L'",2.812,5,2.5,SW,13,18000000
"'Sanogaun, L'",5.25,6,3,SE,20,48500000
"'Bhaisepati, L'",3,4,3.5,N,10,31000000
"'Sitapakha, L'",4,7,2.5,NE,13,30000000
"'Bhaisepati, L'",4,4,2.5,E,20,42500000
"'Bhaisepati, L'",4.687,4,2.5,S,20,45000000
"'Nakhipot, L'",4,4,3,NE,20,30000000
"'Dhapakhel, L'",2.9,4,2.5,W,10,28000000
"'Sanepa, L'",5,6,3,N,13,58000000
"'Satdobato, L'",3.3,8,2.5,E,10,20000000
"'Satdobato, L'",4.3,8,3,E,9,36000000
"'Sunakothi, L'",5,6,3,E,20,47000000
"'Sainbu, L'",3.75,5,2.5,W,13,27500000
"'Tokha, K'",4,7,2.5,W,13,35000000
"'Tarkeshwor, K'",3.5,6,3,SE,13,23500000
"'Tarkeshwor, K'",4,5,2,NW,16,18000000
"'Tarkeshwor, K'",3.25,2,1,E,16,16000000
"'Tokha, K'",3.5,5,2.5,E,13,20000000
"'Tokha, K'",2.5,5,2.5,NW,13,25500000
"'Tokha, K'",3.5,6,2.5,SE,13,24000000
"'Tokha, K'",3,5,3,S,13,28000000
"'Tokha, K'",6,4,2.5,N,12,16000000
"'Tokha, K'",4,5,2.5,SE,26,37000000
