Location,District,District_PriceCode,Area,Area_PriceCode,Land Area,Bedrooms,Road Access,Facing,Facing_PriceCode,Price
"'Hattigauda, K'",K,42844536.71,Hattigauda,44666666.67,4,2,13,E,41179677.42,19000000
"'Jorpati, K'",K,42844536.71,Jorpati,27136363.64,5.3,2,13,S,35650000,30000000
"'Sanagaun, L'",L,35415524.19,Sanagaun,26283333.33,3,2,13,E,41179677.42,14000000
"'Sallaghari, B'",B,30804807.69,Sallaghari,23000000,3.5,2,13,E,41179677.42,17000000
"'Budhanilkantha, K'",K,42844536.71,Budhanilkantha,53966666.67,9,1,20,E,41179677.42,85000000
"'Indrayani, K'",K,42844536.71,Indrayani,11500000,3,2,20,E,41179677.42,11500000
"'Imadol, L'",L,35415524.19,Imadol,35386263.73,5,1,13,NE,39629508.2,45000000
"'Bhangal, K'",K,42844536.71,Bhangal,36653846.15,7,1,10,S,35650000,35000000
"'Bhaisepati, L'",L,35415524.19,Bhaisepati,48360000,13,1,16,S,35650000,135000000
"'Bhaisepati, L'",L,35415524.19,Bhaisepati,48360000,22,1,13,E,41179677.42,187000000
"'Ghatta Chowk, K'",K,42844536.71,Ghatta Chowk,16000000,3,2,12,NE,39629508.2,16000000
"'Nakkhu, L'",L,35415524.19,Nakkhu,35566666.67,11,2,13,NE,39629508.2,40700000
"'Tikathali, L'",L,35415524.19,Tikathali,28933333.33,3,2,10,S,35650000,17500000
"'Gothatar, K'",K,42844536.71,Gothatar,24946666.67,3,2,13,E,41179677.42,17500000
"'Gothatar, K'",K,42844536.71,Gothatar,24946666.67,3,2,13,S,35650000,15500000
"'Ganesh mandir, B'",B,30804807.69,Ganesh Mandir,11000000,2.5,2,13,E,41179677.42,11000000
"'Goldhunga, K'",K,42844536.71,Goldhunga,22375000,3,2,13,E,41179677.42,10500000
"'Tikathali, L'",L,35415524.19,Tikathali,28933333.33,3,2,13,SW,40332835.82,14500000
"'Bhaisepati, L'",L,35415524.19,Bhaisepati,48360000,4,3,13,NE,39629508.2,36500000
"'Mulpani, K'",K,42844536.71,Mulpani,32722222.22,3.1,2,13,N,38826844.25,17500000
"'Tikathali, L'",L,35415524.19,Tikathali,28933333.33,3,3,13,W,36390395.48,16000000
"'Lubhu, L'",L,35415524.19,Lubhu,21756521.74,3,1,13,E,41179677.42,15500000
"'Lubhu, L'",L,35415524.19,Lubhu,21756521.74,3,2,13,S,35650000,14500000
"'Imadol, L'",L,35415524.19,Imadol,35386263.73,3.5,6,13,E,41179677.42,35000000
"'Kavresthali, K'",K,42844536.71,Kavresthali,14000000,4,2,10,NE,39629508.2,14000000
"'New baneshwor, K'",K,42844536.71,New Baneshwor,65750000,10,4,13,SW,40332835.82,105000000
"'Khumaltar, L'",L,35415524.19,Khumaltar,44285714.29,4.2,6,13,W,36390395.48,41500000
"'Imadol, L'",L,35415524.19,Imadol,35386263.73,3.1,4,13,W,36390395.48,24500000
"'Imadol, L'",L,35415524.19,Imadol,35386263.73,8.1,5,13,N,38826844.25,33500000
"'Bhaisepati, L'",L,35415524.19,Bhaisepati,48360000,5,4,14,NE,39629508.2,45000000
"'Ganesh chowk, K'",K,42844536.71,Ganesh Chowk,40687500,4.2,6,13,W,36390395.48,38000000
"'Ganesh chowk, K'",K,42844536.71,Ganesh Chowk,40687500,5,5,13,W,36390395.48,43000000
"'Ganesh chowk, K'",K,42844536.71,Ganesh Chowk,40687500,4.3,7,14,E,41179677.42,46000000
"'Kupondole, L'",L,35415524.19,Kupondole,39500000,3,3,18,E,41179677.42,39500000
"'Balkot, B'",B,30804807.69,Balkot,39574074.07,5.2,3,24,N,38826844.25,53000000
"'Tikathali, L'",L,35415524.19,Tikathali,28933333.33,3,4,13,S,35650000,21500000
"'Imadol, L'",L,35415524.19,Imadol,35386263.73,3.3,5,13,S,35650000,35500000
"'Imadol, L'",L,35415524.19,Imadol,35386263.73,2.2,2,13,W,36390395.48,14500000
"'Imadol, L'",L,35415524.19,Imadol,35386263.73,3.2,5,16,S,35650000,26500000
"'Imadol, L'",L,35415524.19,Imadol,35386263.73,4,5,13,SE,41607843.14,39500000
"'Dhunge Shaghu, L'",L,35415524.19,Dhunge Shaghu,17500000,2.3,2,13,N,38826844.25,17500000
"'Imadol, L'",L,35415524.19,Imadol,35386263.73,2.2,4,13,N,38826844.25,22000000
"'Harisiddhi, L'",L,35415524.19,Harisiddhi,34035714.29,4,7,13,E,41179677.42,29500000
"'Tikathali, L'",L,35415524.19,Tikathali,28933333.33,3.2,2,13,E,41179677.42,17000000
"'Chunikhel, K'",K,42844536.71,Chunikhel,34472727.27,3.2,2,14,N,38826844.25,19500000
"'Chundevi, K'",K,42844536.71,Chundevi,57000000,5.2,4,12,SE,41607843.14,55000000
"'Pasikot, K'",K,42844536.71,Pasikot,51625000,15,5,15,NE,39629508.2,100000000
"'Naxal, K'",K,42844536.71,Naxal,73500000,10,5,14,E,41179677.42,80000000
"'Hepali, K'",K,42844536.71,Hepali,72000000,8,5,20,SW,40332835.82,72000000
"'Sukedhara, K'",K,42844536.71,Sukedhara,46750000,12,5,14,E,41179677.42,115000000
"'Rudreshwor, K'",K,42844536.71,Rudreshwor,81250000,7,4,13,E,41179677.42,50000000
"'Bhangal, K'",K,42844536.71,Bhangal,36653846.15,3.3,5,13,E,41179677.42,33000000
"'Rudreshwor, K'",K,42844536.71,Rudreshwor,81250000,8,5,13,E,41179677.42,50000000
"'Sukedhara, K'",K,42844536.71,Sukedhara,46750000,6,6,16,E,41179677.42,44500000
"'Lasuntar, K'",K,42844536.71,Lasuntar,34000000,4.2,5,13,S,35650000,34000000
"'Ganesh Chowk, K'",K,42844536.71,Ganesh Chowk,40687500,5,6,13,E,41179677.42,47000000
"'Lasuntar, K'",K,42844536.71,Lasuntar,34000000,3.5,6,13,S,35650000,30000000
"'Mandikatar, K'",K,42844536.71,Mandikatar,33409090.91,3.1,6,13,SW,40332835.82,32500000
"'Baneshwor, K'",K,42844536.71,Baneshwor,99314285.71,4.3,6,16,W,36390395.48,50000000
"'Baluwatar, K'",K,42844536.71,Baluwatar,67000000,10,5,15,NE,39629508.2,130000000
"'Manbhawan, L'",L,35415524.19,Manbhawan,148250000,16,5,16,SW,40332835.82,152500000
"'Bhaisepati, L'",L,35415524.19,Bhaisepati,48360000,5,7,14,E,41179677.42,85000000
"'Maharajgunj, K'",K,42844536.71,Maharajgunj,85428571.43,7,4,18,SW,40332835.82,110000000
"'Dholahiti, L'",L,35415524.19,Dholahiti,57666666.67,4.1,5,16,S,35650000,42000000
"'Bishalnagar, K'",K,42844536.71,Bishalnagar,81250000,8.3,5,20,S,35650000,80000000
"'Baluwatar, K'",K,42844536.71,Baluwatar,67000000,5,5,13,E,41179677.42,50000000
"'Golfutar, K'",K,42844536.71,Golfutar,45250000,6.1,5,13,NE,39629508.2,77000000
"'Deuba Chowk, K'",K,42844536.71,Deuba Chowk,42500000,6,4,20,W,36390395.48,50000000
"'Jorpati, K'",K,42844536.71,Jorpati,27136363.64,3,2,13,E,41179677.42,23000000
"'Tej Binayak, K'",K,42844536.71,Tej Binayak,20000000,3.1,6,20,E,41179677.42,28000000
"'Budhanilkantha, K'",K,42844536.71,Budhanilkantha,53966666.67,10,1,13,S,35650000,70000000
"'Budhanilkantha, K'",K,42844536.71,Budhanilkantha,53966666.67,19,1,20,SE,41607843.14,150000000
"'Budhanilkantha, K'",K,42844536.71,Budhanilkantha,53966666.67,4.3,6,13,W,36390395.48,43500000
"'Tej Binayak, K'",K,42844536.71,Tej Binayak,20000000,3.1,2,13,N,38826844.25,17500000
"'Harharmahadev, K'",K,42844536.71,Harharmahadev,35000000,4.1,6,13,SE,41607843.14,35000000
"'Kantipur Coloney, L'",L,35415524.19,Kantipur Coloney,26000000,3.3,4,16,W,36390395.48,26000000
"'Budhanilkantha, K'",K,42844536.71,Budhanilkantha,53966666.67,8.5,6,13,W,36390395.48,68000000
"'Hattigauda, K'",K,42844536.71,Hattigauda,44666666.67,14.1,7,16,E,41179677.42,120000000
"'Katunje, B'",B,30804807.69,Katunje,31000000,4.1,5,13,SW,40332835.82,31000000
"'Maitidevi, K'",K,42844536.71,Maitidevi,45000000,13.3,5,14,S,35650000,96000000
"'Narayanthan, K'",K,42844536.71,Narayanthan,76666666.67,13,5,14,N,38826844.25,125000000
"'Rudreshwor, K'",K,42844536.71,Rudreshwor,81250000,32.2,5,13,S,35650000,190000000
"'Maharajgunj, K'",K,42844536.71,Maharajgunj,85428571.43,16.4,3,13,S,35650000,85000000
"'Maharajgunj, K'",K,42844536.71,Maharajgunj,85428571.43,7.2,6,20,W,36390395.48,58000000
"'Srij Nagar, B'",B,30804807.69,Srij Nagar,21000000,2.2,4,13,E,41179677.42,21000000
"'Kmc Hospital, B'",B,30804807.69,Kmc Hospital,12500000,3.2,1,12,N,38826844.25,12500000
"'Taukhel, L'",L,35415524.19,Taukhel,24750000,5.1,1,16,E,41179677.42,20000000
"'Tokha, K'",K,42844536.71,Tokha,32214285.71,3.5,1,13,S,35650000,18500000
"'Balkot, B'",B,30804807.69,Balkot,39574074.07,5.5,2,22,E,41179677.42,30000000
"'Machhegaun, K'",K,42844536.71,Machhegaun,11000000,3,2,20,S,35650000,11000000
"'Gothatar, K'",K,42844536.71,Gothatar,24946666.67,3,2,6,NE,39629508.2,11000000
"'Imadol, L'",L,35415524.19,Imadol,35386263.73,4,2,20,E,41179677.42,18000000
"'Lokanthali, B'",B,30804807.69,Lokanthali,35000000,4,2,13,W,36390395.48,25000000
"'Lubhu, L'",L,35415524.19,Lubhu,21756521.74,3,2,12,E,41179677.42,15000000
"'Dhapasi, K'",K,42844536.71,Dhapasi,53750000,2.5,6,6,E,41179677.42,13500000
"'Ansaritole, L'",L,35415524.19,Ansaritole,13000000,2.63,2,13,S,35650000,13000000
"'Gothatar, K'",K,42844536.71,Gothatar,24946666.67,4,3,20,SW,40332835.82,21000000
"'Bhaisepati, L'",L,35415524.19,Bhaisepati,48360000,5,5,13,E,41179677.42,42500000
"'Bhaisepati, L'",L,35415524.19,Bhaisepati,48360000,4.5,4,13,E,41179677.42,45000000
"'Siddhipur, L'",L,35415524.19,Siddhipur,20250000,3,2,13,N,38826844.25,15500000
"'Dhumbarahi, K'",K,42844536.71,Dhumbarahi,37685714.29,3,3,13,E,41179677.42,24500000
"'Tej Binayak, K'",K,42844536.71,Tej Binayak,20000000,3,4,13,E,41179677.42,14500000
"'Tokha, K'",K,42844536.71,Tokha,32214285.71,4,2,13,W,36390395.48,19500000
"'Imadol, L'",L,35415524.19,Imadol,35386263.73,22,6,20,N,38826844.25,165000000
"'Tikathali, L'",L,35415524.19,Tikathali,28933333.33,5,5,20,W,36390395.48,45000000
"'Golfutar, K'",K,42844536.71,Golfutar,45250000,4.5,4,16,S,35650000,9500000
"'Bhaisepati, L'",L,35415524.19,Bhaisepati,48360000,5.1,4,13,N,38826844.25,45000000
"'Kusunti, L'",L,35415524.19,Kusunti,39500000,3.5,4,13,N,38826844.25,32500000
"'Imadol, L'",L,35415524.19,Imadol,35386263.73,3.3,7,13,E,41179677.42,29500000
"'Tikathali, L'",L,35415524.19,Tikathali,28933333.33,3,6,13,S,35650000,25500000
"'Tikathali, L'",L,35415524.19,Tikathali,28933333.33,3,6,13,N,38826844.25,24500000
"'Tikathali, L'",L,35415524.19,Tikathali,28933333.33,3,4,13,N,38826844.25,23500000
"'Imadol, L'",L,35415524.19,Imadol,35386263.73,5,6,12,W,36390395.48,39500000
"'Badikhel, L'",L,35415524.19,Badikhel,13000000,6,4,13,S,35650000,13000000
"'Tikathali, L'",L,35415524.19,Tikathali,28933333.33,3.1,5,13,E,41179677.42,28500000
"'Setipakha, L'",L,35415524.19,Setipakha,28225000,3.5,5,13,W,36390395.48,27500000
"'Imadol, L'",L,35415524.19,Imadol,35386263.73,3.3,5,13,E,41179677.42,28500000
"'Tikathali, L'",L,35415524.19,Tikathali,28933333.33,4.1,6,13,W,36390395.48,37500000
"'Tikathali, L'",L,35415524.19,Tikathali,28933333.33,4,6,20,E,41179677.42,35000000
"'Imadol, L'",L,35415524.19,Imadol,35386263.73,4.5,6,13,S,35650000,47000000
"'Khumaltar, L'",L,35415524.19,Khumaltar,44285714.29,4,5,13,S,35650000,38500000
"'Dillibazar, K'",K,42844536.71,Dillibazar,66250000,4.3,4,20,W,36390395.48,60000000
"'Imadol, L'",L,35415524.19,Imadol,35386263.73,3.5,5,13,N,38826844.25,29900000
"'Tikathali, L'",L,35415524.19,Tikathali,28933333.33,3,6,13,S,35650000,29000000
"'Tikathali, L'",L,35415524.19,Tikathali,28933333.33,3.1,5,13,E,41179677.42,29000000
"'Imadol, L'",L,35415524.19,Imadol,35386263.73,4.5,5,20,SE,41607843.14,45000000
"'Gongabu, K'",K,42844536.71,Gongabu,37571428.57,5,6,13,N,38826844.25,42000000
"'Balkot, B'",B,30804807.69,Balkot,39574074.07,14,6,13,N,38826844.25,90000000
"'Gongabu, K'",K,42844536.71,Gongabu,37571428.57,4,6,13,N,38826844.25,32500000
"'Chunikhel, K'",K,42844536.71,Chunikhel,34472727.27,4.1,6,13,S,35650000,33500000
"'Gongabu, K'",K,42844536.71,Gongabu,37571428.57,4.5,4,20,SE,41607843.14,45000000
"'Tikathali, L'",L,35415524.19,Tikathali,28933333.33,3,5,13,N,38826844.25,25500000
"'Imadol, L'",L,35415524.19,Imadol,35386263.73,3,6,13,S,35650000,23000000
"'Imadol, L'",L,35415524.19,Imadol,35386263.73,3.3,6,13,S,35650000,37000000
"'Bhaisepati, L'",L,35415524.19,Bhaisepati,48360000,4.5,4,13,NW,33140350.88,32500000
"'Chunikhel, K'",K,42844536.71,Chunikhel,34472727.27,3.1,5,13,SW,40332835.82,31500000
"'Dhaneshwor, K'",K,42844536.71,Dhaneshwor,27500000,5,3,12,E,41179677.42,28000000
"'Wasik, K'",K,42844536.71,Wasik,43500000,4.2,5,20,NE,39629508.2,43500000
"'Gongabu, K'",K,42844536.71,Gongabu,37571428.57,5,4,10,W,36390395.48,37500000
"'Tikathali, L'",L,35415524.19,Tikathali,28933333.33,3.3,5,20,N,38826844.25,29500000
"'Bhaisepati, L'",L,35415524.19,Bhaisepati,48360000,6,4,13,E,41179677.42,57500000
"'Budhgar, K'",K,42844536.71,Budhgar,70000000,3.51,7,16,E,41179677.42,70000000
"'Bhangal, K'",K,42844536.71,Bhangal,36653846.15,3.5,3,10,S,35650000,30000000
"'Hattiban, L'",L,35415524.19,Hattiban,29954545.45,3,3,13,SE,41607843.14,20000000
"'Maharajgunj, K'",K,42844536.71,Maharajgunj,85428571.43,4,5,13,E,41179677.42,90000000
"'Baneshwor, K'",K,42844536.71,Baneshwor,99314285.71,12,2,20,NE,39629508.2,120000000
"'Dhapakhel, L'",L,35415524.19,Dhapakhel,37142857.14,6.5,4,16,E,41179677.42,32000000
"'Budhanilkantha, K'",K,42844536.71,Budhanilkantha,53966666.67,4.2,3,13,W,36390395.48,38500000
"'Godawari, L'",L,35415524.19,Godawari,32611111.11,3,2,20,E,41179677.42,17000000
"'Gochaur, L'",L,35415524.19,Gochaur,12000000,4.3,4,26,NW,33140350.88,12000000
"'Lubhu, L'",L,35415524.19,Lubhu,21756521.74,2.5,5,13,NE,39629508.2,17500000
"'Imadol, L'",L,35415524.19,Imadol,35386263.73,5.1,7,13,W,36390395.48,40000000
"'Imadol, L'",L,35415524.19,Imadol,35386263.73,2.5,5,13,E,41179677.42,20000000
"'Hattiban, L'",L,35415524.19,Hattiban,29954545.45,4.5,3,13,S,35650000,39500000
"'Bhaisepati, L'",L,35415524.19,Bhaisepati,48360000,7,6,13,W,36390395.48,32500000
"'Sinamangal, K'",K,42844536.71,Sinamangal,115000000,10,4,20,W,36390395.48,115000000
"'Setipakha, L'",L,35415524.19,Setipakha,28225000,2.5,4,13,NE,39629508.2,18900000
"'Bhaisepati, L'",L,35415524.19,Bhaisepati,48360000,3.5,4,16,E,41179677.42,26000000
"'Bhaisepati, L'",L,35415524.19,Bhaisepati,48360000,3.3,6,13,NE,39629508.2,30000000
"'Bhaisepati, L'",L,35415524.19,Bhaisepati,48360000,4,5,13,S,35650000,34500000
"'Karyabinayak, L'",L,35415524.19,Karyabinayak,39500000,4,5,13,SW,40332835.82,34000000
"'Bhaisepati, L'",L,35415524.19,Bhaisepati,48360000,3.5,5,16,E,41179677.42,26000000
"'Sital Height, L'",L,35415524.19,Sital Height,33545454.55,3,5,13,NE,39629508.2,23000000
"'Lubhu, L'",L,35415524.19,Lubhu,21756521.74,3.5,3,20,W,36390395.48,14500000
"'Imadol, L'",L,35415524.19,Imadol,35386263.73,4.5,6,13,N,38826844.25,49500000
"'Sonakothi, L'",L,35415524.19,Sonakothi,50000000,6.1,7,20,E,41179677.42,50000000
"'Nakhipot, L'",L,35415524.19,Nakhipot,40888888.89,5.3,6,13,NW,33140350.88,47500000
"'Imadol, L'",L,35415524.19,Imadol,35386263.73,3.1,5,20,E,41179677.42,29000000
"'Tikathali, L'",L,35415524.19,Tikathali,28933333.33,3,6,20,E,41179677.42,23000000
"'Khumaltar, L'",L,35415524.19,Khumaltar,44285714.29,4.5,6,20,W,36390395.48,41500000
"'Syuchatar, K'",K,42844536.71,Syuchatar,29785714.29,4.2,6,20,SW,40332835.82,35000000
"'Balkot, B'",B,30804807.69,Balkot,39574074.07,4,4,20,E,41179677.42,40000000
"'Dadhikot, B'",B,30804807.69,Dadhikot,44083333.33,6,5,13,NE,39629508.2,26000000
"'Nayabazar, K'",K,42844536.71,Nayabazar,75500000,12,3,20,S,35650000,102000000
"'Chyasundol, K'",K,42844536.71,Chyasundol,70833333.33,3.3,3,22,S,35650000,27500000
"'Imadol, L'",L,35415524.19,Imadol,35386263.73,4,4,13,N,38826844.25,46000000
"'Tikathali, L'",L,35415524.19,Tikathali,28933333.33,2.2,5,13,N,38826844.25,22500000
"'Harisiddhi, L'",L,35415524.19,Harisiddhi,34035714.29,3.1,5,13,E,41179677.42,24000000
"'Harisiddhi, L'",L,35415524.19,Harisiddhi,34035714.29,3,6,20,W,36390395.48,31500000
"'Imadol, L'",L,35415524.19,Imadol,35386263.73,3.3,5,13,S,35650000,37500000
"'Imadol, L'",L,35415524.19,Imadol,35386263.73,3,6,11,NE,39629508.2,20700000
"'Thali, K'",K,42844536.71,Thali,16250000,3,4,20,N,38826844.25,18500000
"'Tikathali, L'",L,35415524.19,Tikathali,28933333.33,3,5,13,E,41179677.42,29000000
"'Satdobato, L'",L,35415524.19,Satdobato,62916666.67,19,5,13,SE,41607843.14,150000000
"'Dhapakhel, L'",L,35415524.19,Dhapakhel,37142857.14,6,9,13,NW,33140350.88,55000000
"'Karuna Hospital, K'",K,42844536.71,Karuna Hospital,35000000,4.5,9,14,SE,41607843.14,35000000
"'Imadol, L'",L,35415524.19,Imadol,35386263.73,2.5,3,13,S,35650000,21500000
"'Balkot, B'",B,30804807.69,Balkot,39574074.07,5,3,10,NE,39629508.2,25000000
"'Harisiddhi, L'",L,35415524.19,Harisiddhi,34035714.29,3.3,7,20,E,41179677.42,32500000
"'Gothatar, K'",K,42844536.71,Gothatar,24946666.67,3.5,6,20,n,34000000,34000000
"'Hattiban, L'",L,35415524.19,Hattiban,29954545.45,5.2,6,15,SW,40332835.82,45000000
"'Balkot, B'",B,30804807.69,Balkot,39574074.07,3.2,5,36,N,38826844.25,26000000
"'Balkot, B'",B,30804807.69,Balkot,39574074.07,3.2,7,13,N,38826844.25,23500000
"'Balkot, B'",B,30804807.69,Balkot,39574074.07,3.2,6,13,W,36390395.48,27500000
"'Tokha, K'",K,42844536.71,Tokha,32214285.71,4,2,12,E,41179677.42,26000000
"'Imadol, L'",L,35415524.19,Imadol,35386263.73,3.2,7,20,NE,39629508.2,27500000
"'Phutung, K'",K,42844536.71,Phutung,16500000,3,6,20,W,36390395.48,16500000
"'Sitapaila, K'",K,42844536.71,Sitapaila,33166666.67,6,9,13,S,35650000,35000000
"'Balkot, B'",B,30804807.69,Balkot,39574074.07,3.2,5,13,NW,33140350.88,24000000
"'Dadhikot, B'",B,30804807.69,Dadhikot,44083333.33,4,5,13,S,35650000,27000000
"'Balkot, B'",B,30804807.69,Balkot,39574074.07,3,5,13,E,41179677.42,21000000
"'Chardobato, B'",B,30804807.69,Chardobato,31000000,4.3,7,12,S,35650000,31000000
"'Dhunchepakha, B'",B,30804807.69,Dhunchepakha,33000000,4.3,6,13,NW,33140350.88,33000000
"'Sitapakha, L'",L,35415524.19,Sitapakha,27500000,3,5,12,NW,33140350.88,23500000
"'Imadol, L'",L,35415524.19,Imadol,35386263.73,2.3,4,10,N,38826844.25,24000000
"'Mandikatar, K'",K,42844536.71,Mandikatar,33409090.91,4,1,13,NW,33140350.88,38000000
"'Lubhu, L'",L,35415524.19,Lubhu,21756521.74,2.5,4,10,N,38826844.25,25500000
"'Gothatar, K'",K,42844536.71,Gothatar,24946666.67,3.1,5,13,E,41179677.42,30000000
"'Hiledol, K'",K,42844536.71,Hiledol,16000000,2.3,5,12,N,38826844.25,16000000
"'Imadol, L'",L,35415524.19,Imadol,35386263.73,3.5,5,13,E,41179677.42,36500000
"'Tikathali, L'",L,35415524.19,Tikathali,28933333.33,3,4,14,W,36390395.48,23500000
"'Dhalmal, K'",K,42844536.71,Dhalmal,28000000,3.3,4,11,N,38826844.25,26000000
"'Shirj, K'",K,42844536.71,Shirj,39500000,4,6,16,S,35650000,39500000
"'Imadol, L'",L,35415524.19,Imadol,35386263.73,4,6,13,NE,39629508.2,44500000
"'Tikathali, L'",L,35415524.19,Tikathali,28933333.33,3,4,13,W,36390395.48,24000000
"'Imadol, L'",L,35415524.19,Imadol,35386263.73,4.5,5,13,E,41179677.42,40000000
"'Lubhu, L'",L,35415524.19,Lubhu,21756521.74,6.2,5,13,NW,33140350.88,28000000
"'Sitapakha, L'",L,35415524.19,Sitapakha,27500000,3.5,4,20,W,36390395.48,27500000
"'Gongabu, K'",K,42844536.71,Gongabu,37571428.57,5.2,6,13,S,35650000,52500000
"'Sallaghari, B'",B,30804807.69,Sallaghari,23000000,3,2,13,S,35650000,16500000
"'Tokha, K'",K,42844536.71,Tokha,32214285.71,3.5,6,13,S,35650000,27500000
"'Bhangal, K'",K,42844536.71,Bhangal,36653846.15,5.5,5,20,SE,41607843.14,50000000
"'Budhanilkantha, K'",K,42844536.71,Budhanilkantha,53966666.67,7,3,13,S,35650000,48000000
"'Budhanilkantha, K'",K,42844536.71,Budhanilkantha,53966666.67,4.5,4,13,SE,41607843.14,42500000
"'Budhanilkantha, K'",K,42844536.71,Budhanilkantha,53966666.67,4.2,3,13,E,41179677.42,39500000
"'Balambu, K'",K,42844536.71,Balambu,24500000,4.5,5,13,NE,39629508.2,21000000
"'Pasikot, K'",K,42844536.71,Pasikot,51625000,5,6,15,W,36390395.48,45000000
"'Thankot, K'",K,42844536.71,Thankot,21000000,3.5,6,12,NE,39629508.2,22000000
"'Sanagaun, L'",L,35415524.19,Sanagaun,26283333.33,2.3,5,13,E,41179677.42,16000000
"'Khumaltar, L'",L,35415524.19,Khumaltar,44285714.29,3.1,5,13,E,41179677.42,30000000
"'Harisiddhi, L'",L,35415524.19,Harisiddhi,34035714.29,4.5,3,26,W,36390395.48,29000000
"'Imadol, L'",L,35415524.19,Imadol,35386263.73,4,5,13,SE,41607843.14,40000000
"'Lubhu, L'",L,35415524.19,Lubhu,21756521.74,2.5,5,13,N,38826844.25,15500000
"'Pepsicola, K'",K,42844536.71,Pepsicola,37333333.33,3.1,6,20,E,41179677.42,25000000
"'Hattiban, L'",L,35415524.19,Hattiban,29954545.45,4.5,4,20,W,36390395.48,36000000
"'Sallaghari, B'",B,30804807.69,Sallaghari,23000000,4,6,20,NE,39629508.2,28500000
"'Lubhu, L'",L,35415524.19,Lubhu,21756521.74,2.5,4,13,E,41179677.42,17000000
"'Tikathali, L'",L,35415524.19,Tikathali,28933333.33,3,5,13,E,41179677.42,31500000
"'Budhani, K'",K,42844536.71,Budhani,50000000,7,5,14,S,35650000,50000000
"'Boudha, K'",K,42844536.71,Boudha,37375000,1,2,8,E,41179677.42,7500000
"'Thulobharyang, K'",K,42844536.71,Thulobharyang,41375000,4,6,13,NE,39629508.2,36500000
"'Imadol, L'",L,35415524.19,Imadol,35386263.73,3.3,7,13,E,41179677.42,42500000
"'Tikathali, L'",L,35415524.19,Tikathali,28933333.33,3,7,20,S,35650000,26500000
"'Hattigauda, K'",K,42844536.71,Hattigauda,44666666.67,4.5,6,13,N,38826844.25,31000000
"'Budhanilkantha, K'",K,42844536.71,Budhanilkantha,53966666.67,4.2,5,20,NE,39629508.2,43000000
"'Budhanilkantha, K'",K,42844536.71,Budhanilkantha,53966666.67,6,6,16,N,38826844.25,50000000
"'Pasikot, K'",K,42844536.71,Pasikot,51625000,4.1,6,13,E,41179677.42,45000000
"'Kalanki, K'",K,42844536.71,Kalanki,43250000,8,7,13,NE,39629508.2,60000000
"'Lasuntar, K'",K,42844536.71,Lasuntar,34000000,5,6,13,SE,41607843.14,43500000
"'Kapan, K'",K,42844536.71,Kapan,31736111.11,3,6,13,W,36390395.48,22000000
"'Dhalahiti, L'",L,35415524.19,Dhalahiti,42500000,4.25,6,14,S,35650000,42500000
"'Gothatar, K'",K,42844536.71,Gothatar,24946666.67,3.1,6,20,W,36390395.48,27500000
"'Dholahiti, L'",L,35415524.19,Dholahiti,57666666.67,5,5,13,E,41179677.42,48500000
"'Kapan, K'",K,42844536.71,Kapan,31736111.11,3.2,6,13,W,36390395.48,32500000
"'Kalanki, K'",K,42844536.71,Kalanki,43250000,5,5,13,E,41179677.42,65000000
"'Ganesh chowk, K'",K,42844536.71,Ganesh Chowk,40687500,4,6,13,W,36390395.48,38000000
"'Chapali, K'",K,42844536.71,Chapali,42900000,4.1,7,13,NE,39629508.2,41500000
"'Chunikhel, K'",K,42844536.71,Chunikhel,34472727.27,4.2,6,13,NW,33140350.88,38500000
"'Kapan, K'",K,42844536.71,Kapan,31736111.11,3.1,6,13,SE,41607843.14,30000000
"'Budhanilkantha, K'",K,42844536.71,Budhanilkantha,53966666.67,3.1,6,13,W,36390395.48,32500000
"'Goldhunga, K'",K,42844536.71,Goldhunga,22375000,3.2,5,13,E,41179677.42,22000000
"'Bhaisepati, L'",L,35415524.19,Bhaisepati,48360000,4,4,13,N,38826844.25,36500000
"'Thulobharyang, K'",K,42844536.71,Thulobharyang,41375000,3,6,13,NE,39629508.2,36500000
"'Narayanthan, K'",K,42844536.71,Narayanthan,76666666.67,10.3,4,20,E,41179677.42,80000000
"'Pepsicola, K'",K,42844536.71,Pepsicola,37333333.33,3,5,4,E,41179677.42,18000000
"'Duwakot, B'",B,30804807.69,Duwakot,25200000,3.2,9,8,SW,40332835.82,24000000
"'Tikathali, L'",L,35415524.19,Tikathali,28933333.33,3.3,5,13,W,36390395.48,26500000
"'Budhanilkantha, K'",K,42844536.71,Budhanilkantha,53966666.67,7,5,13,W,36390395.48,62500000
"'Dhapakhel, L'",L,35415524.19,Dhapakhel,37142857.14,4.1,6,16,S,35650000,32000000
"'Chyasundol, K'",K,42844536.71,Chyasundol,70833333.33,4,5,13,W,36390395.48,30000000
"'Balkhu, K'",K,42844536.71,Balkhu,62191666.67,4.2,5,13,NE,39629508.2,42500000
"'Nakhipot, L'",L,35415524.19,Nakhipot,40888888.89,4.1,7,13,S,35650000,42000000
"'Imadol, L'",L,35415524.19,Imadol,35386263.73,3.1,5,13,SW,40332835.82,27500000
"'Imadol, L'",L,35415524.19,Imadol,35386263.73,3.1,7,13,SE,41607843.14,42000000
"'Dhapasi, K'",K,42844536.71,Dhapasi,53750000,4,6,13,NE,39629508.2,35000000
"'Nepaltar, K'",K,42844536.71,Nepaltar,35000000,7,8,13,SW,40332835.82,35000000
"'Imadol, L'",L,35415524.19,Imadol,35386263.73,3,7,13,E,41179677.42,23500000
"'Dhapakhel, L'",L,35415524.19,Dhapakhel,37142857.14,5.5,5,20,S,35650000,46000000
"'Gothatar, K'",K,42844536.71,Gothatar,24946666.67,3,6,18,N,38826844.25,23500000
"'Kapan, K'",K,42844536.71,Kapan,31736111.11,4.2,6,13,S,35650000,22500000
"'Sital Height, L'",L,35415524.19,Sital Height,33545454.55,4,5,14,W,36390395.48,39500000
"'Gothatar, K'",K,42844536.71,Gothatar,24946666.67,3.1,7,20,W,36390395.48,27500000
"'Nakhipot, L'",L,35415524.19,Nakhipot,40888888.89,5,4,20,E,41179677.42,50000000
"'Dhumbarahi, K'",K,42844536.71,Dhumbarahi,37685714.29,3.5,6,8,N,38826844.25,20000000
"'Nakhipot, L'",L,35415524.19,Nakhipot,40888888.89,5,4,20,E,41179677.42,49000000
"'Imadol, L'",L,35415524.19,Imadol,35386263.73,3,5,13,S,35650000,25000000
"'Budhanilkantha, K'",K,42844536.71,Budhanilkantha,53966666.67,4.5,6,13,S,35650000,43500000
"'Satdobato, L'",L,35415524.19,Satdobato,62916666.67,4,4,13,S,35650000,31500000
"'Budhanilkantha, K'",K,42844536.71,Budhanilkantha,53966666.67,3,2,15,NE,39629508.2,12500000
"'Imadol, L'",L,35415524.19,Imadol,35386263.73,2.3,4,13,S,35650000,22000000
"'Ganesh chowk, K'",K,42844536.71,Ganesh Chowk,40687500,3.3,4,20,W,36390395.48,47500000
"'Bhangal, K'",K,42844536.71,Bhangal,36653846.15,3.3,5,13,NE,39629508.2,35000000
"'Ganesh chowk, K'",K,42844536.71,Ganesh Chowk,40687500,3.1,10,20,NE,39629508.2,26000000
"'Bhaisepati, L'",L,35415524.19,Bhaisepati,48360000,5,5,13,S,35650000,55000000
"'Pasikot, K'",K,42844536.71,Pasikot,51625000,6,8,20,SW,40332835.82,55000000
"'Imadol, L'",L,35415524.19,Imadol,35386263.73,3,5,13,S,35650000,29000000
"'Lasuntar, K'",K,42844536.71,Lasuntar,34000000,3.3,6,13,N,38826844.25,28500000
"'Tikathali, L'",L,35415524.19,Tikathali,28933333.33,3.2,6,13,E,41179677.42,26900000
"'Imadol, L'",L,35415524.19,Imadol,35386263.73,3.3,6,13,W,36390395.48,38500000
"'Pasikot, K'",K,42844536.71,Pasikot,51625000,5,4,20,E,41179677.42,47500000
"'Dhapakhel, L'",L,35415524.19,Dhapakhel,37142857.14,8.2,6,20,S,35650000,49000000
"'Imadol, L'",L,35415524.19,Imadol,35386263.73,3.1,6,16,E,41179677.42,29000000
"'Lubhu, L'",L,35415524.19,Lubhu,21756521.74,3.1,5,16,E,41179677.42,22000000
"'Harisiddhi, L'",L,35415524.19,Harisiddhi,34035714.29,7,6,13,W,36390395.48,43500000
"'Imadol, L'",L,35415524.19,Imadol,35386263.73,3.1,6,13,NE,39629508.2,33500000
"'Sital height, L'",L,35415524.19,Sital Height,33545454.55,3,4,13,E,41179677.42,24500000
"'Bhaisepati, L'",L,35415524.19,Bhaisepati,48360000,7,5,13,SE,41607843.14,75000000
"'Imadol, L'",L,35415524.19,Imadol,35386263.73,3,6,15,NW,33140350.88,21000000
"'Bhaisepati, L'",L,35415524.19,Bhaisepati,48360000,5.1,4,13,E,41179677.42,50000000
"'Bhaisepati, L'",L,35415524.19,Bhaisepati,48360000,4.5,4,13,W,36390395.48,45000000
"'Bhaisepati, L'",L,35415524.19,Bhaisepati,48360000,4,4,16,N,38826844.25,41000000
"'Kalanki, K'",K,42844536.71,Kalanki,43250000,6,4,10,E,41179677.42,60000000
"'Gothatar, K'",K,42844536.71,Gothatar,24946666.67,3,6,13,N,38826844.25,26500000
"'Sanagaun, L'",L,35415524.19,Sanagaun,26283333.33,4.1,5,20,S,35650000,33500000
"'Sanagaun, L'",L,35415524.19,Sanagaun,26283333.33,3,6,13,N,38826844.25,26000000
"'Chobar, K'",K,42844536.71,Chobar,33750000,5.2,5,20,S,35650000,35000000
"'Nilopul, K'",K,42844536.71,Nilopul,40000000,4,2,13,SE,41607843.14,40000000
"'Nakhipot, L'",L,35415524.19,Nakhipot,40888888.89,4.2,6,13,N,38826844.25,39000000
"'Nakhipot, L'",L,35415524.19,Nakhipot,40888888.89,5,5,20,E,41179677.42,47500000
"'Imadol, L'",L,35415524.19,Imadol,35386263.73,3.5,5,20,NE,39629508.2,21000000
"'Jorpati, K'",K,42844536.71,Jorpati,27136363.64,3,10,10,W,36390395.48,28500000
"'Baneshwor, K'",K,42844536.71,Baneshwor,99314285.71,5,5,14,E,41179677.42,45000000
"'Gokarna, K'",K,42844536.71,Gokarna,19750000,3.5,6,13,E,41179677.42,20000000
"'Sital Height, L'",L,35415524.19,Sital Height,33545454.55,4.1,5,13,E,41179677.42,30000000
"'Bhaisepati, L'",L,35415524.19,Bhaisepati,48360000,3.1,4,20,E,41179677.42,32500000
"'Mandikatar, K'",K,42844536.71,Mandikatar,33409090.91,3.5,6,13,N,38826844.25,27000000
"'Pasikot, K'",K,42844536.71,Pasikot,51625000,3.75,3,16,W,36390395.48,28000000
"'Pasikot, K'",K,42844536.71,Pasikot,51625000,17,2,13,NE,39629508.2,110000000
"'Bhaisepati, L'",L,35415524.19,Bhaisepati,48360000,4.3,7,13,S,35650000,37000000
"'Kalanki, K'",K,42844536.71,Kalanki,43250000,3,4,15,NW,33140350.88,33000000
"'Kadaghari, K'",K,42844536.71,Kadaghari,22940000,3,5,20,W,36390395.48,25500000
"'Budhanilkantha, K'",K,42844536.71,Budhanilkantha,53966666.67,6,6,13,S,35650000,44500000
"'Balkot, B'",B,30804807.69,Balkot,39574074.07,5.1,4,10,S,35650000,30000000
"'Galfutar, K'",K,42844536.71,Galfutar,40000000,4.5,4,16,SW,40332835.82,40000000
"'Hattigauda, K'",K,42844536.71,Hattigauda,44666666.67,5,5,13,SW,40332835.82,49000000
"'Imadol, L'",L,35415524.19,Imadol,35386263.73,3,4,13,SE,41607843.14,19000000
"'Sanagaun, L'",L,35415524.19,Sanagaun,26283333.33,2.3,5,13,S,35650000,19900000
"'Imadol, L'",L,35415524.19,Imadol,35386263.73,3.1,5,13,E,41179677.42,33000000
"'Imadol, L'",L,35415524.19,Imadol,35386263.73,16,7,13,E,41179677.42,79500000
"'Baluwakhani, K'",K,42844536.71,Baluwakhani,37500000,4,6,20,W,36390395.48,27500000
"'Balaju, K'",K,42844536.71,Balaju,20666666.67,3.21,4,16,S,35650000,13500000
"'Budhanilkantha, K'",K,42844536.71,Budhanilkantha,53966666.67,29,5,13,E,41179677.42,159500000
"'Khusibu, K'",K,42844536.71,Khusibu,34000000,3.2,5,13,E,41179677.42,34000000
"'Rudreshwor, K'",K,42844536.71,Rudreshwor,81250000,6,5,13,E,41179677.42,35000000
"'Dadhikot, B'",B,30804807.69,Dadhikot,44083333.33,10,5,14,E,41179677.42,59500000
"'Sitapaila, K'",K,42844536.71,Sitapaila,33166666.67,9.85,5,12,SE,41607843.14,60000000
"'Thankot, K'",K,42844536.71,Thankot,21000000,4,1,13,S,35650000,25000000
"'Tikathali, L'",L,35415524.19,Tikathali,28933333.33,4.25,6,13,NW,33140350.88,31500000
"'Maitidevi, K'",K,42844536.71,Maitidevi,45000000,4.1,5,13,SE,41607843.14,24000000
"'Kapan, K'",K,42844536.71,Kapan,31736111.11,3,5,14,NE,39629508.2,25000000
"'Imadol, L'",L,35415524.19,Imadol,35386263.73,3,4,6,E,41179677.42,19000000
"'Bhangal, K'",K,42844536.71,Bhangal,36653846.15,4.5,7,13,W,36390395.48,32000000
"'Hattiban, L'",L,35415524.19,Hattiban,29954545.45,3,3,20,NW,33140350.88,24000000
"'Kadaghari, K'",K,42844536.71,Kadaghari,22940000,3.5,6,6,E,41179677.42,21000000
"'Muhanpokhari, K'",K,42844536.71,Muhanpokhari,52500000,11.2,4,13,E,41179677.42,52500000
"'Baneshwor, K'",K,42844536.71,Baneshwor,99314285.71,28,4,13,E,41179677.42,252000000
"'Chamati, K'",K,42844536.71,Chamati,28000000,3.2,4,26,E,41179677.42,28000000
"'Kapan, K'",K,42844536.71,Kapan,31736111.11,6,5,13,W,36390395.48,32500000
"'Tikathali, L'",L,35415524.19,Tikathali,28933333.33,3,5,13,S,35650000,22000000
"'Imadol, L'",L,35415524.19,Imadol,35386263.73,3,5,13,E,41179677.42,24500000
"'Bhangal, K'",K,42844536.71,Bhangal,36653846.15,3,6,13,E,41179677.42,27000000
"'Gothatar, K'",K,42844536.71,Gothatar,24946666.67,4,5,13,E,41179677.42,26200000
"'Kadaghari, K'",K,42844536.71,Kadaghari,22940000,3,6,13,E,41179677.42,21700000
"'Gothatar, K'",K,42844536.71,Gothatar,24946666.67,4,5,20,E,41179677.42,30000000
"'Gokarna, K'",K,42844536.71,Gokarna,19750000,3,4,13,E,41179677.42,19500000
"'Setipakha, L'",L,35415524.19,Setipakha,28225000,5.5,4,10,E,41179677.42,31000000
"'Naxal, K'",K,42844536.71,Naxal,73500000,5.2,3,12,E,41179677.42,56000000
"'Balkhu, K'",K,42844536.71,Balkhu,62191666.67,16,5,10,S,35650000,5000000
"'Mandikatar, K'",K,42844536.71,Mandikatar,33409090.91,4.1,2,14,SE,41607843.14,45000000
"'Kitani, L'",L,35415524.19,Kitani,32500000,3.1,4,22,N,38826844.25,32500000
"'Mandikatar, K'",K,42844536.71,Mandikatar,33409090.91,6.6,5,10,NW,33140350.88,55000000
"'Imadol, L'",L,35415524.19,Imadol,35386263.73,5.5,5,13,W,36390395.48,37500000
"'Imadol, L'",L,35415524.19,Imadol,35386263.73,4,5,13,N,38826844.25,46000000
"'Tokha, K'",K,42844536.71,Tokha,32214285.71,6.1,5,20,SW,40332835.82,57500000
"'Mandikatar, K'",K,42844536.71,Mandikatar,33409090.91,4.1,2,16,W,36390395.48,45000000
"'Bhangal, K'",K,42844536.71,Bhangal,36653846.15,4.1,6,12,E,41179677.42,39500000
"'Godawari, L'",L,35415524.19,Godawari,32611111.11,62,5,28,S,35650000,93000000
"'Sukedhara, K'",K,42844536.71,Sukedhara,46750000,6,2,12,S,35650000,50000000
"'Bansbari, K'",K,42844536.71,Bansbari,50666666.67,4.5,4,13,E,41179677.42,52000000
"'Thankot, K'",K,42844536.71,Thankot,21000000,4,7,12,SW,40332835.82,16000000
"'Hattiban, L'",L,35415524.19,Hattiban,29954545.45,2.5,3,13,S,35650000,19500000
"'Harisiddhi, L'",L,35415524.19,Harisiddhi,34035714.29,3,4,13,S,35650000,23500000
"'Dhapakhel, L'",L,35415524.19,Dhapakhel,37142857.14,3,4,20,S,35650000,24500000
"'Tikathali, L'",L,35415524.19,Tikathali,28933333.33,3,6,13,S,35650000,28000000
"'Bhaisepati, L'",L,35415524.19,Bhaisepati,48360000,6,6,10,N,38826844.25,41000000
"'Syuchatar, K'",K,42844536.71,Syuchatar,29785714.29,5.1,4,12,W,36390395.48,31500000
"'Safaray Dhunga, K'",K,42844536.71,Safaray Dhunga,36666666.67,6,4,16,NE,39629508.2,50000000
"'Bhangal, K'",K,42844536.71,Bhangal,36653846.15,5.5,3,13,NE,39629508.2,50000000
"'Bhaisepati, L'",L,35415524.19,Bhaisepati,48360000,5.5,6,16,E,41179677.42,52500000
"'Bhaisepati, L'",L,35415524.19,Bhaisepati,48360000,4.3,6,14,W,36390395.48,27000000
"'Safaray Dhunga, K'",K,42844536.71,Safaray Dhunga,36666666.67,4,8,13,S,35650000,32500000
"'Harisiddhi, L'",L,35415524.19,Harisiddhi,34035714.29,7,6,13,E,41179677.42,40000000
"'Kapan, K'",K,42844536.71,Kapan,31736111.11,3.3,4,15,SE,41607843.14,24000000
"'Bhaisepati, L'",L,35415524.19,Bhaisepati,48360000,4.2,5,20,E,41179677.42,43500000
"'Sundar basti, K'",K,42844536.71,Sundar Basti,40000000,5,2,13,SE,41607843.14,40000000
"'Bansbari, K'",K,42844536.71,Bansbari,50666666.67,5.3,5,13,E,41179677.42,60000000
"'Hattiban, L'",L,35415524.19,Hattiban,29954545.45,2.3,4,13,S,35650000,23000000
"'Jhamsikhel, L'",L,35415524.19,Jhamsikhel,42000000,3.1,6,14,N,38826844.25,42000000
"'Bhaisepati, L'",L,35415524.19,Bhaisepati,48360000,5.5,5,20,SE,41607843.14,67500000
"'Tikathali, L'",L,35415524.19,Tikathali,28933333.33,6,5,13,SE,41607843.14,49000000
"'Sitapaila, K'",K,42844536.71,Sitapaila,33166666.67,3,3,20,S,35650000,18000000
"'Baluwakhani, K'",K,42844536.71,Baluwakhani,37500000,5.1,6,20,E,41179677.42,47500000
"'Budhanilkantha, K'",K,42844536.71,Budhanilkantha,53966666.67,4,6,13,NE,39629508.2,35000000
"'Jorpati, K'",K,42844536.71,Jorpati,27136363.64,4.5,6,13,E,41179677.42,43500000
"'Safaray Dhunga, K'",K,42844536.71,Safaray Dhunga,36666666.67,3.5,4,13,E,41179677.42,27500000
"'Shantinagar, K'",K,42844536.71,Shantinagar,52500000,4.1,7,20,E,41179677.42,57500000
"'Nakkhu, L'",L,35415524.19,Nakkhu,35566666.67,4,7,12,E,41179677.42,39000000
"'Shantinagar, K'",K,42844536.71,Shantinagar,52500000,4.5,6,20,E,41179677.42,45000000
"'Mahadevsthan, K'",K,42844536.71,Mahadevsthan,24500000,4.5,4,15,W,36390395.48,24500000
"'Dhapakhel, L'",L,35415524.19,Dhapakhel,37142857.14,5,6,13,NE,39629508.2,39500000
"'Dhumbarahi, K'",K,42844536.71,Dhumbarahi,37685714.29,3.5,6,6,NE,39629508.2,21500000
"'Thaiba, L'",L,35415524.19,Thaiba,30500000,4.5,4,13,S,35650000,21000000
"'Hattiban, L'",L,35415524.19,Hattiban,29954545.45,6.5,7,14,W,36390395.48,35000000
"'Bhangal, K'",K,42844536.71,Bhangal,36653846.15,3,5,13,S,35650000,21000000
"'Bhaisepati, L'",L,35415524.19,Bhaisepati,48360000,3.5,5,16,W,36390395.48,30000000
"'Pasikot, K'",K,42844536.71,Pasikot,51625000,5,6,20,E,41179677.42,47500000
"'Bhaisepati, L'",L,35415524.19,Bhaisepati,48360000,4,6,13,E,41179677.42,31000000
"'Kusunti, L'",L,35415524.19,Kusunti,39500000,5.5,6,13,E,41179677.42,42500000
"'Kusunti, L'",L,35415524.19,Kusunti,39500000,3.2,6,13,E,41179677.42,35000000
"'Mandikatar, K'",K,42844536.71,Mandikatar,33409090.91,3,3,13,S,35650000,25000000
"'Dahachowk, K'",K,42844536.71,Dahachowk,12500000,2.5,5,13,S,35650000,12500000
"'Sital height, L'",L,35415524.19,Sital Height,33545454.55,2.3,5,13,NE,39629508.2,23000000
"'Imadol, L'",L,35415524.19,Imadol,35386263.73,3.5,6,16,E,41179677.42,29000000
"'Godawari, L'",L,35415524.19,Godawari,32611111.11,3.3,6,13,E,41179677.42,29000000
"'Khumaltar, L'",L,35415524.19,Khumaltar,44285714.29,5.5,6,20,E,41179677.42,47000000
"'Harisiddhi, L'",L,35415524.19,Harisiddhi,34035714.29,3.2,6,20,N,38826844.25,25000000
"'Ravi bhawan, K'",K,42844536.71,Ravi Bhawan,36000000,4,5,20,S,35650000,50000000
"'Imadol, L'",L,35415524.19,Imadol,35386263.73,3,4,13,E,41179677.42,29900000
"'Tikathali, L'",L,35415524.19,Tikathali,28933333.33,4,7,13,NW,33140350.88,35500000
"'Tikathali, L'",L,35415524.19,Tikathali,28933333.33,2.2,6,13,W,36390395.48,25000000
"'Khumaltar, L'",L,35415524.19,Khumaltar,44285714.29,5.2,5,13,SE,41607843.14,39000000
"'Imadol, L'",L,35415524.19,Imadol,35386263.73,4,8,13,E,41179677.42,42500000
"'Sital Height, L'",L,35415524.19,Sital Height,33545454.55,4,6,13,E,41179677.42,45500000
"'Bhaisepati, L'",L,35415524.19,Bhaisepati,48360000,4.5,4,20,E,41179677.42,45000000
"'Pasikot, K'",K,42844536.71,Pasikot,51625000,5,6,13,E,41179677.42,33500000
"'Lubhu, L'",L,35415524.19,Lubhu,21756521.74,3.2,4,13,NE,39629508.2,21500000
"'Hattigauda, K'",K,42844536.71,Hattigauda,44666666.67,6.5,4,16,W,36390395.48,36000000
"'Imadol, L'",L,35415524.19,Imadol,35386263.73,4.5,6,13,N,38826844.25,39500000
"'Pasikot, K'",K,42844536.71,Pasikot,51625000,4.1,6,13,N,38826844.25,42000000
"'Thali, K'",K,42844536.71,Thali,16250000,3,4,10,E,41179677.42,14000000
"'Khumaltar, L'",L,35415524.19,Khumaltar,44285714.29,10,5,20,NE,39629508.2,72500000
"'Bhaisepati, L'",L,35415524.19,Bhaisepati,48360000,5.5,4,13,N,38826844.25,65000000
"'Imadol, L'",L,35415524.19,Imadol,35386263.73,3.1,5,13,S,35650000,31500000
"'Imadol, L'",L,35415524.19,Imadol,35386263.73,3.1,5,13,S,35650000,29900000
"'Imadol, L'",L,35415524.19,Imadol,35386263.73,3,4,13,S,35650000,26500000
"'Tikathali, L'",L,35415524.19,Tikathali,28933333.33,2.3,3,14,S,35650000,25000000
"'Chyasundol, K'",K,42844536.71,Chyasundol,70833333.33,17,6,20,E,41179677.42,155000000
"'Imadol, L'",L,35415524.19,Imadol,35386263.73,3.2,7,20,N,38826844.25,29000000
"'Bhangal, K'",K,42844536.71,Bhangal,36653846.15,5,4,30,W,36390395.48,40000000
"'Budhanilkantha, K'",K,42844536.71,Budhanilkantha,53966666.67,3.1,6,16,W,36390395.48,32500000
"'Manbhawan, L'",L,35415524.19,Manbhawan,148250000,16,5,13,SW,40332835.82,144000000
"'Budhanilkantha, K'",K,42844536.71,Budhanilkantha,53966666.67,7,4,13,E,41179677.42,48000000
"'Budhanilkantha, K'",K,42844536.71,Budhanilkantha,53966666.67,7,4,13,NE,39629508.2,50000000
"'Budhanilkantha, K'",K,42844536.71,Budhanilkantha,53966666.67,4.1,5,14,SE,41607843.14,38000000
"'Bhangal, K'",K,42844536.71,Bhangal,36653846.15,5,6,20,E,41179677.42,39500000
"'Kapan, K'",K,42844536.71,Kapan,31736111.11,4.5,5,11,SE,41607843.14,39500000
"'Mahalaxmi, L'",L,35415524.19,Mahalaxmi,27250000,3,7,20,W,36390395.48,23000000
"'Harisiddhi, L'",L,35415524.19,Harisiddhi,34035714.29,3,5,20,N,38826844.25,27500000
"'Bhangal, K'",K,42844536.71,Bhangal,36653846.15,5,5,16,E,41179677.42,47500000
"'Balkot, B'",B,30804807.69,Balkot,39574074.07,4,4,12,E,41179677.42,21500000
"'Balambu, K'",K,42844536.71,Balambu,24500000,4.5,4,13,W,36390395.48,28000000
"'Kapan, K'",K,42844536.71,Kapan,31736111.11,4.3,6,13,SE,41607843.14,29000000
"'Bhangal, K'",K,42844536.71,Bhangal,36653846.15,4.2,6,16,S,35650000,42500000
"'Nakhipot, L'",L,35415524.19,Nakhipot,40888888.89,3.3,5,26,NE,39629508.2,36000000
"'Bhangal, K'",K,42844536.71,Bhangal,36653846.15,6,7,13,N,38826844.25,50000000
"'Bhangal, K'",K,42844536.71,Bhangal,36653846.15,6,5,15,E,41179677.42,36000000
"'Raniban, K'",K,42844536.71,Raniban,40000000,5,7,20,SW,40332835.82,40000000
"'Kapan, K'",K,42844536.71,Kapan,31736111.11,4.1,6,14,E,41179677.42,38000000
"'Tokha, K'",K,42844536.71,Tokha,32214285.71,8,5,13,S,35650000,7000000
"'Chapali, K'",K,42844536.71,Chapali,42900000,4.1,6,20,E,41179677.42,41000000
"'Chapali, K'",K,42844536.71,Chapali,42900000,4.5,5,13,S,35650000,40000000
"'Imadol, L'",L,35415524.19,Imadol,35386263.73,4.15,7,13,S,35650000,41500000
"'Deuba Chowk, K'",K,42844536.71,Deuba Chowk,42500000,4.2,5,20,NE,39629508.2,43500000
"'Dadhikot, B'",B,30804807.69,Dadhikot,44083333.33,13,5,26,N,38826844.25,95000000
"'Imadol, L'",L,35415524.19,Imadol,35386263.73,5,5,13,W,36390395.48,57500000
"'Satdobato, L'",L,35415524.19,Satdobato,62916666.67,3.1,4,13,SE,41607843.14,30000000
"'Kapan, K'",K,42844536.71,Kapan,31736111.11,4,6,10,SW,40332835.82,42500000
"'Tokha, K'",K,42844536.71,Tokha,32214285.71,5.1,6,13,SE,41607843.14,45000000
"'Kadaghari, K'",K,42844536.71,Kadaghari,22940000,3,6,13,S,35650000,24500000
"'Tikathali, L'",L,35415524.19,Tikathali,28933333.33,3.2,6,13,E,41179677.42,22500000
"'Imadol, L'",L,35415524.19,Imadol,35386263.73,3.1,5,13,E,41179677.42,32000000
"'Imadol, L'",L,35415524.19,Imadol,35386263.73,3,5,13,E,41179677.42,27500000
"'Imadol, L'",L,35415524.19,Imadol,35386263.73,4.2,6,16,S,35650000,29000000
"'Imadol, L'",L,35415524.19,Imadol,35386263.73,3.2,6,13,S,35650000,35500000
"'Imadol, L'",L,35415524.19,Imadol,35386263.73,5.1,5,13,S,35650000,55000000
"'Imadol, L'",L,35415524.19,Imadol,35386263.73,4.2,4,13,NW,33140350.88,29000000
"'Imadol, L'",L,35415524.19,Imadol,35386263.73,4.1,7,10,SW,40332835.82,33000000
"'Tikathali, L'",L,35415524.19,Tikathali,28933333.33,3,6,13,E,41179677.42,26000000
"'Imadol, L'",L,35415524.19,Imadol,35386263.73,3.2,5,20,S,35650000,26500000
"'Imadol, L'",L,35415524.19,Imadol,35386263.73,3,5,13,S,35650000,26500000
"'Mahalaxmi, L'",L,35415524.19,Mahalaxmi,27250000,3.1,7,20,N,38826844.25,31500000
"'Sital Height, L'",L,35415524.19,Sital Height,33545454.55,3.3,8,13,S,35650000,32000000
"'Manmaiju, K'",K,42844536.71,Manmaiju,27666666.67,5,9,13,S,35650000,24000000
"'Syuchatar, K'",K,42844536.71,Syuchatar,29785714.29,4.2,8,12,NE,39629508.2,23000000
"'Imadol, L'",L,35415524.19,Imadol,35386263.73,6.2,5,13,W,36390395.48,47500000
"'Lubhu, L'",L,35415524.19,Lubhu,21756521.74,5.2,5,16,NW,33140350.88,42500000
"'Imadol, L'",L,35415524.19,Imadol,35386263.73,3.2,6,13,S,35650000,29500000
"'Imadol, L'",L,35415524.19,Imadol,35386263.73,3.1,5,13,S,35650000,33500000
"'New Baneshwor, K'",K,42844536.71,New Baneshwor,65750000,2.2,7,4,E,41179677.42,27000000
"'Imadol, L'",L,35415524.19,Imadol,35386263.73,3,7,20,W,36390395.48,32500000
"'Baniyatar, K'",K,42844536.71,Baniyatar,33571428.57,2.2,5,10,NE,39629508.2,25000000
"'Pepsicola, K'",K,42844536.71,Pepsicola,37333333.33,5.5,1,26,SE,41607843.14,95000000
"'Pepsicola, K'",K,42844536.71,Pepsicola,37333333.33,2.3,6,26,E,41179677.42,32500000
"'Chabahil, K'",K,42844536.71,Chabahil,91250000,4.5,10,8,E,41179677.42,40000000
"'Imadol, L'",L,35415524.19,Imadol,35386263.73,4.5,5,13,NE,39629508.2,49500000
"'Tikathali, L'",L,35415524.19,Tikathali,28933333.33,2.3,5,13,E,41179677.42,22000000
"'Tikathali, L'",L,35415524.19,Tikathali,28933333.33,2.3,5,13,S,35650000,22500000
"'Imadol, L'",L,35415524.19,Imadol,35386263.73,3,5,13,NE,39629508.2,22500000
"'Tikathali, L'",L,35415524.19,Tikathali,28933333.33,3,6,13,E,41179677.42,25000000
"'Imadol, L'",L,35415524.19,Imadol,35386263.73,5,6,13,W,36390395.48,39500000
"'Imadol, L'",L,35415524.19,Imadol,35386263.73,3.1,5,13,N,38826844.25,32500000
"'Imadol, L'",L,35415524.19,Imadol,35386263.73,4,6,13,N,38826844.25,45500000
"'Imadol, L'",L,35415524.19,Imadol,35386263.73,3.1,4,13,N,38826844.25,32500000
"'Dhaneshwor, K'",K,42844536.71,Dhaneshwor,27500000,4,8,10,S,35650000,29000000
"'Dhalmal, K'",K,42844536.71,Dhalmal,28000000,3.1,5,13,S,35650000,30000000
"'Imadol, L'",L,35415524.19,Imadol,35386263.73,3,3,12,NE,39629508.2,27000000
"'Tikathali, L'",L,35415524.19,Tikathali,28933333.33,3,6,13,NW,33140350.88,23500000
"'Suntol, L'",L,35415524.19,Suntol,34000000,4,6,13,E,41179677.42,34000000
"'Imadol, L'",L,35415524.19,Imadol,35386263.73,3,6,13,E,41179677.42,26500000
"'Imadol, L'",L,35415524.19,Imadol,35386263.73,3,5,13,N,38826844.25,35000000
"'Imadol, L'",L,35415524.19,Imadol,35386263.73,3.5,5,13,W,36390395.48,34500000
"'Imadol, L'",L,35415524.19,Imadol,35386263.73,3,5,13,NE,39629508.2,35000000
"'Tikathali, L'",L,35415524.19,Tikathali,28933333.33,3.1,5,13,E,41179677.42,32500000
"'Hattiban, L'",L,35415524.19,Hattiban,29954545.45,3,6,14,W,36390395.48,28000000
"'Hattiban, L'",L,35415524.19,Hattiban,29954545.45,3,5,13,S,35650000,33000000
"'Imadol, L'",L,35415524.19,Imadol,35386263.73,3,6,13,SE,41607843.14,23500000
"'Manmaiju, K'",K,42844536.71,Manmaiju,27666666.67,4,7,12,S,35650000,32500000
"'Dapasi, K'",K,42844536.71,Dapasi,50000000,4,4,20,NW,33140350.88,50000000
"'Imadol, L'",L,35415524.19,Imadol,35386263.73,3,9,13,S,35650000,29000000
"'Imadol, L'",L,35415524.19,Imadol,35386263.73,4,4,13,S,35650000,46500000
"'Imadol, L'",L,35415524.19,Imadol,35386263.73,5,8,13,S,35650000,51000000
"'Sanagaun, L'",L,35415524.19,Sanagaun,26283333.33,3,6,13,NE,39629508.2,27000000
"'Sanagaun, L'",L,35415524.19,Sanagaun,26283333.33,4,5,20,NE,39629508.2,33000000
"'Balkot, B'",B,30804807.69,Balkot,39574074.07,9,7,22,NW,33140350.88,42500000
"'Imadol, L'",L,35415524.19,Imadol,35386263.73,3,5,14,E,41179677.42,31500000
"'Ektabasti, K'",K,42844536.71,Ektabasti,26000000,3.5,5,16,NW,33140350.88,24000000
"'Tikathali, L'",L,35415524.19,Tikathali,28933333.33,3.5,6,13,E,41179677.42,29000000
"'Pepsicola, K'",K,42844536.71,Pepsicola,37333333.33,2,6,16,SW,40332835.82,25000000
"'Sitapaila, K'",K,42844536.71,Sitapaila,33166666.67,6,10,8,W,36390395.48,30000000
"'Pepsicola, K'",K,42844536.71,Pepsicola,37333333.33,4.3,9,16,NE,39629508.2,45000000
"'Siddhipur, L'",L,35415524.19,Siddhipur,20250000,3,2,12,S,35650000,25000000
"'Badegaun, L'",L,35415524.19,Badegaun,16500000,3,3,13,E,41179677.42,16500000
"'Kandaghari, K'",K,42844536.71,Kandaghari,52000000,7,12,20,S,35650000,52000000
"'Tikathali, L'",L,35415524.19,Tikathali,28933333.33,13,5,13,S,35650000,54000000
"'Chasidol, L'",L,35415524.19,Chasidol,22000000,3.5,7,13,W,36390395.48,22000000
"'Bhandarigauu, K'",K,42844536.71,Bhandarigauu,27500000,3.2,6,13,S,35650000,27500000
"'Imadol, L'",L,35415524.19,Imadol,35386263.73,5,14,13,NW,33140350.88,42500000
"'Budhanilkantha, K'",K,42844536.71,Budhanilkantha,53966666.67,3.3,3,26,E,41179677.42,29500000
"'Tikathali, L'",L,35415524.19,Tikathali,28933333.33,3.1,6,13,W,36390395.48,26500000
"'Imadol, L'",L,35415524.19,Imadol,35386263.73,3.5,6,12,NW,33140350.88,31000000
"'Imadol, L'",L,35415524.19,Imadol,35386263.73,4,6,13,E,41179677.42,32500000
"'Imadol, L'",L,35415524.19,Imadol,35386263.73,2.3,5,13,W,36390395.48,25500000
"'Imadol, L'",L,35415524.19,Imadol,35386263.73,3,5,13,E,41179677.42,27000000
"'Imadol, L'",L,35415524.19,Imadol,35386263.73,3,5,13,W,36390395.48,28000000
"'Lubhu, L'",L,35415524.19,Lubhu,21756521.74,2.3,5,13,N,38826844.25,23000000
"'Thimi, B'",B,30804807.69,Thimi,33700000,3.1,5,20,W,36390395.48,22500000
"'Chobar, K'",K,42844536.71,Chobar,33750000,6.5,5,20,E,41179677.42,32500000
"'Imadol, L'",L,35415524.19,Imadol,35386263.73,3,5,13,N,38826844.25,32500000
"'Imadol, L'",L,35415524.19,Imadol,35386263.73,5.1,5,13,SE,41607843.14,57500000
"'Tikathali, L'",L,35415524.19,Tikathali,28933333.33,5,6,13,NW,33140350.88,32000000
"'Imadol, L'",L,35415524.19,Imadol,35386263.73,4,6,13,NE,39629508.2,37500000
"'Bhaisepati, L'",L,35415524.19,Bhaisepati,48360000,3,4,22,SE,41607843.14,30000000
"'Gatthaghar, B'",B,30804807.69,Gatthaghar,28750000,3,10,13,NE,39629508.2,25000000
"'Thaiba, L'",L,35415524.19,Thaiba,30500000,7.2,5,20,W,36390395.48,40000000
"'Budhanilkantha, K'",K,42844536.71,Budhanilkantha,53966666.67,6,7,13,E,41179677.42,52500000
"'Chunikhel, K'",K,42844536.71,Chunikhel,34472727.27,3,6,13,S,35650000,28000000
"'Mahankal, K'",K,42844536.71,Mahankal,40250000,6,4,16,NE,39629508.2,47500000
"'Gatthaghar, B'",B,30804807.69,Gatthaghar,28750000,3,6,13,E,41179677.42,33000000
"'Chunikhel, K'",K,42844536.71,Chunikhel,34472727.27,4.5,7,13,NE,39629508.2,44500000
"'Bhaisepati, L'",L,35415524.19,Bhaisepati,48360000,5.5,6,20,W,36390395.48,52500000
"'Naikap, K'",K,42844536.71,Naikap,23666666.67,3.5,5,13,NW,33140350.88,22500000
"'Goldhunga, K'",K,42844536.71,Goldhunga,22375000,6.1,9,13,SE,41607843.14,30000000
"'Baniyatar, K'",K,42844536.71,Baniyatar,33571428.57,2.2,6,13,S,35650000,26000000
"'Imadol, L'",L,35415524.19,Imadol,35386263.73,4.2,6,13,W,36390395.48,39500000
"'Gothatar, K'",K,42844536.71,Gothatar,24946666.67,3.2,7,20,NE,39629508.2,32000000
"'Tikathali, L'",L,35415524.19,Tikathali,28933333.33,3,8,13,S,35650000,25000000
"'Setipakha, L'",L,35415524.19,Setipakha,28225000,3.2,6,13,E,41179677.42,35500000
"'Hattigauda, K'",K,42844536.71,Hattigauda,44666666.67,4,4,13,W,36390395.48,37000000
"'Chapali, K'",K,42844536.71,Chapali,42900000,4.5,5,14,NW,33140350.88,39000000
"'Imadol, L'",L,35415524.19,Imadol,35386263.73,5,5,20,W,36390395.48,55000000
"'Thimi, B'",B,30804807.69,Thimi,33700000,6,5,20,NE,39629508.2,60000000
"'Imadol, L'",L,35415524.19,Imadol,35386263.73,4,11,20,W,36390395.48,44500000
"'Imadol, L'",L,35415524.19,Imadol,35386263.73,3.1,6,13,W,36390395.48,30000000
"'Imadol, L'",L,35415524.19,Imadol,35386263.73,3,8,16,N,38826844.25,24500000
"'Tikathali, L'",L,35415524.19,Tikathali,28933333.33,3.2,7,13,S,35650000,31000000
"'Imadol, L'",L,35415524.19,Imadol,35386263.73,3.2,5,13,N,38826844.25,27000000
"'Ganesh chowk, K'",K,42844536.71,Ganesh Chowk,40687500,4.5,5,16,E,41179677.42,40000000
"'Imadol, L'",L,35415524.19,Imadol,35386263.73,4,6,13,S,35650000,42000000
"'Balkot, B'",B,30804807.69,Balkot,39574074.07,3.1,6,13,E,41179677.42,33000000
"'Balkot, B'",B,30804807.69,Balkot,39574074.07,14,6,24,N,38826844.25,85000000
"'Tikathali, L'",L,35415524.19,Tikathali,28933333.33,4,6,20,W,36390395.48,25000000
"'Imadol, L'",L,35415524.19,Imadol,35386263.73,4.2,8,13,N,38826844.25,38500000
"'Imadol, L'",L,35415524.19,Imadol,35386263.73,2.5,5,13,NE,39629508.2,18000000
"'Imadol, L'",L,35415524.19,Imadol,35386263.73,3,8,20,W,36390395.48,31000000
"'Sital Height, L'",L,35415524.19,Sital Height,33545454.55,5,5,16,SE,41607843.14,39000000
"'Swayambhu, K'",K,42844536.71,Swayambhu,48000000,5,6,13,NE,39629508.2,50000000
"'Sanagaun, L'",L,35415524.19,Sanagaun,26283333.33,4.1,7,13,S,35650000,32500000
"'Imadol, L'",L,35415524.19,Imadol,35386263.73,3.5,7,13,E,41179677.42,32000000
"'Gongabu, K'",K,42844536.71,Gongabu,37571428.57,3,15,13,S,35650000,27500000
"'Imadol, L'",L,35415524.19,Imadol,35386263.73,3.5,4,13,W,36390395.48,31000000
"'Imadol, L'",L,35415524.19,Imadol,35386263.73,3.5,5,13,E,41179677.42,42500000
"'Imadol, L'",L,35415524.19,Imadol,35386263.73,3.75,7,13,S,35650000,42500000
"'Sital Height, L'",L,35415524.19,Sital Height,33545454.55,3.5,5,20,S,35650000,26000000
"'Imadol, L'",L,35415524.19,Imadol,35386263.73,4.2,5,13,NW,33140350.88,45000000
"'Imadol, L'",L,35415524.19,Imadol,35386263.73,3,6,13,W,36390395.48,25000000
"'Tikathali, L'",L,35415524.19,Tikathali,28933333.33,3,7,13,S,35650000,24500000
"'Bansbari, K'",K,42844536.71,Bansbari,50666666.67,4,6,13,E,41179677.42,40000000
"'Imadol, L'",L,35415524.19,Imadol,35386263.73,3.25,6,13,N,38826844.25,32499999
"'Imadol, L'",L,35415524.19,Imadol,35386263.73,3.2,6,13,S,35650000,31999999
"'Dhapakhel, L'",L,35415524.19,Dhapakhel,37142857.14,5.3,5,20,E,41179677.42,55000000
"'Magargau, L'",L,35415524.19,Magargau,29999999,3.5,4,16,E,41179677.42,29999999
"'Sanobharyang, K'",K,42844536.71,Sanobharyang,35750000,3.5,5,22,S,35650000,32500000
"'Panipokhari, K'",K,42844536.71,Panipokhari,60000000,3,6,20,E,41179677.42,60000000
"'Imadol, L'",L,35415524.19,Imadol,35386263.73,3,8,20,S,35650000,31500000
"'Imadol, L'",L,35415524.19,Imadol,35386263.73,3.5,8,13,W,36390395.48,26500000
"'Baluwatar, K'",K,42844536.71,Baluwatar,67000000,4.5,9,26,SE,41607843.14,90000000
"'Gongabu, K'",K,42844536.71,Gongabu,37571428.57,3,4,13,NW,33140350.88,26000000
"'Balkot, B'",B,30804807.69,Balkot,39574074.07,3.5,7,13,W,36390395.48,26500000
"'Imadol, L'",L,35415524.19,Imadol,35386263.73,3,7,24,E,41179677.42,31500000
"'Imadol, L'",L,35415524.19,Imadol,35386263.73,3,5,13,W,36390395.48,25000000
"'Balkot, B'",B,30804807.69,Balkot,39574074.07,4,7,20,E,41179677.42,32500000
"'Bode, B'",B,30804807.69,Bode,17750000,3,5,26,E,41179677.42,19000000
"'Karyabinayak, L'",L,35415524.19,Karyabinayak,39500000,6,8,13,E,41179677.42,45000000
"'Bhaisepati, L'",L,35415524.19,Bhaisepati,48360000,5.5,6,16,E,41179677.42,65000000
"'Bhaisepati, L'",L,35415524.19,Bhaisepati,48360000,5,7,13,E,41179677.42,42500000
"'Bhaisepati, L'",L,35415524.19,Bhaisepati,48360000,5,7,13,E,41179677.42,37500000
"'Imadol, L'",L,35415524.19,Imadol,35386263.73,3.5,6,13,S,35650000,35000000
"'Imadol, L'",L,35415524.19,Imadol,35386263.73,3.3,7,14,N,38826844.25,38000000
"'Tikathali, L'",L,35415524.19,Tikathali,28933333.33,4.1,7,20,W,36390395.48,36500000
"'Imadol, L'",L,35415524.19,Imadol,35386263.73,6,7,20,E,41179677.42,67500000
"'Imadol, L'",L,35415524.19,Imadol,35386263.73,6,7,13,E,41179677.42,67500000
"'Sukedhara, K'",K,42844536.71,Sukedhara,46750000,3,5,13,W,36390395.48,32500000
"'Baniyatar, K'",K,42844536.71,Baniyatar,33571428.57,3.3,5,13,E,41179677.42,28000000
"'Imadol, L'",L,35415524.19,Imadol,35386263.73,5,7,16,W,36390395.48,39000000
"'Imadol, L'",L,35415524.19,Imadol,35386263.73,3.5,8,16,E,41179677.42,31500000
"'Sitapakha, L'",L,35415524.19,Sitapakha,27500000,4,6,13,W,36390395.48,29000000
"'Imadol, L'",L,35415524.19,Imadol,35386263.73,3.2,6,13,N,38826844.25,25000000
"'Imadol, L'",L,35415524.19,Imadol,35386263.73,4.3,6,13,W,36390395.48,42500000
"'Dhapakhel, L'",L,35415524.19,Dhapakhel,37142857.14,11.1,6,16,W,36390395.48,41500000
"'Hattiban, L'",L,35415524.19,Hattiban,29954545.45,4,7,12,W,36390395.48,26500000
"'Narayanthan, K'",K,42844536.71,Narayanthan,76666666.67,3.21,2,13,E,41179677.42,25000000
"'Sangla, K'",K,42844536.71,Sangla,18500000,2.04,3,12,SE,41607843.14,18500000
"'Kalanki, K'",K,42844536.71,Kalanki,43250000,4,1,10,E,41179677.42,33500000
"'Deuba chowk, K'",K,42844536.71,Deuba Chowk,42500000,5.5,5,13,S,35650000,34000000
"'Imadol, L'",L,35415524.19,Imadol,35386263.73,3,6,16,E,41179677.42,22500000
"'Kuleshwor, K'",K,42844536.71,Kuleshwor,73333333.33,6.2,1,16,S,35650000,60000000
"'Kist Hospital, L'",L,35415524.19,Kist Hospital,28500000,3.79,7,13,E,41179677.42,28500000
"'Nayabasti, L'",L,35415524.19,Nayabasti,27500000,2.92,7,20,E,41179677.42,27500000
"'Kapan, K'",K,42844536.71,Kapan,31736111.11,2,1,8,E,41179677.42,15000000
"'Imadol, L'",L,35415524.19,Imadol,35386263.73,3.75,4,16,E,41179677.42,26800000
"'Kapurdhara, K'",K,42844536.71,Kapurdhara,33000000,4.39,5,4,N,38826844.25,33000000
"'Dhumbarahi, K'",K,42844536.71,Dhumbarahi,37685714.29,5,3,20,SE,41607843.14,55000000
"'Mandikatar, K'",K,42844536.71,Mandikatar,33409090.91,3,3,13,E,41179677.42,25000000
"'Kapan, K'",K,42844536.71,Kapan,31736111.11,3,5,10,E,41179677.42,22500000
"'Hattigauda, K'",K,42844536.71,Hattigauda,44666666.67,4,7,17,N,38826844.25,50000000
"'Imadol, L'",L,35415524.19,Imadol,35386263.73,4,6,13,N,38826844.25,46000000
"'Imadol, L'",L,35415524.19,Imadol,35386263.73,5.5,6,16,S,35650000,55000000
"'Lubhu, L'",L,35415524.19,Lubhu,21756521.74,3.5,7,13,W,36390395.48,23600000
"'Mandikatar, K'",K,42844536.71,Mandikatar,33409090.91,5,3,16,E,41179677.42,35000000
"'Balkot, B'",B,30804807.69,Balkot,39574074.07,3.1,6,13,S,35650000,27000000
"'Balkot, B'",B,30804807.69,Balkot,39574074.07,3,5,36,S,35650000,25500000
"'Jharankhu, K'",K,42844536.71,Jharankhu,19000000,4,6,13,E,41179677.42,19000000
"'Mulpani, K'",K,42844536.71,Mulpani,32722222.22,4,7,10,S,35650000,23000000
"'Imadol, L'",L,35415524.19,Imadol,35386263.73,3,5,20,W,36390395.48,26000000
"'Harisiddhi, L'",L,35415524.19,Harisiddhi,34035714.29,3.5,6,13,S,35650000,27500000
"'Makalbari, K'",K,42844536.71,Makalbari,31250000,5,7,13,E,41179677.42,35000000
"'Mulpani, K'",K,42844536.71,Mulpani,32722222.22,4,8,10,S,35650000,23000000
"'Sukedhara, K'",K,42844536.71,Sukedhara,46750000,3,5,14,S,35650000,33000000
"'Dhaneshwor, K'",K,42844536.71,Dhaneshwor,27500000,4,8,14,N,38826844.25,28000000
"'Dharmasthali, K'",K,42844536.71,Dharmasthali,37000000,4,8,13,N,38826844.25,37000000
"'Jagdol, K'",K,42844536.71,Jagdol,30000000,3.2,5,13,SE,41607843.14,30000000
"'Goldhunga, K'",K,42844536.71,Goldhunga,22375000,4,5,13,NW,33140350.88,27000000
"'Kapan, K'",K,42844536.71,Kapan,31736111.11,3,5,13,E,41179677.42,25000000
"'Gyaneshwor, K'",K,42844536.71,Gyaneshwor,87333333.33,3.3,6,20,NW,33140350.88,65000000
"'Samakhusi, K'",K,42844536.71,Samakhusi,50220000,5,8,13,E,41179677.42,45000000
"'Baniyatar, K'",K,42844536.71,Baniyatar,33571428.57,4.2,5,13,SW,40332835.82,28000000
"'Imadol, L'",L,35415524.19,Imadol,35386263.73,4.1,9,13,W,36390395.48,41000000
"'Baniyatar, K'",K,42844536.71,Baniyatar,33571428.57,6,6,13,E,41179677.42,60000000
"'Kapan, K'",K,42844536.71,Kapan,31736111.11,3,6,13,SW,40332835.82,25000000
"'Nakkhu, L'",L,35415524.19,Nakkhu,35566666.67,3,7,13,S,35650000,27000000
"'Bhangal, K'",K,42844536.71,Bhangal,36653846.15,4,6,13,S,35650000,34500000
"'Ramailo Danda, K'",K,42844536.71,Ramailo Danda,21500000,3.3,6,12,S,35650000,21500000
"'Balaju, K'",K,42844536.71,Balaju,20666666.67,3,7,8,S,35650000,18500000
"'Imadol, L'",L,35415524.19,Imadol,35386263.73,3.5,8,13,E,41179677.42,30000000
"'Sital Height, L'",L,35415524.19,Sital Height,33545454.55,5.1,7,26,E,41179677.42,57500000
"'Pepsicola, K'",K,42844536.71,Pepsicola,37333333.33,3.5,6,22,E,41179677.42,33500000
"'Pepsicola, K'",K,42844536.71,Pepsicola,37333333.33,3.5,8,13,W,36390395.48,32500000
"'Ektabasti, K'",K,42844536.71,Ektabasti,26000000,3.45,3,13,NE,39629508.2,28000000
"'Dhapakhel, L'",L,35415524.19,Dhapakhel,37142857.14,6,6,13,SE,41607843.14,47500000
"'Harisiddhi, L'",L,35415524.19,Harisiddhi,34035714.29,7.2,6,20,E,41179677.42,40000000
"'Imadol, L'",L,35415524.19,Imadol,35386263.73,4,7,13,SW,40332835.82,36500000
"'Chunikhel, K'",K,42844536.71,Chunikhel,34472727.27,5,6,20,E,41179677.42,39700000
"'Chunikhel, K'",K,42844536.71,Chunikhel,34472727.27,3.5,6,13,E,41179677.42,32500000
"'Chunikhel, K'",K,42844536.71,Chunikhel,34472727.27,4,6,13,NW,33140350.88,43500000
"'Chapali, K'",K,42844536.71,Chapali,42900000,6,6,13,W,36390395.48,53000000
"'Balkot, B'",B,30804807.69,Balkot,39574074.07,5,6,13,S,35650000,37000000
"'Imadol, L'",L,35415524.19,Imadol,35386263.73,4,6,14,NE,39629508.2,46000000
"'Imadol, L'",L,35415524.19,Imadol,35386263.73,4.5,6,15,NE,39629508.2,49500000
"'Imadol, L'",L,35415524.19,Imadol,35386263.73,4,5,15,NE,39629508.2,45500000
"'Tikathali, L'",L,35415524.19,Tikathali,28933333.33,3.1,6,13,NE,39629508.2,26500000
"'Tikathali, L'",L,35415524.19,Tikathali,28933333.33,3.5,6,13,S,35650000,27500000
"'Imadol, L'",L,35415524.19,Imadol,35386263.73,3,9,13,S,35650000,31500000
"'Baluwapati, K'",K,42844536.71,Baluwapati,34000000,4.2,8,13,S,35650000,34000000
"'Gairigaun, K'",K,42844536.71,Gairigaun,32000000,4,6,13,E,41179677.42,32000000
"'Sitapaila, K'",K,42844536.71,Sitapaila,33166666.67,4,5,26,N,38826844.25,25000000
"'Sanagaun, L'",L,35415524.19,Sanagaun,26283333.33,4.75,3,13,S,35650000,37500000
"'Ekantakuna, L'",L,35415524.19,Ekantakuna,39000000,6,6,20,W,36390395.48,39000000
"'Imadol, L'",L,35415524.19,Imadol,35386263.73,3,5,13,S,35650000,28000000
"'Imadol, L'",L,35415524.19,Imadol,35386263.73,3,6,11,S,35650000,29000000
"'Kapan, K'",K,42844536.71,Kapan,31736111.11,3.2,5,13,W,36390395.48,32000000
"'Payutar, K'",K,42844536.71,Payutar,40000000,4,6,10,NW,33140350.88,40000000
"'Kapan, K'",K,42844536.71,Kapan,31736111.11,4,6,13,N,38826844.25,32000000
"'Baluwatar, K'",K,42844536.71,Baluwatar,67000000,3,7,15,E,41179677.42,33000000
"'Matatirtha, K'",K,42844536.71,Matatirtha,33000000,6.1,7,22,E,41179677.42,33000000
"'Ganeshthan, K'",K,42844536.71,Ganeshthan,28000000,4,8,8,E,41179677.42,28000000
"'New Baneshwor, K'",K,42844536.71,New Baneshwor,65750000,8.15,11,16,W,36390395.48,95000000
"'Imadol, L'",L,35415524.19,Imadol,35386263.73,3.75,6,13,W,36390395.48,33500000
"'Bhangal, K'",K,42844536.71,Bhangal,36653846.15,5.5,4,13,NE,39629508.2,50000000
"'Bhaisepati, L'",L,35415524.19,Bhaisepati,48360000,4.3,6,20,SE,41607843.14,39000000
"'Imadol, L'",L,35415524.19,Imadol,35386263.73,4.1,7,13,E,41179677.42,38000000
"'Imadol, L'",L,35415524.19,Imadol,35386263.73,3.2,8,13,E,41179677.42,32500000
"'Kumaripati, L'",L,35415524.19,Kumaripati,32500000,4.2,8,8,SW,40332835.82,32500000
"'Sital Height, L'",L,35415524.19,Sital Height,33545454.55,3.2,5,13,N,38826844.25,29000000
"'Sanobharyang, K'",K,42844536.71,Sanobharyang,35750000,4.1,6,14,SW,40332835.82,39000000
"'Naxal, K'",K,42844536.71,Naxal,73500000,8,7,13,E,41179677.42,100000000
"'Dibyeshwori, B'",B,30804807.69,Dibyeshwori,32500000,3.1,7,20,W,36390395.48,32500000
"'Shantinagar, K'",K,42844536.71,Shantinagar,52500000,5.5,9,20,E,41179677.42,60000000
"'Balkot, B'",B,30804807.69,Balkot,39574074.07,5,9,20,SE,41607843.14,37500000
"'Kapan, K'",K,42844536.71,Kapan,31736111.11,3,7,13,SE,41607843.14,24500000
"'Imadol, L'",L,35415524.19,Imadol,35386263.73,4.2,7,20,E,41179677.42,44000000
"'Naikap, K'",K,42844536.71,Naikap,23666666.67,3,7,13,E,41179677.42,25500000
"'Bhaisepati, L'",L,35415524.19,Bhaisepati,48360000,4.2,8,13,E,41179677.42,32000000
"'Imadol, L'",L,35415524.19,Imadol,35386263.73,4.2,8,13,S,35650000,28900000
"'Manmaiju, K'",K,42844536.71,Manmaiju,27666666.67,3.2,7,16,S,35650000,26500000
"'Thulobharyang, K'",K,42844536.71,Thulobharyang,41375000,5.5,8,11,NE,39629508.2,50000000
"'Baneshwor, K'",K,42844536.71,Baneshwor,99314285.71,4,5,14,S,35650000,44000000
"'Tikathali, L'",L,35415524.19,Tikathali,28933333.33,4,3,14,E,41179677.42,32500000
"'Imadol, L'",L,35415524.19,Imadol,35386263.73,4,5,13,SW,40332835.82,37500000
"'Guheshwori, K'",K,42844536.71,Guheshwori,27666666.67,2.04,5,13,N,38826844.25,28000000
"'Kapan, K'",K,42844536.71,Kapan,31736111.11,4.5,6,13,E,41179677.42,35000000
"'Dadhikot, B'",B,30804807.69,Dadhikot,44083333.33,4.75,7,13,E,41179677.42,32000000
"'Tangal, K'",K,42844536.71,Tangal,65000000,7.2,5,16,N,38826844.25,65000000
"'Sukedhara, K'",K,42844536.71,Sukedhara,46750000,2.5,3,20,S,35650000,25000000
"'Imadol, L'",L,35415524.19,Imadol,35386263.73,4,7,16,E,41179677.42,32500000
"'Gyaneshwor, K'",K,42844536.71,Gyaneshwor,87333333.33,6,6,14,S,35650000,57000000
"'Imadol, L'",L,35415524.19,Imadol,35386263.73,4,7,18,N,38826844.25,39500000
"'Bhangal, K'",K,42844536.71,Bhangal,36653846.15,3.5,4,13,SW,40332835.82,25000000
"'Balaju, K'",K,42844536.71,Balaju,20666666.67,2.3,3,14,W,36390395.48,30000000
"'kalanki, K'",K,42844536.71,Kalanki,43250000,2.5,3,13,SE,41607843.14,32000000
"'Shantinagar, K'",K,42844536.71,Shantinagar,52500000,3,6,10,S,35650000,42500000
"'Imadol, L'",L,35415524.19,Imadol,35386263.73,4,5,13,N,38826844.25,39000000
"'Imadol, L'",L,35415524.19,Imadol,35386263.73,6.3,6,13,N,38826844.25,38000000
"'Imadol, L'",L,35415524.19,Imadol,35386263.73,3.1,8,13,E,41179677.42,25000000
"'Gatthaghar, B'",B,30804807.69,Gatthaghar,28750000,3.5,14,13,NW,33140350.88,25000000
"'Chunikhel, K'",K,42844536.71,Chunikhel,34472727.27,4.2,6,13,NE,39629508.2,45000000
"'Kusunti, L'",L,35415524.19,Kusunti,39500000,8,6,26,E,41179677.42,48000000
"'Gatthaghar, B'",B,30804807.69,Gatthaghar,28750000,3,8,13,E,41179677.42,36000000
"'Dhumbarahi, K'",K,42844536.71,Dhumbarahi,37685714.29,6,9,11,S,35650000,70000000
"'Sanagaun, L'",L,35415524.19,Sanagaun,26283333.33,3.1,5,13,S,35650000,27000000
"'Imadol, L'",L,35415524.19,Imadol,35386263.73,5,2,26,E,41179677.42,72500000
"'Sukedhara, K'",K,42844536.71,Sukedhara,46750000,4,4,20,E,41179677.42,47500000
"'Gatthaghar, B'",B,30804807.69,Gatthaghar,28750000,3.2,8,14,E,41179677.42,32000000
"'Shantinagar, K'",K,42844536.71,Shantinagar,52500000,4,11,10,S,35650000,42500000
"'Shantinagar, K'",K,42844536.71,Shantinagar,52500000,5,20,20,E,41179677.42,55000000
"'Imadol, L'",L,35415524.19,Imadol,35386263.73,3.3,8,13,NE,39629508.2,36500000
"'Imadol, L'",L,35415524.19,Imadol,35386263.73,4,7,13,W,36390395.48,21500000
"'Baniyatar, K'",K,42844536.71,Baniyatar,33571428.57,4.1,9,13,E,41179677.42,38000000
"'Baniyatar, K'",K,42844536.71,Baniyatar,33571428.57,4,7,13,W,36390395.48,30000000
"'Pahelopul, K'",K,42844536.71,Pahelopul,38500000,4,13,20,S,35650000,38500000
"'Kalanki, K'",K,42844536.71,Kalanki,43250000,6,10,13,S,35650000,42500000
"'Kapan, K'",K,42844536.71,Kapan,31736111.11,5,6,13,SE,41607843.14,38000000
"'Manohara, B'",B,30804807.69,Manohara,42000000,4.3,4,20,E,41179677.42,42000000
"'Sitapaila, K'",K,42844536.71,Sitapaila,33166666.67,4,3,16,S,35650000,45000000
"'Satdobato, L'",L,35415524.19,Satdobato,62916666.67,8,10,13,SE,41607843.14,110000000
"'Shantinagar, K'",K,42844536.71,Shantinagar,52500000,6,28,20,E,41179677.42,65000000
"'Chabahil, K'",K,42844536.71,Chabahil,91250000,5,19,24,E,41179677.42,60000000
"'Sukedhara, K'",K,42844536.71,Sukedhara,46750000,5.48,6,12,N,38826844.25,42500000
"'Kuleshwor, K'",K,42844536.71,Kuleshwor,73333333.33,8.5,7,16,W,36390395.48,80000000
"'Sitapaila, K'",K,42844536.71,Sitapaila,33166666.67,3,5,13,E,41179677.42,28000000
"'Sitapaila, K'",K,42844536.71,Sitapaila,33166666.67,3.5,6,13,E,41179677.42,25000000
"'Kalanki, K'",K,42844536.71,Kalanki,43250000,3,5,13,E,41179677.42,28000000
"'Swayambhu, K'",K,42844536.71,Swayambhu,48000000,5.25,13,13,N,38826844.25,80000000
"'Kalanki, K'",K,42844536.71,Kalanki,43250000,10,7,13,E,41179677.42,60000000
"'Bhaisepati, L'",L,35415524.19,Bhaisepati,48360000,4.43,4,20,SE,41607843.14,41500000
"'Dhapasi, K'",K,42844536.71,Dhapasi,53750000,8,5,13,E,41179677.42,75500000
"'Sunakothi, L'",L,35415524.19,Sunakothi,38666666.67,3.75,5,13,NE,39629508.2,37500000
"'Sunakothi, L'",L,35415524.19,Sunakothi,38666666.67,3.12,4,13,SE,41607843.14,31500000
"'Mulpani, K'",K,42844536.71,Mulpani,32722222.22,3,7,13,SE,41607843.14,23500000
"'Kapan, K'",K,42844536.71,Kapan,31736111.11,4,6,14,SE,41607843.14,37500000
"'Tikathali, L'",L,35415524.19,Tikathali,28933333.33,3.25,5,13,N,38826844.25,33500000
"'Bhangal, K'",K,42844536.71,Bhangal,36653846.15,4.06,6,13,NE,39629508.2,34500000
"'Naxal, K'",K,42844536.71,Naxal,73500000,7.75,10,21,SW,40332835.82,58000000
"'Tahachal, K'",K,42844536.71,Tahachal,35500000,2.75,3,11,E,41179677.42,21000000
"'Budhanilkantha, K'",K,42844536.71,Budhanilkantha,53966666.67,4,6,13,SW,40332835.82,29500000
"'Dallu, K'",K,42844536.71,Dallu,40460000,6,17,14,N,38826844.25,45000000
"'Naikap, K'",K,42844536.71,Naikap,23666666.67,3,7,13,E,41179677.42,23000000
"'Baluwatar, K'",K,42844536.71,Baluwatar,67000000,7.75,10,20,S,35650000,11000000
"'Tikathali, L'",L,35415524.19,Tikathali,28933333.33,3.37,6,14,W,36390395.48,27500000
"'Golfutar, K'",K,42844536.71,Golfutar,45250000,4.5,8,13,SE,41607843.14,35000000
"'Imadol, L'",L,35415524.19,Imadol,35386263.73,2.5,5,13,W,36390395.48,21000000
"'Battisputali, K'",K,42844536.71,Battisputali,50333333.33,4.75,12,19,E,41179677.42,69000000
"'Tikathali, L'",L,35415524.19,Tikathali,28933333.33,4,6,13,NE,39629508.2,42500000
"'Tikathali, L'",L,35415524.19,Tikathali,28933333.33,4,6,13,SE,41607843.14,45000000
"'Budhanilkantha, K'",K,42844536.71,Budhanilkantha,53966666.67,9.5,6,13,NE,39629508.2,107500000
"'Newroad, K'",K,42844536.71,Newroad,35000000,1,9,12,N,38826844.25,35000000
"'Dhumbarahi, K'",K,42844536.71,Dhumbarahi,37685714.29,3.5,6,11,S,35650000,25000000
"'Guheshwori, K'",K,42844536.71,Guheshwori,27666666.67,4,4,12,SW,40332835.82,30000000
"'Mahankal, K'",K,42844536.71,Mahankal,40250000,3.5,9,15,NE,39629508.2,33000000
"'Tokha, K'",K,42844536.71,Tokha,32214285.71,3.37,6,13,E,41179677.42,28500000
"'Jorpati, K'",K,42844536.71,Jorpati,27136363.64,3,3,13,W,36390395.48,29000000
"'Mulpani, K'",K,42844536.71,Mulpani,32722222.22,5,4,20,NW,33140350.88,50000000
"'Bafal, K'",K,42844536.71,Bafal,66250000,9,11,13,N,38826844.25,100000000
"'Ravi Bhawan, K'",K,42844536.71,Ravi Bhawan,36000000,3.75,6,4,SE,41607843.14,22000000
"'Syuchatar, K'",K,42844536.71,Syuchatar,29785714.29,4,6,10,NE,39629508.2,27500000
"'Old Baneshwor, K'",K,42844536.71,Old Baneshwor,71666666.67,7.75,14,26,E,41179677.42,110000000
"'Tokha, K'",K,42844536.71,Tokha,32214285.71,6,5,26,E,41179677.42,52500000
"'Tokha, K'",K,42844536.71,Tokha,32214285.71,3,5,10,NE,39629508.2,27000000
"'Imadol, L'",L,35415524.19,Imadol,35386263.73,4.5,6,13,NE,39629508.2,47500000
"'Imadol, L'",L,35415524.19,Imadol,35386263.73,3,6,13,NW,33140350.88,27500000
"'Imadol, L'",L,35415524.19,Imadol,35386263.73,3.75,7,13,NE,39629508.2,29500000
"'New Baneshwor, K'",K,42844536.71,New Baneshwor,65750000,3.5,6,10,E,41179677.42,36000000
"'Maharajgunj, K'",K,42844536.71,Maharajgunj,85428571.43,11,6,12,W,36390395.48,115000000
"'Sipadol, B'",B,30804807.69,Sipadol,16500000,3,5,13,S,35650000,16500000
"'Hadigaun, K'",K,42844536.71,Hadigaun,11000000,14,11,24,W,36390395.48,11000000
"'Gyaneshwor, K'",K,42844536.71,Gyaneshwor,87333333.33,10,5,16,S,35650000,140000000
"'Mandikatar, K'",K,42844536.71,Mandikatar,33409090.91,3,5,13,SE,41607843.14,26000000
"'Tikathali, L'",L,35415524.19,Tikathali,28933333.33,3.75,6,13,S,35650000,31000000
"'Tokha, K'",K,42844536.71,Tokha,32214285.71,3.5,6,10,SE,41607843.14,25000000
"'Lubhu, L'",L,35415524.19,Lubhu,21756521.74,2.75,4,10,W,36390395.48,18000000
"'Changathali, L'",L,35415524.19,Changathali,28000000,5.5,7,13,NE,39629508.2,28000000
"'Sudal, B'",B,30804807.69,Sudal,16250000,4,2,13,S,35650000,13500000
"'Chabahil, K'",K,42844536.71,Chabahil,91250000,15,10,14,E,41179677.42,140000000
"'Boudha, K'",K,42844536.71,Boudha,37375000,6,7,14,E,41179677.42,50000000
"'Kapan, K'",K,42844536.71,Kapan,31736111.11,3,3,13,S,35650000,16500000
"'Tokha, K'",K,42844536.71,Tokha,32214285.71,3.62,5,10,S,35650000,48000000
"'Imadol, L'",L,35415524.19,Imadol,35386263.73,3,5,16,W,36390395.48,27000000
"'Tikathali, L'",L,35415524.19,Tikathali,28933333.33,3.75,2,13,NE,39629508.2,18500000
"'Tikathali, L'",L,35415524.19,Tikathali,28933333.33,9.25,6,16,W,36390395.48,97500000
"'Chandol, K'",K,42844536.71,Chandol,64250000,6.5,4,12,W,36390395.48,82500000
"'Tikathali, L'",L,35415524.19,Tikathali,28933333.33,3.5,7,13,SW,40332835.82,28000000
"'Bhangal, K'",K,42844536.71,Bhangal,36653846.15,3.45,9,20,W,36390395.48,21000000
"'Lubhu, L'",L,35415524.19,Lubhu,21756521.74,2.75,3,13,S,35650000,12000000
"'Lubhu, L'",L,35415524.19,Lubhu,21756521.74,2.91,6,13,S,35650000,20000000
"'Balkot, B'",B,30804807.69,Balkot,39574074.07,11.5,7,24,NE,39629508.2,85000000
"'Makalbari, K'",K,42844536.71,Makalbari,31250000,3.5,4,16,NE,39629508.2,27500000
"'Tikathali, L'",L,35415524.19,Tikathali,28933333.33,3,8,13,S,35650000,31000000
"'Samakhusi, K'",K,42844536.71,Samakhusi,50220000,9.5,7,14,E,41179677.42,74500000
"'Machapokhari, K'",K,42844536.71,Machapokhari,27000000,3.5,11,10,S,35650000,27000000
"'Tikathali, L'",L,35415524.19,Tikathali,28933333.33,3.25,5,13,S,35650000,33500000
"'Budhanilkantha, K'",K,42844536.71,Budhanilkantha,53966666.67,3,2,13,SW,40332835.82,17500000
"'Budhanilkantha, K'",K,42844536.71,Budhanilkantha,53966666.67,32,4,13,E,41179677.42,225000000
"'Bhaisepati, L'",L,35415524.19,Bhaisepati,48360000,2.5,3,13,W,36390395.48,25000000
"'Bhaisepati, L'",L,35415524.19,Bhaisepati,48360000,3.5,3,13,W,36390395.48,25000000
"'Bode, B'",B,30804807.69,Bode,17750000,4,4,13,S,35650000,16500000
"'Lubhu, L'",L,35415524.19,Lubhu,21756521.74,3.75,4,13,SE,41607843.14,29900000
"'Budhanilkantha, K'",K,42844536.71,Budhanilkantha,53966666.67,6,6,14,E,41179677.42,57500000
"'Tokha, K'",K,42844536.71,Tokha,32214285.71,3,5,13,W,36390395.48,31500000
"'Old Baneshwor, K'",K,42844536.71,Old Baneshwor,71666666.67,2.75,8,20,W,36390395.48,35000000
"'Golfutar, K'",K,42844536.71,Golfutar,45250000,8.5,8,13,SW,40332835.82,59500000
"'Sanothimi, B'",B,30804807.69,Sanothimi,36733333.33,5,6,13,S,35650000,39900000
"'Tikathali, L'",L,35415524.19,Tikathali,28933333.33,2.75,7,13,NE,39629508.2,21500000
"'Balkhu, K'",K,42844536.71,Balkhu,62191666.67,13.93,4,100,N,38826844.25,139075000
"'Basantapur, K'",K,42844536.71,Basantapur,35000000,1.87,3,15,N,38826844.25,35000000
"'Sukedhara, K'",K,42844536.71,Sukedhara,46750000,2.68,13,32,E,41179677.42,63000000
"'Dhumbarahi, K'",K,42844536.71,Dhumbarahi,37685714.29,4,12,13,N,38826844.25,47800000
"'Sukedhara, K'",K,42844536.71,Sukedhara,46750000,5,5,18,SW,40332835.82,55000000
"'Kharipati, B'",B,30804807.69,Kharipati,17500000,3.87,3,20,S,35650000,17500000
"'Kapan, K'",K,42844536.71,Kapan,31736111.11,3.5,14,26,NE,39629508.2,40000000
"'Suryabinayak, B'",B,30804807.69,Suryabinayak,25250000,5,6,13,W,36390395.48,35000000
"'Suryabinayak, B'",B,30804807.69,Suryabinayak,25250000,8.31,5,40,NW,33140350.88,41500000
"'Budhanilkantha, K'",K,42844536.71,Budhanilkantha,53966666.67,7,5,13,SE,41607843.14,36000000
"'Suryabinayak, B'",B,30804807.69,Suryabinayak,25250000,4,6,13,S,35650000,24000000
"'Bhaisepati, L'",L,35415524.19,Bhaisepati,48360000,13,4,20,E,41179677.42,104500000
"'Tokha, K'",K,42844536.71,Tokha,32214285.71,8.5,20,13,E,41179677.42,65000000
"'Bhangal, K'",K,42844536.71,Bhangal,36653846.15,4,6,13,W,36390395.48,37500000
"'Lubhu, L'",L,35415524.19,Lubhu,21756521.74,2.75,2,13,W,36390395.48,16000000
"'Tikathali, L'",L,35415524.19,Tikathali,28933333.33,3.5,7,13,E,41179677.42,29000000
"'Lubhu, L'",L,35415524.19,Lubhu,21756521.74,2.5,4,13,W,36390395.48,17000000
"'Tikathali, L'",L,35415524.19,Tikathali,28933333.33,4,8,13,S,35650000,32500000
"'Kapan, K'",K,42844536.71,Kapan,31736111.11,4,7,13,E,41179677.42,46000000
"'Swayambhu, K'",K,42844536.71,Swayambhu,48000000,4.5,7,13,NE,39629508.2,33000000
"'Kuleshwor, K'",K,42844536.71,Kuleshwor,73333333.33,10.5,4,10,W,36390395.48,80000000
"'Imadol, L'",L,35415524.19,Imadol,35386263.73,3.75,6,16,NE,39629508.2,41000000
"'Tinkune, K'",K,42844536.71,Tinkune,78000000,8.5,13,13,E,41179677.42,78000000
"'Tokha, K'",K,42844536.71,Tokha,32214285.71,4,7,13,E,41179677.42,35000000
"'Imadol, L'",L,35415524.19,Imadol,35386263.73,3.5,5,13,NW,33140350.88,38000000
"'Imadol, L'",L,35415524.19,Imadol,35386263.73,3.75,6,13,SE,41607843.14,43000000
"'Imadol, L'",L,35415524.19,Imadol,35386263.73,3.25,5,20,SE,41607843.14,32500000
"'Tikathali, L'",L,35415524.19,Tikathali,28933333.33,3.25,7,20,W,36390395.48,26000000
"'Budhanilkantha, K'",K,42844536.71,Budhanilkantha,53966666.67,6.25,6,13,SE,41607843.14,58500000
"'Budhanilkantha, K'",K,42844536.71,Budhanilkantha,53966666.67,4,6,13,W,36390395.48,36000000
"'Budhanilkantha, K'",K,42844536.71,Budhanilkantha,53966666.67,9,8,26,SE,41607843.14,75000000
"'Imadol, L'",L,35415524.19,Imadol,35386263.73,3,5,13,SE,41607843.14,27500000
"'Budhanilkantha, K'",K,42844536.71,Budhanilkantha,53966666.67,5,6,20,NE,39629508.2,42500000
"'Budhanilkantha, K'",K,42844536.71,Budhanilkantha,53966666.67,3.5,7,13,E,41179677.42,31000000
"'Budhanilkantha, K'",K,42844536.71,Budhanilkantha,53966666.67,4.06,4,20,W,36390395.48,46000000
"'Kapan, K'",K,42844536.71,Kapan,31736111.11,4,2,13,E,41179677.42,18500000
"'Maharajgunj, K'",K,42844536.71,Maharajgunj,85428571.43,4.5,6,12,S,35650000,55000000
"'Sitapaila, K'",K,42844536.71,Sitapaila,33166666.67,4,4,13,SE,41607843.14,32500000
"'Tikathali, L'",L,35415524.19,Tikathali,28933333.33,3.06,5,13,SW,40332835.82,25000000
"'Budhanilkantha, K'",K,42844536.71,Budhanilkantha,53966666.67,4,4,14,NE,39629508.2,39000000
"'Mulpani, K'",K,42844536.71,Mulpani,32722222.22,3,6,13,S,35650000,25500000
"'Dhaneshwor, K'",K,42844536.71,Dhaneshwor,27500000,3.5,6,10,SW,40332835.82,25000000
"'Bafal, K'",K,42844536.71,Bafal,66250000,4.25,6,13,E,41179677.42,32500000
"'Budhanilkantha, K'",K,42844536.71,Budhanilkantha,53966666.67,3.5,6,13,W,36390395.48,35000000
"'Kapan, K'",K,42844536.71,Kapan,31736111.11,3,8,13,SE,41607843.14,19000000
"'Gothatar, K'",K,42844536.71,Gothatar,24946666.67,4,6,20,SE,41607843.14,33000000
"'Mulpani, K'",K,42844536.71,Mulpani,32722222.22,3.5,6,13,S,35650000,27000000
"'Kalanki, K'",K,42844536.71,Kalanki,43250000,3,4,13,S,35650000,26500000
"'Dholahiti, L'",L,35415524.19,Dholahiti,57666666.67,10,4,20,SE,41607843.14,82500000
"'Ramkot, K'",K,42844536.71,Ramkot,20500000,3.5,3,15,NE,39629508.2,20500000
"'Dallu, K'",K,42844536.71,Dallu,40460000,3.75,8,22,E,41179677.42,58000000
"'Gothatar, K'",K,42844536.71,Gothatar,24946666.67,5.25,2,13,E,41179677.42,19000000
"'Basundhara, K'",K,42844536.71,Basundhara,48750000,3.93,5,13,W,36390395.48,37500000
"'Boudha, K'",K,42844536.71,Boudha,37375000,2.5,15,11,S,35650000,17000000
"'Tripureshwor, K'",K,42844536.71,Tripureshwor,40000000,1.75,10,32,S,35650000,40000000
"'Koteshwor, K'",K,42844536.71,Koteshwor,49000000,3.5,13,16,W,36390395.48,35000000
"'Koteshwor, K'",K,42844536.71,Koteshwor,49000000,4,10,16,E,41179677.42,45000000
"'Budhanilkantha, K'",K,42844536.71,Budhanilkantha,53966666.67,6,5,13,SW,40332835.82,56500000
"'Jorpati, K'",K,42844536.71,Jorpati,27136363.64,3.5,8,22,E,41179677.42,32500000
"'Mulpani, K'",K,42844536.71,Mulpani,32722222.22,8,7,20,E,41179677.42,40000000
"'Baluwatar, K'",K,42844536.71,Baluwatar,67000000,2.5,4,30,W,36390395.48,29500000
"'Dhapasi, K'",K,42844536.71,Dhapasi,53750000,13,4,14,S,35650000,91000000
"'Budhanilkantha, K'",K,42844536.71,Budhanilkantha,53966666.67,4.5,6,13,E,41179677.42,43000000
"'Imadol, L'",L,35415524.19,Imadol,35386263.73,4.31,6,13,E,41179677.42,30000000
"'Radhe Radhe, B'",B,30804807.69,Radhe Radhe,28833333.33,5.37,7,20,SW,40332835.82,39000000
"'Madhyapur Thimi, B'",B,30804807.69,Madhyapur Thimi,23500000,3.25,4,20,SW,40332835.82,23500000
"'Sallaghari, B'",B,30804807.69,Sallaghari,23000000,3.75,13,20,SE,41607843.14,30000000
"'Sanothimi, B'",B,30804807.69,Sanothimi,36733333.33,3,5,20,N,38826844.25,29000000
"'Nayabazar, K'",K,42844536.71,Nayabazar,75500000,4.62,7,20,E,41179677.42,49000000
"'Battisputali, K'",K,42844536.71,Battisputali,50333333.33,3.93,5,14,E,41179677.42,40000000
"'Budhanilkantha, K'",K,42844536.71,Budhanilkantha,53966666.67,24,10,13,NE,39629508.2,140000000
"'Budhanilkantha, K'",K,42844536.71,Budhanilkantha,53966666.67,3,5,13,S,35650000,28500000
"'Tokha, K'",K,42844536.71,Tokha,32214285.71,6,8,16,W,36390395.48,57000000
"'Pepsicola, K'",K,42844536.71,Pepsicola,37333333.33,3.87,6,20,W,36390395.48,29500000
"'Tikathali, L'",L,35415524.19,Tikathali,28933333.33,2.93,2,13,S,35650000,16000000
"'Tikathali, L'",L,35415524.19,Tikathali,28933333.33,3.5,8,13,N,38826844.25,28000000
"'Tokha, K'",K,42844536.71,Tokha,32214285.71,8.75,3,14,SE,41607843.14,52500000
"'Chandol, K'",K,42844536.71,Chandol,64250000,5.75,4,8,E,41179677.42,46000000
"'Duwakot, B'",B,30804807.69,Duwakot,25200000,5,6,20,NW,33140350.88,31000000
"'Tikathali, L'",L,35415524.19,Tikathali,28933333.33,4.5,5,13,S,35650000,45000000
"'Imadol, L'",L,35415524.19,Imadol,35386263.73,4.5,6,13,SE,41607843.14,48000000
"'Kalanki, K'",K,42844536.71,Kalanki,43250000,3.5,11,13,S,35650000,41000000
"'Sanepa, L'",L,35415524.19,Sanepa,59666666.67,3,6,13,S,35650000,36000000
"'Sudal, B'",B,30804807.69,Sudal,16250000,3,8,13,NW,33140350.88,19000000
"'Koteshwor, K'",K,42844536.71,Koteshwor,49000000,3.93,8,13,W,36390395.48,45000000
"'Hattigauda, K'",K,42844536.71,Hattigauda,44666666.67,2.5,5,20,E,41179677.42,25000000
"'Syuchatar, K'",K,42844536.71,Syuchatar,29785714.29,3.5,5,13,N,38826844.25,28500000
"'Syuchatar, K'",K,42844536.71,Syuchatar,29785714.29,3,5,13,SE,41607843.14,28000000
"'Balkot, B'",B,30804807.69,Balkot,39574074.07,13,6,20,SW,40332835.82,70000000
"'Koteshwor, K'",K,42844536.71,Koteshwor,49000000,2.5,4,20,W,36390395.48,26500000
"'Imadol, L'",L,35415524.19,Imadol,35386263.73,3.5,5,13,SE,41607843.14,29800000
"'Budhanilkantha, K'",K,42844536.71,Budhanilkantha,53966666.67,5,4,13,E,41179677.42,45000000
"'Sanogaun, L'",L,35415524.19,Sanogaun,32000000,2.5,5,8,S,35650000,17500000
"'Mandikatar, K'",K,42844536.71,Mandikatar,33409090.91,3,3,4,W,36390395.48,14000000
"'Chunikhel, K'",K,42844536.71,Chunikhel,34472727.27,2.87,5,12,SW,40332835.82,23000000
"'Sanogaun, L'",L,35415524.19,Sanogaun,32000000,4.25,5,24,SE,41607843.14,30000000
"'Dallu, K'",K,42844536.71,Dallu,40460000,6.62,7,8,SE,41607843.14,39500000
"'Jadibuti, K'",K,42844536.71,Jadibuti,39000000,5,8,20,E,41179677.42,39000000
"'Harisiddhi, L'",L,35415524.19,Harisiddhi,34035714.29,16,3,13,S,35650000,75000000
"'Budhanilkantha, K'",K,42844536.71,Budhanilkantha,53966666.67,5,4,20,SE,41607843.14,42500000
"'Chundevi, K'",K,42844536.71,Chundevi,57000000,6.25,5,20,E,41179677.42,59000000
"'Godawari, L'",L,35415524.19,Godawari,32611111.11,5,5,20,SE,41607843.14,33000000
"'Sirutar, B'",B,30804807.69,Sirutar,22500000,3,4,13,SE,41607843.14,23000000
"'Balkot, B'",B,30804807.69,Balkot,39574074.07,8,7,16,NE,39629508.2,55000000
"'Mulpani, K'",K,42844536.71,Mulpani,32722222.22,6,5,26,E,41179677.42,65000000
"'Palase, B'",B,30804807.69,Palase,41500000,8.31,5,40,NW,33140350.88,41500000
"'Boudha, K'",K,42844536.71,Boudha,37375000,8.5,7,13,E,41179677.42,75000000
"'Swayambhu, K'",K,42844536.71,Swayambhu,48000000,3,6,13,E,41179677.42,29000000
"'Thulobharyang, K'",K,42844536.71,Thulobharyang,41375000,3,3,20,N,38826844.25,42500000
"'Lubhu, L'",L,35415524.19,Lubhu,21756521.74,14,16,20,N,38826844.25,57400000
"'Budhanilkantha, K'",K,42844536.71,Budhanilkantha,53966666.67,3.25,4,13,N,38826844.25,28500000
"'Sukedhara, K'",K,42844536.71,Sukedhara,46750000,3.25,7,11,W,36390395.48,25000000
"'Bhaisepati, L'",L,35415524.19,Bhaisepati,48360000,4.25,4,13,SW,40332835.82,40000000
"'Guheshwori, K'",K,42844536.71,Guheshwori,27666666.67,3,12,13,N,38826844.25,25000000
"'Jorpati, K'",K,42844536.71,Jorpati,27136363.64,3,8,13,S,35650000,21500000
"'Kapan, K'",K,42844536.71,Kapan,31736111.11,3.37,5,13,SE,41607843.14,39500000
"'Kapan, K'",K,42844536.71,Kapan,31736111.11,2.5,8,22,NW,33140350.88,20000000
"'Kapan, K'",K,42844536.71,Kapan,31736111.11,4.87,6,13,W,36390395.48,37500000
"'Ghattekulo, K'",K,42844536.71,Ghattekulo,38000000,3.25,13,13,E,41179677.42,38000000
"'Kapan, K'",K,42844536.71,Kapan,31736111.11,4.87,2,13,SW,40332835.82,19000000
"'Tikathali, L'",L,35415524.19,Tikathali,28933333.33,3,2,13,SE,41607843.14,15500000
"'Baneshwor, K'",K,42844536.71,Baneshwor,99314285.71,6.5,5,10,S,35650000,61000000
"'Budhanilkantha, K'",K,42844536.71,Budhanilkantha,53966666.67,4,6,13,E,41179677.42,34000000
"'Buddhanagar, K'",K,42844536.71,Buddhanagar,45000000,3.56,7,12,SE,41607843.14,45000000
"'Thecho, L'",L,35415524.19,Thecho,30750000,4,4,20,E,41179677.42,36500000
"'Basundhara, K'",K,42844536.71,Basundhara,48750000,6,4,20,W,36390395.48,60000000
"'Tokha, K'",K,42844536.71,Tokha,32214285.71,3.5,6,13,SE,41607843.14,27500000
"'Bhaisepati, L'",L,35415524.19,Bhaisepati,48360000,4.5,4,13,NW,33140350.88,40000000
"'Teku, K'",K,42844536.71,Teku,31000000,1.37,8,5,NE,39629508.2,31000000
"'Koteshwor, K'",K,42844536.71,Koteshwor,49000000,6,22,13,W,36390395.48,75000000
"'Godawari, L'",L,35415524.19,Godawari,32611111.11,6.5,7,20,N,38826844.25,32000000
"'Budhanilkantha, K'",K,42844536.71,Budhanilkantha,53966666.67,4.5,6,13,NW,33140350.88,43000000
"'Budhanilkantha, K'",K,42844536.71,Budhanilkantha,53966666.67,4.5,6,15,N,38826844.25,43500000
"'Pasikot, K'",K,42844536.71,Pasikot,51625000,3,3,13,NE,39629508.2,30000000
"'Budhanilkantha, K'",K,42844536.71,Budhanilkantha,53966666.67,7,6,13,W,36390395.48,59000000
"'Pasikot, K'",K,42844536.71,Pasikot,51625000,5,6,13,NE,39629508.2,36000000
"'Hattigauda, K'",K,42844536.71,Hattigauda,44666666.67,8,8,13,E,41179677.42,35000000
"'Imadol, L'",L,35415524.19,Imadol,35386263.73,4.25,7,16,NW,33140350.88,39500000
"'Sanothimi, B'",B,30804807.69,Sanothimi,36733333.33,3.75,3,13,NE,39629508.2,22000000
"'Maharajgunj, K'",K,42844536.71,Maharajgunj,85428571.43,9,10,12,E,41179677.42,85000000
"'Samakhusi, K'",K,42844536.71,Samakhusi,50220000,3,12,13,NE,39629508.2,27000000
"'Dillibazar, K'",K,42844536.71,Dillibazar,66250000,6,12,8,E,41179677.42,72500000
"'Kirtipur, K'",K,42844536.71,Kirtipur,38500000,5,5,13,N,38826844.25,38500000
"'Tikathali, L'",L,35415524.19,Tikathali,28933333.33,3.5,6,13,SE,41607843.14,31000000
"'Kalanki, K'",K,42844536.71,Kalanki,43250000,4,10,26,S,35650000,37500000
"'TIkathali, L'",L,35415524.19,Tikathali,28933333.33,3,6,13,NE,39629508.2,23000000
"'Battisputali, K'",K,42844536.71,Battisputali,50333333.33,5,9,13,SW,40332835.82,42000000
"'Tokha, K'",K,42844536.71,Tokha,32214285.71,2.5,3,13,E,41179677.42,18000000
"'Kadaghari, K'",K,42844536.71,Kadaghari,22940000,3,3,13,SW,40332835.82,22000000
"'Godawari, L'",L,35415524.19,Godawari,32611111.11,4.5,6,20,NW,33140350.88,27000000
"'Sanepa, L'",L,35415524.19,Sanepa,59666666.67,10.5,5,18,S,35650000,85000000
"'Baghbazzar, K'",K,42844536.71,Baghbazzar,45000000,3.5,6,6,N,38826844.25,45000000
"'Budhanilkantha, K'",K,42844536.71,Budhanilkantha,53966666.67,3.5,3,13,W,36390395.48,22500000
"'Budhanilkantha, K'",K,42844536.71,Budhanilkantha,53966666.67,3.5,5,13,E,41179677.42,27500000
"'Kapan, K'",K,42844536.71,Kapan,31736111.11,4.5,6,13,NE,39629508.2,40000000
"'Balkot, B'",B,30804807.69,Balkot,39574074.07,5,2,20,E,41179677.42,30000000
"'Kapan, K'",K,42844536.71,Kapan,31736111.11,3,5,24,SW,40332835.82,28500000
"'Maitidevi, K'",K,42844536.71,Maitidevi,45000000,1.75,8,12,SE,41607843.14,19000000
"'Narephant, K'",K,42844536.71,Narephant,28000000,2.5,6,20,SW,40332835.82,28000000
"'Budhanilkantha, K'",K,42844536.71,Budhanilkantha,53966666.67,3.25,6,13,E,41179677.42,28000000
"'Suryabinayak, B'",B,30804807.69,Suryabinayak,25250000,2.81,11,13,S,35650000,17500000
"'Budhanilkantha, K'",K,42844536.71,Budhanilkantha,53966666.67,8,4,13,NE,39629508.2,48000000
"'Budhanilkantha, K'",K,42844536.71,Budhanilkantha,53966666.67,4.5,3,16,W,36390395.48,46000000
"'Chabahil, K'",K,42844536.71,Chabahil,91250000,16,3,16,SW,40332835.82,125000000
"'Imadol, L'",L,35415524.19,Imadol,35386263.73,3.5,10,13,S,35650000,25500000
"'Imadol, L'",L,35415524.19,Imadol,35386263.73,3,4,13,NW,33140350.88,23500000
"'Dadhikot, B'",B,30804807.69,Dadhikot,44083333.33,3.5,6,13,W,36390395.48,25000000
"'Kalopul, K'",K,42844536.71,Kalopul,61000000,7.06,21,26,E,41179677.42,61000000
"'Budhanilkantha, K'",K,42844536.71,Budhanilkantha,53966666.67,5.5,5,13,W,36390395.48,49000000
"'Lubhu, L'",L,35415524.19,Lubhu,21756521.74,3.31,2,13,NE,39629508.2,16500000
"'Imadol, L'",L,35415524.19,Imadol,35386263.73,3.75,5,13,SW,40332835.82,29400000
"'Thamel, K'",K,42844536.71,Thamel,44500000,3.5,9,20,W,36390395.48,70000000
"'Jorpati, K'",K,42844536.71,Jorpati,27136363.64,2,15,12,S,35650000,17000000
"'Budhanilkantha, K'",K,42844536.71,Budhanilkantha,53966666.67,21,6,13,NE,39629508.2,150000000
"'Ason, K'",K,42844536.71,Ason,40000000,1,7,8,W,36390395.48,40000000
"'Baluwatar, K'",K,42844536.71,Baluwatar,67000000,15,4,10,N,38826844.25,120000000
"'Dallu, K'",K,42844536.71,Dallu,40460000,5.75,13,6,S,35650000,29800000
"'Dallu, K'",K,42844536.71,Dallu,40460000,2,16,5,SW,40332835.82,30000000
"'Taukhel, L'",L,35415524.19,Taukhel,24750000,4.75,4,20,S,35650000,29500000
"'Kapan, K'",K,42844536.71,Kapan,31736111.11,4.5,7,20,SE,41607843.14,42500000
"'Budhanilkantha, K'",K,42844536.71,Budhanilkantha,53966666.67,5,4,13,N,38826844.25,48000000
"'Tokha, K'",K,42844536.71,Tokha,32214285.71,3,5,13,N,38826844.25,23000000
"'Lamatar, L'",L,35415524.19,Lamatar,50050000,26,8,20,S,35650000,80600000
"'Budhanilkantha, K'",K,42844536.71,Budhanilkantha,53966666.67,5,6,13,NE,39629508.2,28000000
"'Harisiddhi, L'",L,35415524.19,Harisiddhi,34035714.29,3,4,18,N,38826844.25,28000000
"'Mid Baneshwor, K'",K,42844536.71,Mid Baneshwor,40000000,3.62,9,10,W,36390395.48,40000000
"'Kapan, K'",K,42844536.71,Kapan,31736111.11,8,5,13,SE,41607843.14,75000000
"'Gokarneshwor, K'",K,42844536.71,Gokarneshwor,25000000,3.5,6,13,SW,40332835.82,25000000
"'Bhangal, K'",K,42844536.71,Bhangal,36653846.15,4.5,4,13,E,41179677.42,42500000
"'Tarkeshwor, K'",K,42844536.71,Tarkeshwor,20833333.33,6.31,31.5,13,S,35650000,25000000
"'Tikathali, L'",L,35415524.19,Tikathali,28933333.33,3,6,13,SW,40332835.82,21500000
"'Imadol, L'",L,35415524.19,Imadol,35386263.73,5.5,6,13,E,41179677.42,51500000
"'Imadol, L'",L,35415524.19,Imadol,35386263.73,3,5,16,NE,39629508.2,38000000
"'Imadol, L'",L,35415524.19,Imadol,35386263.73,4,5,13,E,41179677.42,37500000
"'Imadol, L'",L,35415524.19,Imadol,35386263.73,5.37,6,20,SW,40332835.82,44500000
"'Old Baneshwor, K'",K,42844536.71,Old Baneshwor,71666666.67,7.76,4,10,S,35650000,70000000
"'Imadol, L'",L,35415524.19,Imadol,35386263.73,3.25,5,15,E,41179677.42,30000000
"'Baluwatar, K'",K,42844536.71,Baluwatar,67000000,6,4,15,W,36390395.48,72500000
"'Thamel, K'",K,42844536.71,Thamel,44500000,0.75,5,16,W,36390395.48,19000000
"'Tikathali, L'",L,35415524.19,Tikathali,28933333.33,4,7,22,NE,39629508.2,27500000
"'Thimi, B'",B,30804807.69,Thimi,33700000,5,6,10,E,41179677.42,34500000
"'Kapan, K'",K,42844536.71,Kapan,31736111.11,3,5,13,SW,40332835.82,18500000
"'Budhanilkantha, K'",K,42844536.71,Budhanilkantha,53966666.67,3.93,6,13,N,38826844.25,34000000
"'Budhanilkantha, K'",K,42844536.71,Budhanilkantha,53966666.67,4.25,6,13,N,38826844.25,39000000
"'Banasthali, K'",K,42844536.71,Banasthali,63000000,8.5,6,13,SE,41607843.14,85000000
"'Imadol, L'",L,35415524.19,Imadol,35386263.73,2.75,9,13,SW,40332835.82,23000000
"'Tarkeshwor, K'",K,42844536.71,Tarkeshwor,20833333.33,6,3,22,W,36390395.48,25500000
"'Jorpati, K'",K,42844536.71,Jorpati,27136363.64,3,7,10,NW,33140350.88,22000000
"'Tikathali, L'",L,35415524.19,Tikathali,28933333.33,4,6,20,SE,41607843.14,37500000
"'Dhapakhel, L'",L,35415524.19,Dhapakhel,37142857.14,5.5,5,20,W,36390395.48,33000000
"'Dhapakhel, L'",L,35415524.19,Dhapakhel,37142857.14,3.5,7,14,NE,39629508.2,18000000
"'Dhapakhel, L'",L,35415524.19,Dhapakhel,37142857.14,3.5,7,14,NE,39629508.2,19000000
"'Jorpati, K'",K,42844536.71,Jorpati,27136363.64,3.5,5,10,E,41179677.42,22500000
"'Koteshwor, K'",K,42844536.71,Koteshwor,49000000,5.13,10,20,NE,39629508.2,67500000
"'Tarkeshwor, K'",K,42844536.71,Tarkeshwor,20833333.33,4.06,2,13,SE,41607843.14,17000000
"'Banasthali, K'",K,42844536.71,Banasthali,63000000,4,6,13,SE,41607843.14,41000000
"'Maitidevi, K'",K,42844536.71,Maitidevi,45000000,3.5,20,23,S,35650000,41000000
"'Bhangal, K'",K,42844536.71,Bhangal,36653846.15,3.75,7,13,NE,39629508.2,36000000
"'Kapan, K'",K,42844536.71,Kapan,31736111.11,11.5,10,20,E,41179677.42,58000000
"'Bhangal, K'",K,42844536.71,Bhangal,36653846.15,4.5,6,13,E,41179677.42,31000000
"'Bhangal, K'",K,42844536.71,Bhangal,36653846.15,4,6,13,W,36390395.48,33000000
"'Suryabinayak, B'",B,30804807.69,Suryabinayak,25250000,3.25,3,13,SW,40332835.82,21000000
"'Patan, L'",L,35415524.19,Patan,34000000,1.25,8,13,E,41179677.42,28000000
"'Samakhusi, K'",K,42844536.71,Samakhusi,50220000,5,3,12,S,35650000,55100000
"'Syuchatar, K'",K,42844536.71,Syuchatar,29785714.29,4.5,11,13,W,36390395.48,35000000
"'Tahachal, K'",K,42844536.71,Tahachal,35500000,4.5,16,10,S,35650000,50000000
"'Bhotebahal, K'",K,42844536.71,Bhotebahal,35000000,1,9,12,NE,39629508.2,35000000
"'Kumarigal, K'",K,42844536.71,Kumarigal,30000000,4,4,12,SW,40332835.82,30000000
"'Jorpati, K'",K,42844536.71,Jorpati,27136363.64,3,6,13,W,36390395.48,29000000
"'Tokha, K'",K,42844536.71,Tokha,32214285.71,3.5,6,10,SW,40332835.82,25000000
"'Samakhusi, K'",K,42844536.71,Samakhusi,50220000,6,9,13,S,35650000,49500000
"'Baneshwor, K'",K,42844536.71,Baneshwor,99314285.71,16,3,10,N,38826844.25,123200000
"'Bishalnagar, K'",K,42844536.71,Bishalnagar,81250000,6.5,4,12,W,36390395.48,82500000
"'Sankhapark, K'",K,42844536.71,Sankhapark,40000000,4.9,13,16,W,36390395.48,40000000
"'Sukedhara, K'",K,42844536.71,Sukedhara,46750000,3.5,7,12,E,41179677.42,28000000
"'Gumba, K'",K,42844536.71,Gumba,18500000,4,2,13,E,41179677.42,18500000
"'Thimi, B'",B,30804807.69,Thimi,33700000,3.75,6,13,W,36390395.48,25000000
"'Suryabinayak, B'",B,30804807.69,Suryabinayak,25250000,1,7,13,N,38826844.25,18000000
"'Suryabinayak, B'",B,30804807.69,Suryabinayak,25250000,4,12,18,SE,41607843.14,25000000
"'Biruwa, B'",B,30804807.69,Biruwa,13500000,4.5,4,18,N,38826844.25,13500000
"'Jhaukhel, B'",B,30804807.69,Jhaukhel,12000000,3.5,2,10,W,36390395.48,12000000
"'SanoThimi, B'",B,30804807.69,Sanothimi,36733333.33,7,5,13,E,41179677.42,65000000
"'Radhe Radhe, B'",B,30804807.69,Radhe Radhe,28833333.33,4,5,20,SE,41607843.14,26000000
"'Suryabinayak, B'",B,30804807.69,Suryabinayak,25250000,3.62,1,13,N,38826844.25,16500000
"'Suryabinayak, B'",B,30804807.69,Suryabinayak,25250000,5.5,6,15,NE,39629508.2,30000000
"'Duwakot, B'",B,30804807.69,Duwakot,25200000,5.06,11,20,SE,41607843.14,19800000
"'Suryabinayak, B'",B,30804807.69,Suryabinayak,25250000,3.5,8,13,NW,33140350.88,24000000
"'Gundu, B'",B,30804807.69,Gundu,15750000,3.5,4,26,S,35650000,11500000
"'Gamcha, B'",B,30804807.69,Gamcha,30000000,5,6,13,NE,39629508.2,30000000
"'Changunarayan, B'",B,30804807.69,Changunarayan,12500000,6.25,3,4,N,38826844.25,12000000
"'Changunarayan, B'",B,30804807.69,Changunarayan,12500000,2,5,4,S,35650000,7000000
"'Radhe Radhe, B'",B,30804807.69,Radhe Radhe,28833333.33,2.5,9,13,NW,33140350.88,15500000
"'Radhe Radhe, B'",B,30804807.69,Radhe Radhe,28833333.33,2.65,7,35,N,38826844.25,23500000
"'Sirutar, B'",B,30804807.69,Sirutar,22500000,3.06,4,13,E,41179677.42,22000000
"'SanoThimi, B'",B,30804807.69,Sanothimi,36733333.33,3.4,6,13,N,38826844.25,31500000
"'Kaushaltar, B'",B,30804807.69,Kaushaltar,24000000,3.3,7,20,NW,33140350.88,24000000
"'Radhe Radhe, B'",B,30804807.69,Radhe Radhe,28833333.33,3.35,6,20,W,36390395.48,32000000
"'Changunarayan, B'",B,30804807.69,Changunarayan,12500000,2.6,7,8,N,38826844.25,18500000
"'Balkot, B'",B,30804807.69,Balkot,39574074.07,3.5,5,12,NE,39629508.2,28000000
"'Gatthaghar, B'",B,30804807.69,Gatthaghar,28750000,3.45,3,14,W,36390395.48,21500000
"'Gundu, B'",B,30804807.69,Gundu,15750000,4.75,7,20,W,36390395.48,20000000
"'Duwakot, B'",B,30804807.69,Duwakot,25200000,4.25,5,16,N,38826844.25,26000000
"'Balkot, B'",B,30804807.69,Balkot,39574074.07,6.31,4,20,NW,33140350.88,42500000
"'Lokanthali, B'",B,30804807.69,Lokanthali,35000000,3.5,6,20,S,35650000,45000000
"'Thimi, B'",B,30804807.69,Thimi,33700000,4,5,30,W,36390395.48,26500000
"'Nekosera, B'",B,30804807.69,Nekosera,46500000,4.33,5,20,E,41179677.42,46500000
"'SanoThimi, B'",B,30804807.69,Sanothimi,36733333.33,4.3,8,10,SW,40332835.82,33000000
"'Radhe Radhe, B'",B,30804807.69,Radhe Radhe,28833333.33,3.2,4,26,SE,41607843.14,37000000
"'Lamatar, L'",L,35415524.19,Lamatar,50050000,5.5,3,24,SE,41607843.14,19500000
"'Nakhipot, L'",L,35415524.19,Nakhipot,40888888.89,4,7,12,SE,41607843.14,27000000
"'Tikathali, L'",L,35415524.19,Tikathali,28933333.33,3.5,6,13,N,38826844.25,34000000
"'Imadol, L'",L,35415524.19,Imadol,35386263.73,3.5,6,13,E,41179677.42,33000000
"'Sandol, L'",L,35415524.19,Sandol,18000000,2.75,4,10,W,36390395.48,18000000
"'Sanagaun, L'",L,35415524.19,Sanagaun,26283333.33,3.5,10,13,S,35650000,25500000
"'Sanagaun, L'",L,35415524.19,Sanagaun,26283333.33,3,4,13,NW,33140350.88,23500000
"'Tikathali, L'",L,35415524.19,Tikathali,28933333.33,3.75,5,13,SW,40332835.82,29400000
"'Tikathali, L'",L,35415524.19,Tikathali,28933333.33,3.06,2,13,NE,39629508.2,14000000
"'Godawari, L'",L,35415524.19,Godawari,32611111.11,6.25,6,13,E,41179677.42,19000000
"'Godawari, L'",L,35415524.19,Godawari,32611111.11,4.75,4,20,S,35650000,29500000
"'Bojepokhari, L'",L,35415524.19,Bojepokhari,33250000,3.25,6,12,E,41179677.42,27500000
"'Godawari, L'",L,35415524.19,Godawari,32611111.11,4.31,5,20,SW,40332835.82,14000000
"'Basukibasti, L'",L,35415524.19,Basukibasti,39500000,5.5,12,13,SE,41607843.14,39500000
"'Patan, L'",L,35415524.19,Patan,34000000,4,13,20,NE,39629508.2,40000000
"'Thecho, L'",L,35415524.19,Thecho,30750000,3.5,5,12,N,38826844.25,25000000
"'Bojepokhari, L'",L,35415524.19,Bojepokhari,33250000,4.5,9,13,NW,33140350.88,39000000
"'Bhaisepati, L'",L,35415524.19,Bhaisepati,48360000,4.5,4,13,S,35650000,45000000
"'Bagdol, L'",L,35415524.19,Bagdol,31500000,5,4,10,NW,33140350.88,31500000
"'Bhaisepati, L'",L,35415524.19,Bhaisepati,48360000,4,4,18,SE,41607843.14,45500000
"'Lubhu, L'",L,35415524.19,Lubhu,21756521.74,2.812,5,13,SW,40332835.82,18000000
"'Sanogaun, L'",L,35415524.19,Sanogaun,32000000,5.25,6,20,SE,41607843.14,48500000
"'Bhaisepati, L'",L,35415524.19,Bhaisepati,48360000,3,4,10,N,38826844.25,31000000
"'Sitapakha, L'",L,35415524.19,Sitapakha,27500000,4,7,13,NE,39629508.2,30000000
"'Bhaisepati, L'",L,35415524.19,Bhaisepati,48360000,4,4,20,E,41179677.42,42500000
"'Bhaisepati, L'",L,35415524.19,Bhaisepati,48360000,4.687,4,20,S,35650000,45000000
"'Nakhipot, L'",L,35415524.19,Nakhipot,40888888.89,4,4,20,NE,39629508.2,30000000
"'Dhapakhel, L'",L,35415524.19,Dhapakhel,37142857.14,2.9,4,10,W,36390395.48,28000000
"'Sanepa, L'",L,35415524.19,Sanepa,59666666.67,5,6,13,N,38826844.25,58000000
"'Satdobato, L'",L,35415524.19,Satdobato,62916666.67,3.3,8,10,E,41179677.42,20000000
"'Satdobato, L'",L,35415524.19,Satdobato,62916666.67,4.3,8,9,E,41179677.42,36000000
"'Sunakothi, L'",L,35415524.19,Sunakothi,38666666.67,5,6,20,E,41179677.42,47000000
"'Sainbu, L'",L,35415524.19,Sainbu,27500000,3.75,5,13,W,36390395.48,27500000
"'Tokha, K'",K,42844536.71,Tokha,32214285.71,4,7,13,W,36390395.48,35000000
"'Tarkeshwor, K'",K,42844536.71,Tarkeshwor,20833333.33,3.5,6,13,SE,41607843.14,23500000
"'Tarkeshwor, K'",K,42844536.71,Tarkeshwor,20833333.33,4,5,16,NW,33140350.88,18000000
"'Tarkeshwor, K'",K,42844536.71,Tarkeshwor,20833333.33,3.25,2,16,E,41179677.42,16000000
"'Tokha, K'",K,42844536.71,Tokha,32214285.71,3.5,5,13,E,41179677.42,20000000
"'Tokha, K'",K,42844536.71,Tokha,32214285.71,2.5,5,13,NW,33140350.88,25500000
"'Tokha, K'",K,42844536.71,Tokha,32214285.71,3.5,6,13,SE,41607843.14,24000000
"'Tokha, K'",K,42844536.71,Tokha,32214285.71,3,5,13,S,35650000,28000000
"'Tokha, K'",K,42844536.71,Tokha,32214285.71,6,4,12,N,38826844.25,16000000
"'Tokha, K'",K,42844536.71,Tokha,32214285.71,4,5,26,SE,41607843.14,37000000
