Location,District,District_PriceCode,Area,Area_PriceCode,Land Area,Bedrooms,Floor,Facing,Facing_PriceCode,Road Access,Price
"'Hattigauda, K'",K,37338387.72,Hattigauda,35250000.0,4.0,2,1.0,E,36431958.76,13,19000000
"'Jorpati, K'",K,37338387.72,Jorpati,27136363.64,5.3,2,1.0,S,31992462.31,13,30000000
"'Sanagaun, L'",L,33117499.99,Sanagaun,26283333.33,3.0,2,1.0,E,36431958.76,13,14000000
"'Sallaghari, B'",B,28067676.77,Sallaghari,23000000.0,3.5,2,1.0,E,36431958.76,13,17000000
"'Budhanilkantha, K'",K,37338387.72,Budhanilkantha,42703703.7,9.0,1,1.0,E,36431958.76,20,85000000
"'Indrayani, K'",K,37338387.72,Indrayani,11500000.0,3.0,2,1.0,E,36431958.76,20,11500000
"'Imadol, L'",L,33117499.99,Imadol,34421111.1,5.0,1,1.0,NE,34112500.0,13,45000000
"'Bhangal, K'",K,37338387.72,Bhangal,36653846.15,7.0,1,1.0,S,31992462.31,10,35000000
"'Ghatta Chowk, K'",K,37338387.72,Ghatta Chowk,16000000.0,3.0,2,1.0,NE,34112500.0,12,16000000
"'Tikathali, L'",L,33117499.99,Tikathali,28607792.21,3.0,2,1.0,S,31992462.31,10,17500000
"'Gothatar, K'",K,37338387.72,Gothatar,24946666.67,3.0,2,1.0,E,36431958.76,13,17500000
"'Gothatar, K'",K,37338387.72,Gothatar,24946666.67,3.0,2,1.0,S,31992462.31,13,15500000
"'Ganesh mandir, B'",B,28067676.77,Ganesh Mandir,11000000.0,2.5,2,1.0,E,36431958.76,13,11000000
"'Goldhunga, K'",K,37338387.72,Goldhunga,22375000.0,3.0,2,1.0,E,36431958.76,13,10500000
"'Tikathali, L'",L,33117499.99,Tikathali,28607792.21,3.0,2,1.0,SW,32763333.33,13,14500000
"'Bhaisepati, L'",L,33117499.99,Bhaisepati,42372340.43,4.0,3,1.0,NE,34112500.0,13,36500000
"'Mulpani, K'",K,37338387.72,Mulpani,32722222.22,3.1,2,1.0,N,32362162.15,13,17500000
"'Tikathali, L'",L,33117499.99,Tikathali,28607792.21,3.0,3,1.0,W,35438823.53,13,16000000
"'Lubhu, L'",L,33117499.99,Lubhu,20136363.64,3.0,1,1.0,E,36431958.76,13,15500000
"'Lubhu, L'",L,33117499.99,Lubhu,20136363.64,3.0,2,1.0,S,31992462.31,13,14500000
"'Imadol, L'",L,33117499.99,Imadol,34421111.1,3.5,6,1.0,E,36431958.76,13,35000000
"'Kavresthali, K'",K,37338387.72,Kavresthali,14000000.0,4.0,2,1.0,NE,34112500.0,10,14000000
"'Khumaltar, L'",L,33117499.99,Khumaltar,44285714.29,4.2,6,1.0,W,35438823.53,13,41500000
"'Imadol, L'",L,33117499.99,Imadol,34421111.1,3.1,4,1.0,W,35438823.53,13,24500000
"'Imadol, L'",L,33117499.99,Imadol,34421111.1,8.1,5,1.0,N,32362162.15,13,33500000
"'Bhaisepati, L'",L,33117499.99,Bhaisepati,42372340.43,5.0,4,1.0,NE,34112500.0,14,45000000
"'Ganesh chowk, K'",K,37338387.72,Ganesh Chowk,40687500.0,4.2,6,1.0,W,35438823.53,13,38000000
"'Ganesh chowk, K'",K,37338387.72,Ganesh Chowk,40687500.0,5.0,5,1.0,W,35438823.53,13,43000000
"'Ganesh chowk, K'",K,37338387.72,Ganesh Chowk,40687500.0,4.3,7,1.0,E,36431958.76,14,46000000
"'Kupondole, L'",L,33117499.99,Kupondole,39500000.0,3.0,3,1.0,E,36431958.76,18,39500000
"'Balkot, B'",B,28067676.77,Balkot,32108695.65,5.2,3,1.0,N,32362162.15,24,53000000
"'Tikathali, L'",L,33117499.99,Tikathali,28607792.21,3.0,4,1.0,S,31992462.31,13,21500000
"'Imadol, L'",L,33117499.99,Imadol,34421111.1,3.3,5,1.0,S,31992462.31,13,35500000
"'Imadol, L'",L,33117499.99,Imadol,34421111.1,2.2,2,1.0,W,35438823.53,13,14500000
"'Imadol, L'",L,33117499.99,Imadol,34421111.1,3.2,5,1.0,S,31992462.31,16,26500000
"'Imadol, L'",L,33117499.99,Imadol,34421111.1,4.0,5,1.0,SE,38727272.73,13,39500000
"'Dhunge Shaghu, L'",L,33117499.99,Dhunge Shaghu,17500000.0,2.3,2,1.0,N,32362162.15,13,17500000
"'Imadol, L'",L,33117499.99,Imadol,34421111.1,2.2,4,1.0,N,32362162.15,13,22000000
"'Harisiddhi, L'",L,33117499.99,Harisiddhi,30884615.38,4.0,7,1.0,E,36431958.76,13,29500000
"'Tikathali, L'",L,33117499.99,Tikathali,28607792.21,3.2,2,1.0,E,36431958.76,13,17000000
"'Chunikhel, K'",K,37338387.72,Chunikhel,34472727.27,3.2,2,1.0,N,32362162.15,14,19500000
"'Chundevi, K'",K,37338387.72,Chundevi,57000000.0,5.2,4,1.0,SE,38727272.73,12,55000000
"'Naxal, K'",K,37338387.72,Naxal,64666666.67,10.0,5,1.0,E,36431958.76,14,80000000
"'Hepali, K'",K,37338387.72,Hepali,72000000.0,8.0,5,1.0,SW,32763333.33,20,72000000
"'Rudreshwor, K'",K,37338387.72,Rudreshwor,45000000.0,7.0,4,1.0,E,36431958.76,13,50000000
"'Bhangal, K'",K,37338387.72,Bhangal,36653846.15,3.3,5,1.0,E,36431958.76,13,33000000
"'Rudreshwor, K'",K,37338387.72,Rudreshwor,45000000.0,8.0,5,1.0,E,36431958.76,13,50000000
"'Sukedhara, K'",K,37338387.72,Sukedhara,40545454.55,6.0,6,1.0,E,36431958.76,16,44500000
"'Lasuntar, K'",K,37338387.72,Lasuntar,34000000.0,4.2,5,1.0,S,31992462.31,13,34000000
"'Ganesh Chowk, K'",K,37338387.72,Ganesh Chowk,40687500.0,5.0,6,1.0,E,36431958.76,13,47000000
"'Lasuntar, K'",K,37338387.72,Lasuntar,34000000.0,3.5,6,1.0,S,31992462.31,13,30000000
"'Mandikatar, K'",K,37338387.72,Mandikatar,33409090.91,3.1,6,1.0,SW,32763333.33,13,32500000
"'Baneshwor, K'",K,37338387.72,Baneshwor,50000000.0,4.3,6,1.0,W,35438823.53,16,50000000
"'Bhaisepati, L'",L,33117499.99,Bhaisepati,42372340.43,5.0,7,1.0,E,36431958.76,14,85000000
"'Dholahiti, L'",L,33117499.99,Dholahiti,57666666.67,4.1,5,1.0,S,31992462.31,16,42000000
"'Bishalnagar, K'",K,37338387.72,Bishalnagar,81250000.0,8.3,5,1.0,S,31992462.31,20,80000000
"'Baluwatar, K'",K,37338387.72,Baluwatar,47666666.67,5.0,5,1.0,E,36431958.76,13,50000000
"'Golfutar, K'",K,37338387.72,Golfutar,45250000.0,6.1,5,1.0,NE,34112500.0,13,77000000
"'Deuba Chowk, K'",K,37338387.72,Deuba Chowk,42500000.0,6.0,4,1.0,W,35438823.53,20,50000000
"'Jorpati, K'",K,37338387.72,Jorpati,27136363.64,3.0,2,1.0,E,36431958.76,13,23000000
"'Tej Binayak, K'",K,37338387.72,Tej Binayak,20000000.0,3.1,6,1.0,E,36431958.76,20,28000000
"'Budhanilkantha, K'",K,37338387.72,Budhanilkantha,42703703.7,10.0,1,1.0,S,31992462.31,13,70000000
"'Budhanilkantha, K'",K,37338387.72,Budhanilkantha,42703703.7,4.3,6,1.0,W,35438823.53,13,43500000
"'Tej Binayak, K'",K,37338387.72,Tej Binayak,20000000.0,3.1,2,1.0,N,32362162.15,13,17500000
"'Harharmahadev, K'",K,37338387.72,Harharmahadev,35000000.0,4.1,6,1.0,SE,38727272.73,13,35000000
"'Kantipur Coloney, L'",L,33117499.99,Kantipur Coloney,26000000.0,3.3,4,1.0,W,35438823.53,16,26000000
"'Budhanilkantha, K'",K,37338387.72,Budhanilkantha,42703703.7,8.5,6,1.0,W,35438823.53,13,68000000
"'Katunje, B'",B,28067676.77,Katunje,31000000.0,4.1,5,1.0,SW,32763333.33,13,31000000
"'Maharajgunj, K'",K,37338387.72,Maharajgunj,72000000.0,7.2,6,1.0,W,35438823.53,20,58000000
"'Srij Nagar, B'",B,28067676.77,Srij Nagar,21000000.0,2.2,4,1.0,E,36431958.76,13,21000000
"'Kmc Hospital, B'",B,28067676.77,Kmc Hospital,12500000.0,3.2,1,1.0,N,32362162.15,12,12500000
"'Taukhel, L'",L,33117499.99,Taukhel,24750000.0,5.1,1,1.0,E,36431958.76,16,20000000
"'Tokha, K'",K,37338387.72,Tokha,31000000.0,3.5,1,1.0,S,31992462.31,13,18500000
"'Balkot, B'",B,28067676.77,Balkot,32108695.65,5.5,2,1.0,E,36431958.76,22,30000000
"'Machhegaun, K'",K,37338387.72,Machhegaun,11000000.0,3.0,2,1.0,S,31992462.31,20,11000000
"'Gothatar, K'",K,37338387.72,Gothatar,24946666.67,3.0,2,1.0,NE,34112500.0,6,11000000
"'Imadol, L'",L,33117499.99,Imadol,34421111.1,4.0,2,1.0,E,36431958.76,20,18000000
"'Lokanthali, B'",B,28067676.77,Lokanthali,35000000.0,4.0,2,1.0,W,35438823.53,13,25000000
"'Lubhu, L'",L,33117499.99,Lubhu,20136363.64,3.0,2,1.5,E,36431958.76,12,15000000
"'Dhapasi, K'",K,37338387.72,Dhapasi,41333333.33,2.5,6,1.5,E,36431958.76,6,13500000
"'Ansaritole, L'",L,33117499.99,Ansaritole,13000000.0,2.63,2,1.5,S,31992462.31,13,13000000
"'Gothatar, K'",K,37338387.72,Gothatar,24946666.67,4.0,3,1.5,SW,32763333.33,20,21000000
"'Bhaisepati, L'",L,33117499.99,Bhaisepati,42372340.43,5.0,5,1.5,E,36431958.76,13,42500000
"'Bhaisepati, L'",L,33117499.99,Bhaisepati,42372340.43,4.5,4,1.5,E,36431958.76,13,45000000
"'Siddhipur, L'",L,33117499.99,Siddhipur,20250000.0,3.0,2,1.5,N,32362162.15,13,15500000
"'Dhumbarahi, K'",K,37338387.72,Dhumbarahi,37685714.29,3.0,3,1.5,E,36431958.76,13,24500000
"'Tej Binayak, K'",K,37338387.72,Tej Binayak,20000000.0,3.0,4,1.5,E,36431958.76,13,14500000
"'Tokha, K'",K,37338387.72,Tokha,31000000.0,4.0,2,1.5,W,35438823.53,13,19500000
"'Tikathali, L'",L,33117499.99,Tikathali,28607792.21,5.0,5,1.5,W,35438823.53,20,45000000
"'Golfutar, K'",K,37338387.72,Golfutar,45250000.0,4.5,4,1.5,S,31992462.31,16,9500000
"'Bhaisepati, L'",L,33117499.99,Bhaisepati,42372340.43,5.1,4,1.5,N,32362162.15,13,45000000
"'Kusunti, L'",L,33117499.99,Kusunti,39500000.0,3.5,4,1.5,N,32362162.15,13,32500000
"'Imadol, L'",L,33117499.99,Imadol,34421111.1,3.3,7,2.0,E,36431958.76,13,29500000
"'Tikathali, L'",L,33117499.99,Tikathali,28607792.21,3.0,6,2.0,S,31992462.31,13,25500000
"'Tikathali, L'",L,33117499.99,Tikathali,28607792.21,3.0,6,2.0,N,32362162.15,13,24500000
"'Tikathali, L'",L,33117499.99,Tikathali,28607792.21,3.0,4,2.0,N,32362162.15,13,23500000
"'Imadol, L'",L,33117499.99,Imadol,34421111.1,5.0,6,2.0,W,35438823.53,12,39500000
"'Badikhel, L'",L,33117499.99,Badikhel,13000000.0,6.0,4,2.0,S,31992462.31,13,13000000
"'Tikathali, L'",L,33117499.99,Tikathali,28607792.21,3.1,5,2.0,E,36431958.76,13,28500000
"'Setipakha, L'",L,33117499.99,Setipakha,28225000.0,3.5,5,2.0,W,35438823.53,13,27500000
"'Imadol, L'",L,33117499.99,Imadol,34421111.1,3.3,5,2.0,E,36431958.76,13,28500000
"'Tikathali, L'",L,33117499.99,Tikathali,28607792.21,4.1,6,2.0,W,35438823.53,13,37500000
"'Tikathali, L'",L,33117499.99,Tikathali,28607792.21,4.0,6,2.0,E,36431958.76,20,35000000
"'Imadol, L'",L,33117499.99,Imadol,34421111.1,4.5,6,2.0,S,31992462.31,13,47000000
"'Khumaltar, L'",L,33117499.99,Khumaltar,44285714.29,4.0,5,2.0,S,31992462.31,13,38500000
"'Dillibazar, K'",K,37338387.72,Dillibazar,66250000.0,4.3,4,2.0,W,35438823.53,20,60000000
"'Imadol, L'",L,33117499.99,Imadol,34421111.1,3.5,5,2.0,N,32362162.15,13,29900000
"'Tikathali, L'",L,33117499.99,Tikathali,28607792.21,3.0,6,2.0,S,31992462.31,13,29000000
"'Tikathali, L'",L,33117499.99,Tikathali,28607792.21,3.1,5,2.0,E,36431958.76,13,29000000
"'Imadol, L'",L,33117499.99,Imadol,34421111.1,4.5,5,2.0,SE,38727272.73,20,45000000
"'Gongabu, K'",K,37338387.72,Gongabu,37571428.57,5.0,6,2.0,N,32362162.15,13,42000000
"'Gongabu, K'",K,37338387.72,Gongabu,37571428.57,4.0,6,2.0,N,32362162.15,13,32500000
"'Chunikhel, K'",K,37338387.72,Chunikhel,34472727.27,4.1,6,2.0,S,31992462.31,13,33500000
"'Gongabu, K'",K,37338387.72,Gongabu,37571428.57,4.5,4,2.0,SE,38727272.73,20,45000000
"'Tikathali, L'",L,33117499.99,Tikathali,28607792.21,3.0,5,2.0,N,32362162.15,13,25500000
"'Imadol, L'",L,33117499.99,Imadol,34421111.1,3.0,6,2.0,S,31992462.31,13,23000000
"'Imadol, L'",L,33117499.99,Imadol,34421111.1,3.3,6,2.0,S,31992462.31,13,37000000
"'Bhaisepati, L'",L,33117499.99,Bhaisepati,42372340.43,4.5,4,2.0,NW,33140350.88,13,32500000
"'Chunikhel, K'",K,37338387.72,Chunikhel,34472727.27,3.1,5,2.0,SW,32763333.33,13,31500000
"'Dhaneshwor, K'",K,37338387.72,Dhaneshwor,27500000.0,5.0,3,2.0,E,36431958.76,12,28000000
"'Wasik, K'",K,37338387.72,Wasik,43500000.0,4.2,5,2.0,NE,34112500.0,20,43500000
"'Gongabu, K'",K,37338387.72,Gongabu,37571428.57,5.0,4,2.0,W,35438823.53,10,37500000
"'Tikathali, L'",L,33117499.99,Tikathali,28607792.21,3.3,5,2.0,N,32362162.15,20,29500000
"'Bhaisepati, L'",L,33117499.99,Bhaisepati,42372340.43,6.0,4,2.0,E,36431958.76,13,57500000
"'Budhgar, K'",K,37338387.72,Budhgar,70000000.0,3.51,7,2.0,E,36431958.76,16,70000000
"'Bhangal, K'",K,37338387.72,Bhangal,36653846.15,3.5,3,2.0,S,31992462.31,10,30000000
"'Hattiban, L'",L,33117499.99,Hattiban,29954545.45,3.0,3,2.0,SE,38727272.73,13,20000000
"'Maharajgunj, K'",K,37338387.72,Maharajgunj,72000000.0,4.0,5,2.0,E,36431958.76,13,90000000
"'Dhapakhel, L'",L,33117499.99,Dhapakhel,36807692.31,6.5,4,2.0,E,36431958.76,16,32000000
"'Budhanilkantha, K'",K,37338387.72,Budhanilkantha,42703703.7,4.2,3,2.0,W,35438823.53,13,38500000
"'Godawari, L'",L,33117499.99,Godawari,25062500.0,3.0,2,2.0,E,36431958.76,20,17000000
"'Gochaur, L'",L,33117499.99,Gochaur,12000000.0,4.3,4,2.0,NW,33140350.88,26,12000000
"'Lubhu, L'",L,33117499.99,Lubhu,20136363.64,2.5,5,2.0,NE,34112500.0,13,17500000
"'Imadol, L'",L,33117499.99,Imadol,34421111.1,5.1,7,2.0,W,35438823.53,13,40000000
"'Imadol, L'",L,33117499.99,Imadol,34421111.1,2.5,5,2.0,E,36431958.76,13,20000000
"'Hattiban, L'",L,33117499.99,Hattiban,29954545.45,4.5,3,2.0,S,31992462.31,13,39500000
"'Bhaisepati, L'",L,33117499.99,Bhaisepati,42372340.43,7.0,6,2.0,W,35438823.53,13,32500000
"'Setipakha, L'",L,33117499.99,Setipakha,28225000.0,2.5,4,2.0,NE,34112500.0,13,18900000
"'Bhaisepati, L'",L,33117499.99,Bhaisepati,42372340.43,3.5,4,2.0,E,36431958.76,16,26000000
"'Bhaisepati, L'",L,33117499.99,Bhaisepati,42372340.43,3.3,6,2.0,NE,34112500.0,13,30000000
"'Bhaisepati, L'",L,33117499.99,Bhaisepati,42372340.43,4.0,5,2.0,S,31992462.31,13,34500000
"'Karyabinayak, L'",L,33117499.99,Karyabinayak,39500000.0,4.0,5,2.0,SW,32763333.33,13,34000000
"'Bhaisepati, L'",L,33117499.99,Bhaisepati,42372340.43,3.5,5,2.0,E,36431958.76,16,26000000
"'Sital Height, L'",L,33117499.99,Sital Height,33545454.55,3.0,5,2.0,NE,34112500.0,13,23000000
"'Lubhu, L'",L,33117499.99,Lubhu,20136363.64,3.5,3,2.0,W,35438823.53,20,14500000
"'Imadol, L'",L,33117499.99,Imadol,34421111.1,4.5,6,2.0,N,32362162.15,13,49500000
"'Sonakothi, L'",L,33117499.99,Sonakothi,50000000.0,6.1,7,2.0,E,36431958.76,20,50000000
"'Nakhipot, L'",L,33117499.99,Nakhipot,40888888.89,5.3,6,2.0,NW,33140350.88,13,47500000
"'Imadol, L'",L,33117499.99,Imadol,34421111.1,3.1,5,2.0,E,36431958.76,20,29000000
"'Tikathali, L'",L,33117499.99,Tikathali,28607792.21,3.0,6,2.0,E,36431958.76,20,23000000
"'Khumaltar, L'",L,33117499.99,Khumaltar,44285714.29,4.5,6,2.0,W,35438823.53,20,41500000
"'Syuchatar, K'",K,37338387.72,Syuchatar,29785714.29,4.2,6,2.0,SW,32763333.33,20,35000000
"'Balkot, B'",B,28067676.77,Balkot,32108695.65,4.0,4,2.0,E,36431958.76,20,40000000
"'Dadhikot, B'",B,28067676.77,Dadhikot,33900000.0,6.0,5,2.0,NE,34112500.0,13,26000000
"'Chyasundol, K'",K,37338387.72,Chyasundol,28750000.0,3.3,3,2.0,S,31992462.31,22,27500000
"'Imadol, L'",L,33117499.99,Imadol,34421111.1,4.0,4,2.0,N,32362162.15,13,46000000
"'Tikathali, L'",L,33117499.99,Tikathali,28607792.21,2.2,5,2.0,N,32362162.15,13,22500000
"'Harisiddhi, L'",L,33117499.99,Harisiddhi,30884615.38,3.1,5,2.0,E,36431958.76,13,24000000
"'Harisiddhi, L'",L,33117499.99,Harisiddhi,30884615.38,3.0,6,2.0,W,35438823.53,20,31500000
"'Imadol, L'",L,33117499.99,Imadol,34421111.1,3.3,5,2.0,S,31992462.31,13,37500000
"'Imadol, L'",L,33117499.99,Imadol,34421111.1,3.0,6,2.0,NE,34112500.0,11,20700000
"'Thali, K'",K,37338387.72,Thali,16250000.0,3.0,4,2.0,N,32362162.15,20,18500000
"'Tikathali, L'",L,33117499.99,Tikathali,28607792.21,3.0,5,2.0,E,36431958.76,13,29000000
"'Dhapakhel, L'",L,33117499.99,Dhapakhel,36807692.31,6.0,9,2.5,NW,33140350.88,13,55000000
"'Karuna Hospital, K'",K,37338387.72,Karuna Hospital,35000000.0,4.5,9,2.5,SE,38727272.73,14,35000000
"'Imadol, L'",L,33117499.99,Imadol,34421111.1,2.5,3,2.5,S,31992462.31,13,21500000
"'Balkot, B'",B,28067676.77,Balkot,32108695.65,5.0,3,2.5,NE,34112500.0,10,25000000
"'Harisiddhi, L'",L,33117499.99,Harisiddhi,30884615.38,3.3,7,2.5,E,36431958.76,20,32500000
"'Gothatar, K'",K,37338387.72,Gothatar,24946666.67,3.5,6,2.5,n,34000000.0,20,34000000
"'Hattiban, L'",L,33117499.99,Hattiban,29954545.45,5.2,6,2.5,SW,32763333.33,15,45000000
"'Balkot, B'",B,28067676.77,Balkot,32108695.65,3.2,5,2.5,N,32362162.15,36,26000000
"'Balkot, B'",B,28067676.77,Balkot,32108695.65,3.2,7,2.5,N,32362162.15,13,23500000
"'Balkot, B'",B,28067676.77,Balkot,32108695.65,3.2,6,2.5,W,35438823.53,13,27500000
"'Tokha, K'",K,37338387.72,Tokha,31000000.0,4.0,2,2.5,E,36431958.76,12,26000000
"'Imadol, L'",L,33117499.99,Imadol,34421111.1,3.2,7,2.5,NE,34112500.0,20,27500000
"'Phutung, K'",K,37338387.72,Phutung,16500000.0,3.0,6,2.5,W,35438823.53,20,16500000
"'Sitapaila, K'",K,37338387.72,Sitapaila,33166666.67,6.0,9,2.5,S,31992462.31,13,35000000
"'Balkot, B'",B,28067676.77,Balkot,32108695.65,3.2,5,2.5,NW,33140350.88,13,24000000
"'Dadhikot, B'",B,28067676.77,Dadhikot,33900000.0,4.0,5,2.5,S,31992462.31,13,27000000
"'Balkot, B'",B,28067676.77,Balkot,32108695.65,3.0,5,2.5,E,36431958.76,13,21000000
"'Chardobato, B'",B,28067676.77,Chardobato,31000000.0,4.3,7,2.5,S,31992462.31,12,31000000
"'Dhunchepakha, B'",B,28067676.77,Dhunchepakha,33000000.0,4.3,6,2.5,NW,33140350.88,13,33000000
"'Sitapakha, L'",L,33117499.99,Sitapakha,27500000.0,3.0,5,2.5,NW,33140350.88,12,23500000
"'Imadol, L'",L,33117499.99,Imadol,34421111.1,2.3,4,2.5,N,32362162.15,10,24000000
"'Mandikatar, K'",K,37338387.72,Mandikatar,33409090.91,4.0,1,2.5,NW,33140350.88,13,38000000
"'Lubhu, L'",L,33117499.99,Lubhu,20136363.64,2.5,4,2.5,N,32362162.15,10,25500000
"'Gothatar, K'",K,37338387.72,Gothatar,24946666.67,3.1,5,2.5,E,36431958.76,13,30000000
"'Hiledol, K'",K,37338387.72,Hiledol,16000000.0,2.3,5,2.5,N,32362162.15,12,16000000
"'Imadol, L'",L,33117499.99,Imadol,34421111.1,3.5,5,2.5,E,36431958.76,13,36500000
"'Tikathali, L'",L,33117499.99,Tikathali,28607792.21,3.0,4,2.5,W,35438823.53,14,23500000
"'Dhalmal, K'",K,37338387.72,Dhalmal,28000000.0,3.3,4,2.5,N,32362162.15,11,26000000
"'Shirj, K'",K,37338387.72,Shirj,39500000.0,4.0,6,2.5,S,31992462.31,16,39500000
"'Imadol, L'",L,33117499.99,Imadol,34421111.1,4.0,6,2.5,NE,34112500.0,13,44500000
"'Tikathali, L'",L,33117499.99,Tikathali,28607792.21,3.0,4,2.5,W,35438823.53,13,24000000
"'Imadol, L'",L,33117499.99,Imadol,34421111.1,4.5,5,2.5,E,36431958.76,13,40000000
"'Lubhu, L'",L,33117499.99,Lubhu,20136363.64,6.2,5,2.5,NW,33140350.88,13,28000000
"'Sitapakha, L'",L,33117499.99,Sitapakha,27500000.0,3.5,4,2.5,W,35438823.53,20,27500000
"'Gongabu, K'",K,37338387.72,Gongabu,37571428.57,5.2,6,2.5,S,31992462.31,13,52500000
"'Sallaghari, B'",B,28067676.77,Sallaghari,23000000.0,3.0,2,2.5,S,31992462.31,13,16500000
"'Tokha, K'",K,37338387.72,Tokha,31000000.0,3.5,6,2.5,S,31992462.31,13,27500000
"'Bhangal, K'",K,37338387.72,Bhangal,36653846.15,5.5,5,2.5,SE,38727272.73,20,50000000
"'Budhanilkantha, K'",K,37338387.72,Budhanilkantha,42703703.7,7.0,3,2.5,S,31992462.31,13,48000000
"'Budhanilkantha, K'",K,37338387.72,Budhanilkantha,42703703.7,4.5,4,2.5,SE,38727272.73,13,42500000
"'Budhanilkantha, K'",K,37338387.72,Budhanilkantha,42703703.7,4.2,3,2.5,E,36431958.76,13,39500000
"'Balambu, K'",K,37338387.72,Balambu,24500000.0,4.5,5,2.5,NE,34112500.0,13,21000000
"'Pasikot, K'",K,37338387.72,Pasikot,40950000.0,5.0,6,2.5,W,35438823.53,15,45000000
"'Thankot, K'",K,37338387.72,Thankot,21000000.0,3.5,6,2.5,NE,34112500.0,12,22000000
"'Sanagaun, L'",L,33117499.99,Sanagaun,26283333.33,2.3,5,2.5,E,36431958.76,13,16000000
"'Khumaltar, L'",L,33117499.99,Khumaltar,44285714.29,3.1,5,2.5,E,36431958.76,13,30000000
"'Harisiddhi, L'",L,33117499.99,Harisiddhi,30884615.38,4.5,3,2.5,W,35438823.53,26,29000000
"'Imadol, L'",L,33117499.99,Imadol,34421111.1,4.0,5,2.5,SE,38727272.73,13,40000000
"'Lubhu, L'",L,33117499.99,Lubhu,20136363.64,2.5,5,2.5,N,32362162.15,13,15500000
"'Pepsicola, K'",K,37338387.72,Pepsicola,37333333.33,3.1,6,2.5,E,36431958.76,20,25000000
"'Hattiban, L'",L,33117499.99,Hattiban,29954545.45,4.5,4,2.5,W,35438823.53,20,36000000
"'Sallaghari, B'",B,28067676.77,Sallaghari,23000000.0,4.0,6,2.5,NE,34112500.0,20,28500000
"'Lubhu, L'",L,33117499.99,Lubhu,20136363.64,2.5,4,2.5,E,36431958.76,13,17000000
"'Tikathali, L'",L,33117499.99,Tikathali,28607792.21,3.0,5,2.5,E,36431958.76,13,31500000
"'Budhani, K'",K,37338387.72,Budhani,50000000.0,7.0,5,2.5,S,31992462.31,14,50000000
"'Boudha, K'",K,37338387.72,Boudha,37375000.0,1.0,2,2.5,E,36431958.76,8,7500000
"'Thulobharyang, K'",K,37338387.72,Thulobharyang,41375000.0,4.0,6,2.5,NE,34112500.0,13,36500000
"'Imadol, L'",L,33117499.99,Imadol,34421111.1,3.3,7,2.5,E,36431958.76,13,42500000
"'Tikathali, L'",L,33117499.99,Tikathali,28607792.21,3.0,7,2.5,S,31992462.31,20,26500000
"'Hattigauda, K'",K,37338387.72,Hattigauda,35250000.0,4.5,6,2.5,N,32362162.15,13,31000000
"'Budhanilkantha, K'",K,37338387.72,Budhanilkantha,42703703.7,4.2,5,2.5,NE,34112500.0,20,43000000
"'Budhanilkantha, K'",K,37338387.72,Budhanilkantha,42703703.7,6.0,6,2.5,N,32362162.15,16,50000000
"'Pasikot, K'",K,37338387.72,Pasikot,40950000.0,4.1,6,2.5,E,36431958.76,13,45000000
"'Kalanki, K'",K,37338387.72,Kalanki,43250000.0,8.0,7,2.5,NE,34112500.0,13,60000000
"'Lasuntar, K'",K,37338387.72,Lasuntar,34000000.0,5.0,6,2.5,SE,38727272.73,13,43500000
"'Kapan, K'",K,37338387.72,Kapan,30985714.29,3.0,6,2.5,W,35438823.53,13,22000000
"'Dhalahiti, L'",L,33117499.99,Dhalahiti,42500000.0,4.25,6,2.5,S,31992462.31,14,42500000
"'Gothatar, K'",K,37338387.72,Gothatar,24946666.67,3.1,6,2.5,W,35438823.53,20,27500000
"'Dholahiti, L'",L,33117499.99,Dholahiti,57666666.67,5.0,5,2.5,E,36431958.76,13,48500000
"'Kapan, K'",K,37338387.72,Kapan,30985714.29,3.2,6,2.5,W,35438823.53,13,32500000
"'Kalanki, K'",K,37338387.72,Kalanki,43250000.0,5.0,5,2.5,E,36431958.76,13,65000000
"'Ganesh chowk, K'",K,37338387.72,Ganesh Chowk,40687500.0,4.0,6,2.5,W,35438823.53,13,38000000
"'Chapali, K'",K,37338387.72,Chapali,42900000.0,4.1,7,2.5,NE,34112500.0,13,41500000
"'Chunikhel, K'",K,37338387.72,Chunikhel,34472727.27,4.2,6,2.5,NW,33140350.88,13,38500000
"'Kapan, K'",K,37338387.72,Kapan,30985714.29,3.1,6,2.5,SE,38727272.73,13,30000000
"'Budhanilkantha, K'",K,37338387.72,Budhanilkantha,42703703.7,3.1,6,2.5,W,35438823.53,13,32500000
"'Goldhunga, K'",K,37338387.72,Goldhunga,22375000.0,3.2,5,2.5,E,36431958.76,13,22000000
"'Bhaisepati, L'",L,33117499.99,Bhaisepati,42372340.43,4.0,4,2.5,N,32362162.15,13,36500000
"'Thulobharyang, K'",K,37338387.72,Thulobharyang,41375000.0,3.0,6,2.5,NE,34112500.0,13,36500000
"'Narayanthan, K'",K,37338387.72,Narayanthan,52500000.0,10.3,4,2.5,E,36431958.76,20,80000000
"'Pepsicola, K'",K,37338387.72,Pepsicola,37333333.33,3.0,5,2.5,E,36431958.76,4,18000000
"'Duwakot, B'",B,28067676.77,Duwakot,25200000.0,3.2,9,2.5,SW,32763333.33,8,24000000
"'Tikathali, L'",L,33117499.99,Tikathali,28607792.21,3.3,5,2.5,W,35438823.53,13,26500000
"'Budhanilkantha, K'",K,37338387.72,Budhanilkantha,42703703.7,7.0,5,2.5,W,35438823.53,13,62500000
"'Dhapakhel, L'",L,33117499.99,Dhapakhel,36807692.31,4.1,6,2.5,S,31992462.31,16,32000000
"'Chyasundol, K'",K,37338387.72,Chyasundol,28750000.0,4.0,5,2.5,W,35438823.53,13,30000000
"'Balkhu, K'",K,37338387.72,Balkhu,42500000.0,4.2,5,2.5,NE,34112500.0,13,42500000
"'Nakhipot, L'",L,33117499.99,Nakhipot,40888888.89,4.1,7,2.5,S,31992462.31,13,42000000
"'Imadol, L'",L,33117499.99,Imadol,34421111.1,3.1,5,2.5,SW,32763333.33,13,27500000
"'Imadol, L'",L,33117499.99,Imadol,34421111.1,3.1,7,2.5,SE,38727272.73,13,42000000
"'Dhapasi, K'",K,37338387.72,Dhapasi,41333333.33,4.0,6,2.5,NE,34112500.0,13,35000000
"'Nepaltar, K'",K,37338387.72,Nepaltar,35000000.0,7.0,8,2.5,SW,32763333.33,13,35000000
"'Imadol, L'",L,33117499.99,Imadol,34421111.1,3.0,7,2.5,E,36431958.76,13,23500000
"'Dhapakhel, L'",L,33117499.99,Dhapakhel,36807692.31,5.5,5,2.5,S,31992462.31,20,46000000
"'Gothatar, K'",K,37338387.72,Gothatar,24946666.67,3.0,6,2.5,N,32362162.15,18,23500000
"'Kapan, K'",K,37338387.72,Kapan,30985714.29,4.2,6,2.5,S,31992462.31,13,22500000
"'Sital Height, L'",L,33117499.99,Sital Height,33545454.55,4.0,5,2.5,W,35438823.53,14,39500000
"'Gothatar, K'",K,37338387.72,Gothatar,24946666.67,3.1,7,2.5,W,35438823.53,20,27500000
"'Nakhipot, L'",L,33117499.99,Nakhipot,40888888.89,5.0,4,2.5,E,36431958.76,20,50000000
"'Dhumbarahi, K'",K,37338387.72,Dhumbarahi,37685714.29,3.5,6,2.5,N,32362162.15,8,20000000
"'Nakhipot, L'",L,33117499.99,Nakhipot,40888888.89,5.0,4,2.5,E,36431958.76,20,49000000
"'Imadol, L'",L,33117499.99,Imadol,34421111.1,3.0,5,2.5,S,31992462.31,13,25000000
"'Budhanilkantha, K'",K,37338387.72,Budhanilkantha,42703703.7,4.5,6,2.5,S,31992462.31,13,43500000
"'Satdobato, L'",L,33117499.99,Satdobato,29375000.0,4.0,4,2.5,S,31992462.31,13,31500000
"'Budhanilkantha, K'",K,37338387.72,Budhanilkantha,42703703.7,3.0,2,2.5,NE,34112500.0,15,12500000
"'Imadol, L'",L,33117499.99,Imadol,34421111.1,2.3,4,2.5,S,31992462.31,13,22000000
"'Ganesh chowk, K'",K,37338387.72,Ganesh Chowk,40687500.0,3.3,4,2.5,W,35438823.53,20,47500000
"'Bhangal, K'",K,37338387.72,Bhangal,36653846.15,3.3,5,2.5,NE,34112500.0,13,35000000
"'Ganesh chowk, K'",K,37338387.72,Ganesh Chowk,40687500.0,3.1,10,2.5,NE,34112500.0,20,26000000
"'Bhaisepati, L'",L,33117499.99,Bhaisepati,42372340.43,5.0,5,2.5,S,31992462.31,13,55000000
"'Pasikot, K'",K,37338387.72,Pasikot,40950000.0,6.0,8,2.5,SW,32763333.33,20,55000000
"'Imadol, L'",L,33117499.99,Imadol,34421111.1,3.0,5,2.5,S,31992462.31,13,29000000
"'Lasuntar, K'",K,37338387.72,Lasuntar,34000000.0,3.3,6,2.5,N,32362162.15,13,28500000
"'Tikathali, L'",L,33117499.99,Tikathali,28607792.21,3.2,6,2.5,E,36431958.76,13,26900000
"'Imadol, L'",L,33117499.99,Imadol,34421111.1,3.3,6,2.5,W,35438823.53,13,38500000
"'Pasikot, K'",K,37338387.72,Pasikot,40950000.0,5.0,4,2.5,E,36431958.76,20,47500000
"'Dhapakhel, L'",L,33117499.99,Dhapakhel,36807692.31,8.2,6,2.5,S,31992462.31,20,49000000
"'Imadol, L'",L,33117499.99,Imadol,34421111.1,3.1,6,2.5,E,36431958.76,16,29000000
"'Lubhu, L'",L,33117499.99,Lubhu,20136363.64,3.1,5,2.5,E,36431958.76,16,22000000
"'Harisiddhi, L'",L,33117499.99,Harisiddhi,30884615.38,7.0,6,2.5,W,35438823.53,13,43500000
"'Imadol, L'",L,33117499.99,Imadol,34421111.1,3.1,6,2.5,NE,34112500.0,13,33500000
"'Sital height, L'",L,33117499.99,Sital Height,33545454.55,3.0,4,2.5,E,36431958.76,13,24500000
"'Bhaisepati, L'",L,33117499.99,Bhaisepati,42372340.43,7.0,5,2.5,SE,38727272.73,13,75000000
"'Imadol, L'",L,33117499.99,Imadol,34421111.1,3.0,6,2.5,NW,33140350.88,15,21000000
"'Bhaisepati, L'",L,33117499.99,Bhaisepati,42372340.43,5.1,4,2.5,E,36431958.76,13,50000000
"'Bhaisepati, L'",L,33117499.99,Bhaisepati,42372340.43,4.5,4,2.5,W,35438823.53,13,45000000
"'Bhaisepati, L'",L,33117499.99,Bhaisepati,42372340.43,4.0,4,2.5,N,32362162.15,16,41000000
"'Kalanki, K'",K,37338387.72,Kalanki,43250000.0,6.0,4,2.5,E,36431958.76,10,60000000
"'Gothatar, K'",K,37338387.72,Gothatar,24946666.67,3.0,6,2.5,N,32362162.15,13,26500000
"'Sanagaun, L'",L,33117499.99,Sanagaun,26283333.33,4.1,5,2.5,S,31992462.31,20,33500000
"'Sanagaun, L'",L,33117499.99,Sanagaun,26283333.33,3.0,6,2.5,N,32362162.15,13,26000000
"'Chobar, K'",K,37338387.72,Chobar,33750000.0,5.2,5,2.5,S,31992462.31,20,35000000
"'Nilopul, K'",K,37338387.72,Nilopul,40000000.0,4.0,2,2.5,SE,38727272.73,13,40000000
"'Nakhipot, L'",L,33117499.99,Nakhipot,40888888.89,4.2,6,2.5,N,32362162.15,13,39000000
"'Nakhipot, L'",L,33117499.99,Nakhipot,40888888.89,5.0,5,2.5,E,36431958.76,20,47500000
"'Imadol, L'",L,33117499.99,Imadol,34421111.1,3.5,5,2.5,NE,34112500.0,20,21000000
"'Jorpati, K'",K,37338387.72,Jorpati,27136363.64,3.0,10,2.5,W,35438823.53,10,28500000
"'Baneshwor, K'",K,37338387.72,Baneshwor,50000000.0,5.0,5,2.5,E,36431958.76,14,45000000
"'Gokarna, K'",K,37338387.72,Gokarna,19750000.0,3.5,6,2.5,E,36431958.76,13,20000000
"'Sital Height, L'",L,33117499.99,Sital Height,33545454.55,4.1,5,2.5,E,36431958.76,13,30000000
"'Bhaisepati, L'",L,33117499.99,Bhaisepati,42372340.43,3.1,4,2.5,E,36431958.76,20,32500000
"'Mandikatar, K'",K,37338387.72,Mandikatar,33409090.91,3.5,6,2.5,N,32362162.15,13,27000000
"'Pasikot, K'",K,37338387.72,Pasikot,40950000.0,3.75,3,2.5,W,35438823.53,16,28000000
"'Bhaisepati, L'",L,33117499.99,Bhaisepati,42372340.43,4.3,7,2.5,S,31992462.31,13,37000000
"'Kalanki, K'",K,37338387.72,Kalanki,43250000.0,3.0,4,2.5,NW,33140350.88,15,33000000
"'Kadaghari, K'",K,37338387.72,Kadaghari,22940000.0,3.0,5,2.5,W,35438823.53,20,25500000
"'Budhanilkantha, K'",K,37338387.72,Budhanilkantha,42703703.7,6.0,6,2.5,S,31992462.31,13,44500000
"'Balkot, B'",B,28067676.77,Balkot,32108695.65,5.1,4,2.5,S,31992462.31,10,30000000
"'Galfutar, K'",K,37338387.72,Galfutar,40000000.0,4.5,4,2.5,SW,32763333.33,16,40000000
"'Hattigauda, K'",K,37338387.72,Hattigauda,35250000.0,5.0,5,2.5,SW,32763333.33,13,49000000
"'Imadol, L'",L,33117499.99,Imadol,34421111.1,3.0,4,2.5,SE,38727272.73,13,19000000
"'Sanagaun, L'",L,33117499.99,Sanagaun,26283333.33,2.3,5,2.5,S,31992462.31,13,19900000
"'Imadol, L'",L,33117499.99,Imadol,34421111.1,3.1,5,2.5,E,36431958.76,13,33000000
"'Baluwakhani, K'",K,37338387.72,Baluwakhani,37500000.0,4.0,6,2.5,W,35438823.53,20,27500000
"'Balaju, K'",K,37338387.72,Balaju,20666666.67,3.21,4,2.5,S,31992462.31,16,13500000
"'Khusibu, K'",K,37338387.72,Khusibu,34000000.0,3.2,5,2.5,E,36431958.76,13,34000000
"'Rudreshwor, K'",K,37338387.72,Rudreshwor,45000000.0,6.0,5,2.5,E,36431958.76,13,35000000
"'Dadhikot, B'",B,28067676.77,Dadhikot,33900000.0,10.0,5,2.5,E,36431958.76,14,59500000
"'Sitapaila, K'",K,37338387.72,Sitapaila,33166666.67,9.85,5,2.5,SE,38727272.73,12,60000000
"'Thankot, K'",K,37338387.72,Thankot,21000000.0,4.0,1,2.5,S,31992462.31,13,25000000
"'Tikathali, L'",L,33117499.99,Tikathali,28607792.21,4.25,6,2.5,NW,33140350.88,13,31500000
"'Maitidevi, K'",K,37338387.72,Maitidevi,21500000.0,4.1,5,2.5,SE,38727272.73,13,24000000
"'Kapan, K'",K,37338387.72,Kapan,30985714.29,3.0,5,2.5,NE,34112500.0,14,25000000
"'Imadol, L'",L,33117499.99,Imadol,34421111.1,3.0,4,2.5,E,36431958.76,6,19000000
"'Bhangal, K'",K,37338387.72,Bhangal,36653846.15,4.5,7,2.5,W,35438823.53,13,32000000
"'Hattiban, L'",L,33117499.99,Hattiban,29954545.45,3.0,3,2.5,NW,33140350.88,20,24000000
"'Kadaghari, K'",K,37338387.72,Kadaghari,22940000.0,3.5,6,2.5,E,36431958.76,6,21000000
"'Chamati, K'",K,37338387.72,Chamati,28000000.0,3.2,4,2.5,E,36431958.76,26,28000000
"'Kapan, K'",K,37338387.72,Kapan,30985714.29,6.0,5,2.5,W,35438823.53,13,32500000
"'Tikathali, L'",L,33117499.99,Tikathali,28607792.21,3.0,5,2.5,S,31992462.31,13,22000000
"'Imadol, L'",L,33117499.99,Imadol,34421111.1,3.0,5,2.5,E,36431958.76,13,24500000
"'Bhangal, K'",K,37338387.72,Bhangal,36653846.15,3.0,6,2.5,E,36431958.76,13,27000000
"'Gothatar, K'",K,37338387.72,Gothatar,24946666.67,4.0,5,2.5,E,36431958.76,13,26200000
"'Kadaghari, K'",K,37338387.72,Kadaghari,22940000.0,3.0,6,2.5,E,36431958.76,13,21700000
"'Gothatar, K'",K,37338387.72,Gothatar,24946666.67,4.0,5,2.5,E,36431958.76,20,30000000
"'Gokarna, K'",K,37338387.72,Gokarna,19750000.0,3.0,4,2.5,E,36431958.76,13,19500000
"'Setipakha, L'",L,33117499.99,Setipakha,28225000.0,5.5,4,2.5,E,36431958.76,10,31000000
"'Naxal, K'",K,37338387.72,Naxal,64666666.67,5.2,3,2.5,E,36431958.76,12,56000000
"'Mandikatar, K'",K,37338387.72,Mandikatar,33409090.91,4.1,2,2.5,SE,38727272.73,14,45000000
"'Kitani, L'",L,33117499.99,Kitani,32500000.0,3.1,4,2.5,N,32362162.15,22,32500000
"'Mandikatar, K'",K,37338387.72,Mandikatar,33409090.91,6.6,5,2.5,NW,33140350.88,10,55000000
"'Imadol, L'",L,33117499.99,Imadol,34421111.1,5.5,5,2.5,W,35438823.53,13,37500000
"'Imadol, L'",L,33117499.99,Imadol,34421111.1,4.0,5,2.5,N,32362162.15,13,46000000
"'Tokha, K'",K,37338387.72,Tokha,31000000.0,6.1,5,2.5,SW,32763333.33,20,57500000
"'Mandikatar, K'",K,37338387.72,Mandikatar,33409090.91,4.1,2,2.5,W,35438823.53,16,45000000
"'Bhangal, K'",K,37338387.72,Bhangal,36653846.15,4.1,6,2.5,E,36431958.76,12,39500000
"'Sukedhara, K'",K,37338387.72,Sukedhara,40545454.55,6.0,2,2.5,S,31992462.31,12,50000000
"'Bansbari, K'",K,37338387.72,Bansbari,50666666.67,4.5,4,2.5,E,36431958.76,13,52000000
"'Thankot, K'",K,37338387.72,Thankot,21000000.0,4.0,7,2.5,SW,32763333.33,12,16000000
"'Hattiban, L'",L,33117499.99,Hattiban,29954545.45,2.5,3,2.5,S,31992462.31,13,19500000
"'Harisiddhi, L'",L,33117499.99,Harisiddhi,30884615.38,3.0,4,2.5,S,31992462.31,13,23500000
"'Dhapakhel, L'",L,33117499.99,Dhapakhel,36807692.31,3.0,4,2.5,S,31992462.31,20,24500000
"'Tikathali, L'",L,33117499.99,Tikathali,28607792.21,3.0,6,2.5,S,31992462.31,13,28000000
"'Bhaisepati, L'",L,33117499.99,Bhaisepati,42372340.43,6.0,6,2.5,N,32362162.15,10,41000000
"'Syuchatar, K'",K,37338387.72,Syuchatar,29785714.29,5.1,4,2.5,W,35438823.53,12,31500000
"'Safaray Dhunga, K'",K,37338387.72,Safaray Dhunga,36666666.67,6.0,4,2.5,NE,34112500.0,16,50000000
"'Bhangal, K'",K,37338387.72,Bhangal,36653846.15,5.5,3,2.5,NE,34112500.0,13,50000000
"'Bhaisepati, L'",L,33117499.99,Bhaisepati,42372340.43,5.5,6,2.5,E,36431958.76,16,52500000
"'Bhaisepati, L'",L,33117499.99,Bhaisepati,42372340.43,4.3,6,2.5,W,35438823.53,14,27000000
"'Safaray Dhunga, K'",K,37338387.72,Safaray Dhunga,36666666.67,4.0,8,2.5,S,31992462.31,13,32500000
"'Harisiddhi, L'",L,33117499.99,Harisiddhi,30884615.38,7.0,6,2.5,E,36431958.76,13,40000000
"'Kapan, K'",K,37338387.72,Kapan,30985714.29,3.3,4,2.5,SE,38727272.73,15,24000000
"'Bhaisepati, L'",L,33117499.99,Bhaisepati,42372340.43,4.2,5,2.5,E,36431958.76,20,43500000
"'Sundar basti, K'",K,37338387.72,Sundar Basti,40000000.0,5.0,2,2.5,SE,38727272.73,13,40000000
"'Bansbari, K'",K,37338387.72,Bansbari,50666666.67,5.3,5,2.5,E,36431958.76,13,60000000
"'Hattiban, L'",L,33117499.99,Hattiban,29954545.45,2.3,4,2.5,S,31992462.31,13,23000000
"'Jhamsikhel, L'",L,33117499.99,Jhamsikhel,42000000.0,3.1,6,2.5,N,32362162.15,14,42000000
"'Bhaisepati, L'",L,33117499.99,Bhaisepati,42372340.43,5.5,5,2.5,SE,38727272.73,20,67500000
"'Tikathali, L'",L,33117499.99,Tikathali,28607792.21,6.0,5,2.5,SE,38727272.73,13,49000000
"'Sitapaila, K'",K,37338387.72,Sitapaila,33166666.67,3.0,3,2.5,S,31992462.31,20,18000000
"'Baluwakhani, K'",K,37338387.72,Baluwakhani,37500000.0,5.1,6,2.5,E,36431958.76,20,47500000
"'Budhanilkantha, K'",K,37338387.72,Budhanilkantha,42703703.7,4.0,6,2.5,NE,34112500.0,13,35000000
"'Jorpati, K'",K,37338387.72,Jorpati,27136363.64,4.5,6,2.5,E,36431958.76,13,43500000
"'Safaray Dhunga, K'",K,37338387.72,Safaray Dhunga,36666666.67,3.5,4,2.5,E,36431958.76,13,27500000
"'Shantinagar, K'",K,37338387.72,Shantinagar,49500000.0,4.1,7,2.5,E,36431958.76,20,57500000
"'Nakkhu, L'",L,33117499.99,Nakkhu,33000000.0,4.0,7,2.5,E,36431958.76,12,39000000
"'Shantinagar, K'",K,37338387.72,Shantinagar,49500000.0,4.5,6,2.5,E,36431958.76,20,45000000
"'Mahadevsthan, K'",K,37338387.72,Mahadevsthan,24500000.0,4.5,4,2.5,W,35438823.53,15,24500000
"'Dhapakhel, L'",L,33117499.99,Dhapakhel,36807692.31,5.0,6,2.5,NE,34112500.0,13,39500000
"'Dhumbarahi, K'",K,37338387.72,Dhumbarahi,37685714.29,3.5,6,2.5,NE,34112500.0,6,21500000
"'Thaiba, L'",L,33117499.99,Thaiba,30500000.0,4.5,4,2.5,S,31992462.31,13,21000000
"'Hattiban, L'",L,33117499.99,Hattiban,29954545.45,6.5,7,2.5,W,35438823.53,14,35000000
"'Bhangal, K'",K,37338387.72,Bhangal,36653846.15,3.0,5,2.5,S,31992462.31,13,21000000
"'Bhaisepati, L'",L,33117499.99,Bhaisepati,42372340.43,3.5,5,2.5,W,35438823.53,16,30000000
"'Pasikot, K'",K,37338387.72,Pasikot,40950000.0,5.0,6,2.5,E,36431958.76,20,47500000
"'Bhaisepati, L'",L,33117499.99,Bhaisepati,42372340.43,4.0,6,2.5,E,36431958.76,13,31000000
"'Kusunti, L'",L,33117499.99,Kusunti,39500000.0,5.5,6,2.5,E,36431958.76,13,42500000
"'Kusunti, L'",L,33117499.99,Kusunti,39500000.0,3.2,6,2.5,E,36431958.76,13,35000000
"'Mandikatar, K'",K,37338387.72,Mandikatar,33409090.91,3.0,3,2.5,S,31992462.31,13,25000000
"'Dahachowk, K'",K,37338387.72,Dahachowk,12500000.0,2.5,5,2.5,S,31992462.31,13,12500000
"'Sital height, L'",L,33117499.99,Sital Height,33545454.55,2.3,5,2.5,NE,34112500.0,13,23000000
"'Imadol, L'",L,33117499.99,Imadol,34421111.1,3.5,6,2.5,E,36431958.76,16,29000000
"'Godawari, L'",L,33117499.99,Godawari,25062500.0,3.3,6,2.5,E,36431958.76,13,29000000
"'Khumaltar, L'",L,33117499.99,Khumaltar,44285714.29,5.5,6,2.5,E,36431958.76,20,47000000
"'Harisiddhi, L'",L,33117499.99,Harisiddhi,30884615.38,3.2,6,2.5,N,32362162.15,20,25000000
"'Ravi bhawan, K'",K,37338387.72,Ravi Bhawan,36000000.0,4.0,5,2.5,S,31992462.31,20,50000000
"'Imadol, L'",L,33117499.99,Imadol,34421111.1,3.0,4,2.5,E,36431958.76,13,29900000
"'Tikathali, L'",L,33117499.99,Tikathali,28607792.21,4.0,7,2.5,NW,33140350.88,13,35500000
"'Tikathali, L'",L,33117499.99,Tikathali,28607792.21,2.2,6,2.5,W,35438823.53,13,25000000
"'Khumaltar, L'",L,33117499.99,Khumaltar,44285714.29,5.2,5,2.5,SE,38727272.73,13,39000000
"'Imadol, L'",L,33117499.99,Imadol,34421111.1,4.0,8,2.5,E,36431958.76,13,42500000
"'Sital Height, L'",L,33117499.99,Sital Height,33545454.55,4.0,6,2.5,E,36431958.76,13,45500000
"'Bhaisepati, L'",L,33117499.99,Bhaisepati,42372340.43,4.5,4,2.5,E,36431958.76,20,45000000
"'Pasikot, K'",K,37338387.72,Pasikot,40950000.0,5.0,6,2.5,E,36431958.76,13,33500000
"'Lubhu, L'",L,33117499.99,Lubhu,20136363.64,3.2,4,2.5,NE,34112500.0,13,21500000
"'Hattigauda, K'",K,37338387.72,Hattigauda,35250000.0,6.5,4,2.5,W,35438823.53,16,36000000
"'Imadol, L'",L,33117499.99,Imadol,34421111.1,4.5,6,2.5,N,32362162.15,13,39500000
"'Pasikot, K'",K,37338387.72,Pasikot,40950000.0,4.1,6,2.5,N,32362162.15,13,42000000
"'Thali, K'",K,37338387.72,Thali,16250000.0,3.0,4,2.5,E,36431958.76,10,14000000
"'Khumaltar, L'",L,33117499.99,Khumaltar,44285714.29,10.0,5,2.5,NE,34112500.0,20,72500000
"'Bhaisepati, L'",L,33117499.99,Bhaisepati,42372340.43,5.5,4,2.5,N,32362162.15,13,65000000
"'Imadol, L'",L,33117499.99,Imadol,34421111.1,3.1,5,2.5,S,31992462.31,13,31500000
"'Imadol, L'",L,33117499.99,Imadol,34421111.1,3.1,5,2.5,S,31992462.31,13,29900000
"'Imadol, L'",L,33117499.99,Imadol,34421111.1,3.0,4,2.5,S,31992462.31,13,26500000
"'Tikathali, L'",L,33117499.99,Tikathali,28607792.21,2.3,3,2.5,S,31992462.31,14,25000000
"'Imadol, L'",L,33117499.99,Imadol,34421111.1,3.2,7,2.5,N,32362162.15,20,29000000
"'Bhangal, K'",K,37338387.72,Bhangal,36653846.15,5.0,4,2.5,W,35438823.53,30,40000000
"'Budhanilkantha, K'",K,37338387.72,Budhanilkantha,42703703.7,3.1,6,2.5,W,35438823.53,16,32500000
"'Budhanilkantha, K'",K,37338387.72,Budhanilkantha,42703703.7,7.0,4,2.5,E,36431958.76,13,48000000
"'Budhanilkantha, K'",K,37338387.72,Budhanilkantha,42703703.7,7.0,4,2.5,NE,34112500.0,13,50000000
"'Budhanilkantha, K'",K,37338387.72,Budhanilkantha,42703703.7,4.1,5,2.5,SE,38727272.73,14,38000000
"'Bhangal, K'",K,37338387.72,Bhangal,36653846.15,5.0,6,2.5,E,36431958.76,20,39500000
"'Kapan, K'",K,37338387.72,Kapan,30985714.29,4.5,5,2.5,SE,38727272.73,11,39500000
"'Mahalaxmi, L'",L,33117499.99,Mahalaxmi,27250000.0,3.0,7,2.5,W,35438823.53,20,23000000
"'Harisiddhi, L'",L,33117499.99,Harisiddhi,30884615.38,3.0,5,2.5,N,32362162.15,20,27500000
"'Bhangal, K'",K,37338387.72,Bhangal,36653846.15,5.0,5,2.5,E,36431958.76,16,47500000
"'Balkot, B'",B,28067676.77,Balkot,32108695.65,4.0,4,2.5,E,36431958.76,12,21500000
"'Balambu, K'",K,37338387.72,Balambu,24500000.0,4.5,4,2.5,W,35438823.53,13,28000000
"'Kapan, K'",K,37338387.72,Kapan,30985714.29,4.3,6,2.5,SE,38727272.73,13,29000000
"'Bhangal, K'",K,37338387.72,Bhangal,36653846.15,4.2,6,2.5,S,31992462.31,16,42500000
"'Nakhipot, L'",L,33117499.99,Nakhipot,40888888.89,3.3,5,2.5,NE,34112500.0,26,36000000
"'Bhangal, K'",K,37338387.72,Bhangal,36653846.15,6.0,7,2.5,N,32362162.15,13,50000000
"'Bhangal, K'",K,37338387.72,Bhangal,36653846.15,6.0,5,2.5,E,36431958.76,15,36000000
"'Raniban, K'",K,37338387.72,Raniban,40000000.0,5.0,7,2.5,SW,32763333.33,20,40000000
"'Kapan, K'",K,37338387.72,Kapan,30985714.29,4.1,6,2.5,E,36431958.76,14,38000000
"'Tokha, K'",K,37338387.72,Tokha,31000000.0,8.0,5,2.5,S,31992462.31,13,7000000
"'Chapali, K'",K,37338387.72,Chapali,42900000.0,4.1,6,2.5,E,36431958.76,20,41000000
"'Chapali, K'",K,37338387.72,Chapali,42900000.0,4.5,5,2.5,S,31992462.31,13,40000000
"'Imadol, L'",L,33117499.99,Imadol,34421111.1,4.15,7,2.5,S,31992462.31,13,41500000
"'Deuba Chowk, K'",K,37338387.72,Deuba Chowk,42500000.0,4.2,5,2.5,NE,34112500.0,20,43500000
"'Imadol, L'",L,33117499.99,Imadol,34421111.1,5.0,5,2.5,W,35438823.53,13,57500000
"'Satdobato, L'",L,33117499.99,Satdobato,29375000.0,3.1,4,2.5,SE,38727272.73,13,30000000
"'Kapan, K'",K,37338387.72,Kapan,30985714.29,4.0,6,2.5,SW,32763333.33,10,42500000
"'Tokha, K'",K,37338387.72,Tokha,31000000.0,5.1,6,2.5,SE,38727272.73,13,45000000
"'Kadaghari, K'",K,37338387.72,Kadaghari,22940000.0,3.0,6,2.5,S,31992462.31,13,24500000
"'Tikathali, L'",L,33117499.99,Tikathali,28607792.21,3.2,6,3.0,E,36431958.76,13,22500000
"'Imadol, L'",L,33117499.99,Imadol,34421111.1,3.1,5,3.0,E,36431958.76,13,32000000
"'Imadol, L'",L,33117499.99,Imadol,34421111.1,3.0,5,3.0,E,36431958.76,13,27500000
"'Imadol, L'",L,33117499.99,Imadol,34421111.1,4.2,6,3.0,S,31992462.31,16,29000000
"'Imadol, L'",L,33117499.99,Imadol,34421111.1,3.2,6,3.0,S,31992462.31,13,35500000
"'Imadol, L'",L,33117499.99,Imadol,34421111.1,5.1,5,3.0,S,31992462.31,13,55000000
"'Imadol, L'",L,33117499.99,Imadol,34421111.1,4.2,4,3.0,NW,33140350.88,13,29000000
"'Imadol, L'",L,33117499.99,Imadol,34421111.1,4.1,7,3.0,SW,32763333.33,10,33000000
"'Tikathali, L'",L,33117499.99,Tikathali,28607792.21,3.0,6,3.0,E,36431958.76,13,26000000
"'Imadol, L'",L,33117499.99,Imadol,34421111.1,3.2,5,3.0,S,31992462.31,20,26500000
"'Imadol, L'",L,33117499.99,Imadol,34421111.1,3.0,5,3.0,S,31992462.31,13,26500000
"'Mahalaxmi, L'",L,33117499.99,Mahalaxmi,27250000.0,3.1,7,3.0,N,32362162.15,20,31500000
"'Sital Height, L'",L,33117499.99,Sital Height,33545454.55,3.3,8,3.0,S,31992462.31,13,32000000
"'Manmaiju, K'",K,37338387.72,Manmaiju,27666666.67,5.0,9,3.0,S,31992462.31,13,24000000
"'Syuchatar, K'",K,37338387.72,Syuchatar,29785714.29,4.2,8,3.0,NE,34112500.0,12,23000000
"'Imadol, L'",L,33117499.99,Imadol,34421111.1,6.2,5,3.0,W,35438823.53,13,47500000
"'Lubhu, L'",L,33117499.99,Lubhu,20136363.64,5.2,5,3.0,NW,33140350.88,16,42500000
"'Imadol, L'",L,33117499.99,Imadol,34421111.1,3.2,6,3.0,S,31992462.31,13,29500000
"'Imadol, L'",L,33117499.99,Imadol,34421111.1,3.1,5,3.0,S,31992462.31,13,33500000
"'New Baneshwor, K'",K,37338387.72,New Baneshwor,52666666.67,2.2,7,3.0,E,36431958.76,4,27000000
"'Imadol, L'",L,33117499.99,Imadol,34421111.1,3.0,7,3.0,W,35438823.53,20,32500000
"'Baniyatar, K'",K,37338387.72,Baniyatar,33571428.57,2.2,5,3.0,NE,34112500.0,10,25000000
"'Pepsicola, K'",K,37338387.72,Pepsicola,37333333.33,5.5,1,3.0,SE,38727272.73,26,95000000
"'Pepsicola, K'",K,37338387.72,Pepsicola,37333333.33,2.3,6,3.0,E,36431958.76,26,32500000
"'Chabahil, K'",K,37338387.72,Chabahil,40000000.0,4.5,10,3.0,E,36431958.76,8,40000000
"'Imadol, L'",L,33117499.99,Imadol,34421111.1,4.5,5,3.0,NE,34112500.0,13,49500000
"'Tikathali, L'",L,33117499.99,Tikathali,28607792.21,2.3,5,3.0,E,36431958.76,13,22000000
"'Tikathali, L'",L,33117499.99,Tikathali,28607792.21,2.3,5,3.0,S,31992462.31,13,22500000
"'Imadol, L'",L,33117499.99,Imadol,34421111.1,3.0,5,3.0,NE,34112500.0,13,22500000
"'Tikathali, L'",L,33117499.99,Tikathali,28607792.21,3.0,6,3.0,E,36431958.76,13,25000000
"'Imadol, L'",L,33117499.99,Imadol,34421111.1,5.0,6,3.0,W,35438823.53,13,39500000
"'Imadol, L'",L,33117499.99,Imadol,34421111.1,3.1,5,3.0,N,32362162.15,13,32500000
"'Imadol, L'",L,33117499.99,Imadol,34421111.1,4.0,6,3.0,N,32362162.15,13,45500000
"'Imadol, L'",L,33117499.99,Imadol,34421111.1,3.1,4,3.0,N,32362162.15,13,32500000
"'Dhaneshwor, K'",K,37338387.72,Dhaneshwor,27500000.0,4.0,8,3.0,S,31992462.31,10,29000000
"'Dhalmal, K'",K,37338387.72,Dhalmal,28000000.0,3.1,5,3.0,S,31992462.31,13,30000000
"'Imadol, L'",L,33117499.99,Imadol,34421111.1,3.0,3,3.0,NE,34112500.0,12,27000000
"'Tikathali, L'",L,33117499.99,Tikathali,28607792.21,3.0,6,3.0,NW,33140350.88,13,23500000
"'Suntol, L'",L,33117499.99,Suntol,34000000.0,4.0,6,3.0,E,36431958.76,13,34000000
"'Imadol, L'",L,33117499.99,Imadol,34421111.1,3.0,6,3.0,E,36431958.76,13,26500000
"'Imadol, L'",L,33117499.99,Imadol,34421111.1,3.0,5,3.0,N,32362162.15,13,35000000
"'Imadol, L'",L,33117499.99,Imadol,34421111.1,3.5,5,3.0,W,35438823.53,13,34500000
"'Imadol, L'",L,33117499.99,Imadol,34421111.1,3.0,5,3.0,NE,34112500.0,13,35000000
"'Tikathali, L'",L,33117499.99,Tikathali,28607792.21,3.1,5,3.0,E,36431958.76,13,32500000
"'Hattiban, L'",L,33117499.99,Hattiban,29954545.45,3.0,6,3.0,W,35438823.53,14,28000000
"'Hattiban, L'",L,33117499.99,Hattiban,29954545.45,3.0,5,3.0,S,31992462.31,13,33000000
"'Imadol, L'",L,33117499.99,Imadol,34421111.1,3.0,6,3.0,SE,38727272.73,13,23500000
"'Manmaiju, K'",K,37338387.72,Manmaiju,27666666.67,4.0,7,3.0,S,31992462.31,12,32500000
"'Dapasi, K'",K,37338387.72,Dapasi,50000000.0,4.0,4,3.0,NW,33140350.88,20,50000000
"'Imadol, L'",L,33117499.99,Imadol,34421111.1,3.0,9,3.0,S,31992462.31,13,29000000
"'Imadol, L'",L,33117499.99,Imadol,34421111.1,4.0,4,3.0,S,31992462.31,13,46500000
"'Imadol, L'",L,33117499.99,Imadol,34421111.1,5.0,8,3.0,S,31992462.31,13,51000000
"'Sanagaun, L'",L,33117499.99,Sanagaun,26283333.33,3.0,6,3.0,NE,34112500.0,13,27000000
"'Sanagaun, L'",L,33117499.99,Sanagaun,26283333.33,4.0,5,3.0,NE,34112500.0,20,33000000
"'Balkot, B'",B,28067676.77,Balkot,32108695.65,9.0,7,3.0,NW,33140350.88,22,42500000
"'Imadol, L'",L,33117499.99,Imadol,34421111.1,3.0,5,3.0,E,36431958.76,14,31500000
"'Ektabasti, K'",K,37338387.72,Ektabasti,26000000.0,3.5,5,3.0,NW,33140350.88,16,24000000
"'Tikathali, L'",L,33117499.99,Tikathali,28607792.21,3.5,6,3.0,E,36431958.76,13,29000000
"'Pepsicola, K'",K,37338387.72,Pepsicola,37333333.33,2.0,6,3.0,SW,32763333.33,16,25000000
"'Sitapaila, K'",K,37338387.72,Sitapaila,33166666.67,6.0,10,3.0,W,35438823.53,8,30000000
"'Pepsicola, K'",K,37338387.72,Pepsicola,37333333.33,4.3,9,3.0,NE,34112500.0,16,45000000
"'Siddhipur, L'",L,33117499.99,Siddhipur,20250000.0,3.0,2,3.0,S,31992462.31,12,25000000
"'Badegaun, L'",L,33117499.99,Badegaun,16500000.0,3.0,3,3.0,E,36431958.76,13,16500000
"'Kandaghari, K'",K,37338387.72,Kandaghari,52000000.0,7.0,12,3.0,S,31992462.31,20,52000000
"'Chasidol, L'",L,33117499.99,Chasidol,22000000.0,3.5,7,3.0,W,35438823.53,13,22000000
"'Bhandarigauu, K'",K,37338387.72,Bhandarigauu,27500000.0,3.2,6,3.0,S,31992462.31,13,27500000
"'Imadol, L'",L,33117499.99,Imadol,34421111.1,5.0,14,3.0,NW,33140350.88,13,42500000
"'Budhanilkantha, K'",K,37338387.72,Budhanilkantha,42703703.7,3.3,3,3.0,E,36431958.76,26,29500000
"'Tikathali, L'",L,33117499.99,Tikathali,28607792.21,3.1,6,3.0,W,35438823.53,13,26500000
"'Imadol, L'",L,33117499.99,Imadol,34421111.1,3.5,6,3.0,NW,33140350.88,12,31000000
"'Imadol, L'",L,33117499.99,Imadol,34421111.1,4.0,6,3.0,E,36431958.76,13,32500000
"'Imadol, L'",L,33117499.99,Imadol,34421111.1,2.3,5,3.0,W,35438823.53,13,25500000
"'Imadol, L'",L,33117499.99,Imadol,34421111.1,3.0,5,3.0,E,36431958.76,13,27000000
"'Imadol, L'",L,33117499.99,Imadol,34421111.1,3.0,5,3.0,W,35438823.53,13,28000000
"'Lubhu, L'",L,33117499.99,Lubhu,20136363.64,2.3,5,3.0,N,32362162.15,13,23000000
"'Thimi, B'",B,28067676.77,Thimi,33700000.0,3.1,5,3.0,W,35438823.53,20,22500000
"'Chobar, K'",K,37338387.72,Chobar,33750000.0,6.5,5,3.0,E,36431958.76,20,32500000
"'Imadol, L'",L,33117499.99,Imadol,34421111.1,3.0,5,3.0,N,32362162.15,13,32500000
"'Imadol, L'",L,33117499.99,Imadol,34421111.1,5.1,5,3.0,SE,38727272.73,13,57500000
"'Tikathali, L'",L,33117499.99,Tikathali,28607792.21,5.0,6,3.0,NW,33140350.88,13,32000000
"'Imadol, L'",L,33117499.99,Imadol,34421111.1,4.0,6,3.0,NE,34112500.0,13,37500000
"'Bhaisepati, L'",L,33117499.99,Bhaisepati,42372340.43,3.0,4,3.0,SE,38727272.73,22,30000000
"'Gatthaghar, B'",B,28067676.77,Gatthaghar,28750000.0,3.0,10,3.0,NE,34112500.0,13,25000000
"'Thaiba, L'",L,33117499.99,Thaiba,30500000.0,7.2,5,3.0,W,35438823.53,20,40000000
"'Budhanilkantha, K'",K,37338387.72,Budhanilkantha,42703703.7,6.0,7,3.0,E,36431958.76,13,52500000
"'Chunikhel, K'",K,37338387.72,Chunikhel,34472727.27,3.0,6,3.0,S,31992462.31,13,28000000
"'Mahankal, K'",K,37338387.72,Mahankal,40250000.0,6.0,4,3.0,NE,34112500.0,16,47500000
"'Gatthaghar, B'",B,28067676.77,Gatthaghar,28750000.0,3.0,6,3.0,E,36431958.76,13,33000000
"'Chunikhel, K'",K,37338387.72,Chunikhel,34472727.27,4.5,7,3.0,NE,34112500.0,13,44500000
"'Bhaisepati, L'",L,33117499.99,Bhaisepati,42372340.43,5.5,6,3.0,W,35438823.53,20,52500000
"'Naikap, K'",K,37338387.72,Naikap,23666666.67,3.5,5,3.0,NW,33140350.88,13,22500000
"'Goldhunga, K'",K,37338387.72,Goldhunga,22375000.0,6.1,9,3.0,SE,38727272.73,13,30000000
"'Baniyatar, K'",K,37338387.72,Baniyatar,33571428.57,2.2,6,3.0,S,31992462.31,13,26000000
"'Imadol, L'",L,33117499.99,Imadol,34421111.1,4.2,6,3.0,W,35438823.53,13,39500000
"'Gothatar, K'",K,37338387.72,Gothatar,24946666.67,3.2,7,3.0,NE,34112500.0,20,32000000
"'Tikathali, L'",L,33117499.99,Tikathali,28607792.21,3.0,8,3.0,S,31992462.31,13,25000000
"'Setipakha, L'",L,33117499.99,Setipakha,28225000.0,3.2,6,3.0,E,36431958.76,13,35500000
"'Hattigauda, K'",K,37338387.72,Hattigauda,35250000.0,4.0,4,3.0,W,35438823.53,13,37000000
"'Chapali, K'",K,37338387.72,Chapali,42900000.0,4.5,5,3.0,NW,33140350.88,14,39000000
"'Imadol, L'",L,33117499.99,Imadol,34421111.1,5.0,5,3.0,W,35438823.53,20,55000000
"'Thimi, B'",B,28067676.77,Thimi,33700000.0,6.0,5,3.0,NE,34112500.0,20,60000000
"'Imadol, L'",L,33117499.99,Imadol,34421111.1,4.0,11,3.0,W,35438823.53,20,44500000
"'Imadol, L'",L,33117499.99,Imadol,34421111.1,3.1,6,3.0,W,35438823.53,13,30000000
"'Imadol, L'",L,33117499.99,Imadol,34421111.1,3.0,8,3.0,N,32362162.15,16,24500000
"'Tikathali, L'",L,33117499.99,Tikathali,28607792.21,3.2,7,3.0,S,31992462.31,13,31000000
"'Imadol, L'",L,33117499.99,Imadol,34421111.1,3.2,5,3.0,N,32362162.15,13,27000000
"'Ganesh chowk, K'",K,37338387.72,Ganesh Chowk,40687500.0,4.5,5,3.0,E,36431958.76,16,40000000
"'Imadol, L'",L,33117499.99,Imadol,34421111.1,4.0,6,3.0,S,31992462.31,13,42000000
"'Balkot, B'",B,28067676.77,Balkot,32108695.65,3.1,6,3.0,E,36431958.76,13,33000000
"'Tikathali, L'",L,33117499.99,Tikathali,28607792.21,4.0,6,3.0,W,35438823.53,20,25000000
"'Imadol, L'",L,33117499.99,Imadol,34421111.1,4.2,8,3.0,N,32362162.15,13,38500000
"'Imadol, L'",L,33117499.99,Imadol,34421111.1,2.5,5,3.0,NE,34112500.0,13,18000000
"'Imadol, L'",L,33117499.99,Imadol,34421111.1,3.0,8,3.0,W,35438823.53,20,31000000
"'Sital Height, L'",L,33117499.99,Sital Height,33545454.55,5.0,5,3.0,SE,38727272.73,16,39000000
"'Swayambhu, K'",K,37338387.72,Swayambhu,48000000.0,5.0,6,3.0,NE,34112500.0,13,50000000
"'Sanagaun, L'",L,33117499.99,Sanagaun,26283333.33,4.1,7,3.0,S,31992462.31,13,32500000
"'Imadol, L'",L,33117499.99,Imadol,34421111.1,3.5,7,3.0,E,36431958.76,13,32000000
"'Gongabu, K'",K,37338387.72,Gongabu,37571428.57,3.0,15,3.0,S,31992462.31,13,27500000
"'Imadol, L'",L,33117499.99,Imadol,34421111.1,3.5,4,3.0,W,35438823.53,13,31000000
"'Imadol, L'",L,33117499.99,Imadol,34421111.1,3.5,5,3.0,E,36431958.76,13,42500000
"'Imadol, L'",L,33117499.99,Imadol,34421111.1,3.75,7,3.0,S,31992462.31,13,42500000
"'Sital Height, L'",L,33117499.99,Sital Height,33545454.55,3.5,5,3.0,S,31992462.31,20,26000000
"'Imadol, L'",L,33117499.99,Imadol,34421111.1,4.2,5,3.0,NW,33140350.88,13,45000000
"'Imadol, L'",L,33117499.99,Imadol,34421111.1,3.0,6,3.0,W,35438823.53,13,25000000
"'Tikathali, L'",L,33117499.99,Tikathali,28607792.21,3.0,7,3.0,S,31992462.31,13,24500000
"'Bansbari, K'",K,37338387.72,Bansbari,50666666.67,4.0,6,3.0,E,36431958.76,13,40000000
"'Imadol, L'",L,33117499.99,Imadol,34421111.1,3.25,6,3.0,N,32362162.15,13,32499999
"'Imadol, L'",L,33117499.99,Imadol,34421111.1,3.2,6,3.0,S,31992462.31,13,31999999
"'Dhapakhel, L'",L,33117499.99,Dhapakhel,36807692.31,5.3,5,3.0,E,36431958.76,20,55000000
"'Magargau, L'",L,33117499.99,Magargau,29999999.0,3.5,4,3.0,E,36431958.76,16,29999999
"'Sanobharyang, K'",K,37338387.72,Sanobharyang,35750000.0,3.5,5,3.0,S,31992462.31,22,32500000
"'Panipokhari, K'",K,37338387.72,Panipokhari,60000000.0,3.0,6,3.0,E,36431958.76,20,60000000
"'Imadol, L'",L,33117499.99,Imadol,34421111.1,3.0,8,3.0,S,31992462.31,20,31500000
"'Imadol, L'",L,33117499.99,Imadol,34421111.1,3.5,8,3.0,W,35438823.53,13,26500000
"'Baluwatar, K'",K,37338387.72,Baluwatar,47666666.67,4.5,9,3.0,SE,38727272.73,26,90000000
"'Gongabu, K'",K,37338387.72,Gongabu,37571428.57,3.0,4,3.0,NW,33140350.88,13,26000000
"'Balkot, B'",B,28067676.77,Balkot,32108695.65,3.5,7,3.0,W,35438823.53,13,26500000
"'Imadol, L'",L,33117499.99,Imadol,34421111.1,3.0,7,3.0,E,36431958.76,24,31500000
"'Imadol, L'",L,33117499.99,Imadol,34421111.1,3.0,5,3.0,W,35438823.53,13,25000000
"'Balkot, B'",B,28067676.77,Balkot,32108695.65,4.0,7,3.0,E,36431958.76,20,32500000
"'Bode, B'",B,28067676.77,Bode,17750000.0,3.0,5,3.0,E,36431958.76,26,19000000
"'Karyabinayak, L'",L,33117499.99,Karyabinayak,39500000.0,6.0,8,3.0,E,36431958.76,13,45000000
"'Bhaisepati, L'",L,33117499.99,Bhaisepati,42372340.43,5.5,6,3.0,E,36431958.76,16,65000000
"'Bhaisepati, L'",L,33117499.99,Bhaisepati,42372340.43,5.0,7,3.0,E,36431958.76,13,42500000
"'Bhaisepati, L'",L,33117499.99,Bhaisepati,42372340.43,5.0,7,3.0,E,36431958.76,13,37500000
"'Imadol, L'",L,33117499.99,Imadol,34421111.1,3.5,6,3.0,S,31992462.31,13,35000000
"'Imadol, L'",L,33117499.99,Imadol,34421111.1,3.3,7,3.0,N,32362162.15,14,38000000
"'Tikathali, L'",L,33117499.99,Tikathali,28607792.21,4.1,7,3.0,W,35438823.53,20,36500000
"'Imadol, L'",L,33117499.99,Imadol,34421111.1,6.0,7,3.0,E,36431958.76,20,67500000
"'Imadol, L'",L,33117499.99,Imadol,34421111.1,6.0,7,3.0,E,36431958.76,13,67500000
"'Sukedhara, K'",K,37338387.72,Sukedhara,40545454.55,3.0,5,3.0,W,35438823.53,13,32500000
"'Baniyatar, K'",K,37338387.72,Baniyatar,33571428.57,3.3,5,3.0,E,36431958.76,13,28000000
"'Imadol, L'",L,33117499.99,Imadol,34421111.1,5.0,7,3.0,W,35438823.53,16,39000000
"'Imadol, L'",L,33117499.99,Imadol,34421111.1,3.5,8,3.0,E,36431958.76,16,31500000
"'Sitapakha, L'",L,33117499.99,Sitapakha,27500000.0,4.0,6,3.0,W,35438823.53,13,29000000
"'Imadol, L'",L,33117499.99,Imadol,34421111.1,3.2,6,3.0,N,32362162.15,13,25000000
"'Imadol, L'",L,33117499.99,Imadol,34421111.1,4.3,6,3.0,W,35438823.53,13,42500000
"'Hattiban, L'",L,33117499.99,Hattiban,29954545.45,4.0,7,3.0,W,35438823.53,12,26500000
"'Narayanthan, K'",K,37338387.72,Narayanthan,52500000.0,3.21,2,3.0,E,36431958.76,13,25000000
"'Sangla, K'",K,37338387.72,Sangla,18500000.0,2.04,3,3.0,SE,38727272.73,12,18500000
"'Kalanki, K'",K,37338387.72,Kalanki,43250000.0,4.0,1,3.0,E,36431958.76,10,33500000
"'Deuba chowk, K'",K,37338387.72,Deuba Chowk,42500000.0,5.5,5,3.0,S,31992462.31,13,34000000
"'Imadol, L'",L,33117499.99,Imadol,34421111.1,3.0,6,3.0,E,36431958.76,16,22500000
"'Kuleshwor, K'",K,37338387.72,Kuleshwor,73333333.33,6.2,1,3.0,S,31992462.31,16,60000000
"'Kist Hospital, L'",L,33117499.99,Kist Hospital,28500000.0,3.79,7,3.0,E,36431958.76,13,28500000
"'Nayabasti, L'",L,33117499.99,Nayabasti,27500000.0,2.92,7,3.0,E,36431958.76,20,27500000
"'Kapan, K'",K,37338387.72,Kapan,30985714.29,2.0,1,3.0,E,36431958.76,8,15000000
"'Imadol, L'",L,33117499.99,Imadol,34421111.1,3.75,4,3.0,E,36431958.76,16,26800000
"'Kapurdhara, K'",K,37338387.72,Kapurdhara,33000000.0,4.39,5,3.0,N,32362162.15,4,33000000
"'Dhumbarahi, K'",K,37338387.72,Dhumbarahi,37685714.29,5.0,3,3.0,SE,38727272.73,20,55000000
"'Mandikatar, K'",K,37338387.72,Mandikatar,33409090.91,3.0,3,3.0,E,36431958.76,13,25000000
"'Kapan, K'",K,37338387.72,Kapan,30985714.29,3.0,5,3.0,E,36431958.76,10,22500000
"'Hattigauda, K'",K,37338387.72,Hattigauda,35250000.0,4.0,7,3.0,N,32362162.15,17,50000000
"'Imadol, L'",L,33117499.99,Imadol,34421111.1,4.0,6,3.0,N,32362162.15,13,46000000
"'Imadol, L'",L,33117499.99,Imadol,34421111.1,5.5,6,3.0,S,31992462.31,16,55000000
"'Lubhu, L'",L,33117499.99,Lubhu,20136363.64,3.5,7,3.0,W,35438823.53,13,23600000
"'Mandikatar, K'",K,37338387.72,Mandikatar,33409090.91,5.0,3,3.0,E,36431958.76,16,35000000
"'Balkot, B'",B,28067676.77,Balkot,32108695.65,3.1,6,3.0,S,31992462.31,13,27000000
"'Balkot, B'",B,28067676.77,Balkot,32108695.65,3.0,5,3.0,S,31992462.31,36,25500000
"'Jharankhu, K'",K,37338387.72,Jharankhu,19000000.0,4.0,6,3.0,E,36431958.76,13,19000000
"'Mulpani, K'",K,37338387.72,Mulpani,32722222.22,4.0,7,3.0,S,31992462.31,10,23000000
"'Imadol, L'",L,33117499.99,Imadol,34421111.1,3.0,5,3.0,W,35438823.53,20,26000000
"'Harisiddhi, L'",L,33117499.99,Harisiddhi,30884615.38,3.5,6,3.0,S,31992462.31,13,27500000
"'Makalbari, K'",K,37338387.72,Makalbari,31250000.0,5.0,7,3.0,E,36431958.76,13,35000000
"'Mulpani, K'",K,37338387.72,Mulpani,32722222.22,4.0,8,3.0,S,31992462.31,10,23000000
"'Sukedhara, K'",K,37338387.72,Sukedhara,40545454.55,3.0,5,3.5,S,31992462.31,14,33000000
"'Dhaneshwor, K'",K,37338387.72,Dhaneshwor,27500000.0,4.0,8,3.5,N,32362162.15,14,28000000
"'Dharmasthali, K'",K,37338387.72,Dharmasthali,37000000.0,4.0,8,3.5,N,32362162.15,13,37000000
"'Jagdol, K'",K,37338387.72,Jagdol,30000000.0,3.2,5,3.5,SE,38727272.73,13,30000000
"'Goldhunga, K'",K,37338387.72,Goldhunga,22375000.0,4.0,5,3.5,NW,33140350.88,13,27000000
"'Kapan, K'",K,37338387.72,Kapan,30985714.29,3.0,5,3.5,E,36431958.76,13,25000000
"'Gyaneshwor, K'",K,37338387.72,Gyaneshwor,61000000.0,3.3,6,3.5,NW,33140350.88,20,65000000
"'Samakhusi, K'",K,37338387.72,Samakhusi,50220000.0,5.0,8,3.5,E,36431958.76,13,45000000
"'Baniyatar, K'",K,37338387.72,Baniyatar,33571428.57,4.2,5,3.5,SW,32763333.33,13,28000000
"'Imadol, L'",L,33117499.99,Imadol,34421111.1,4.1,9,3.5,W,35438823.53,13,41000000
"'Baniyatar, K'",K,37338387.72,Baniyatar,33571428.57,6.0,6,3.5,E,36431958.76,13,60000000
"'Kapan, K'",K,37338387.72,Kapan,30985714.29,3.0,6,3.5,SW,32763333.33,13,25000000
"'Nakkhu, L'",L,33117499.99,Nakkhu,33000000.0,3.0,7,3.5,S,31992462.31,13,27000000
"'Bhangal, K'",K,37338387.72,Bhangal,36653846.15,4.0,6,3.5,S,31992462.31,13,34500000
"'Ramailo Danda, K'",K,37338387.72,Ramailo Danda,21500000.0,3.3,6,3.5,S,31992462.31,12,21500000
"'Balaju, K'",K,37338387.72,Balaju,20666666.67,3.0,7,3.5,S,31992462.31,8,18500000
"'Imadol, L'",L,33117499.99,Imadol,34421111.1,3.5,8,3.5,E,36431958.76,13,30000000
"'Sital Height, L'",L,33117499.99,Sital Height,33545454.55,5.1,7,3.5,E,36431958.76,26,57500000
"'Pepsicola, K'",K,37338387.72,Pepsicola,37333333.33,3.5,6,3.5,E,36431958.76,22,33500000
"'Pepsicola, K'",K,37338387.72,Pepsicola,37333333.33,3.5,8,3.5,W,35438823.53,13,32500000
"'Ektabasti, K'",K,37338387.72,Ektabasti,26000000.0,3.45,3,3.5,NE,34112500.0,13,28000000
"'Dhapakhel, L'",L,33117499.99,Dhapakhel,36807692.31,6.0,6,3.5,SE,38727272.73,13,47500000
"'Harisiddhi, L'",L,33117499.99,Harisiddhi,30884615.38,7.2,6,3.5,E,36431958.76,20,40000000
"'Imadol, L'",L,33117499.99,Imadol,34421111.1,4.0,7,3.5,SW,32763333.33,13,36500000
"'Chunikhel, K'",K,37338387.72,Chunikhel,34472727.27,5.0,6,3.5,E,36431958.76,20,39700000
"'Chunikhel, K'",K,37338387.72,Chunikhel,34472727.27,3.5,6,3.5,E,36431958.76,13,32500000
"'Chunikhel, K'",K,37338387.72,Chunikhel,34472727.27,4.0,6,3.5,NW,33140350.88,13,43500000
"'Chapali, K'",K,37338387.72,Chapali,42900000.0,6.0,6,3.5,W,35438823.53,13,53000000
"'Balkot, B'",B,28067676.77,Balkot,32108695.65,5.0,6,3.5,S,31992462.31,13,37000000
"'Imadol, L'",L,33117499.99,Imadol,34421111.1,4.0,6,3.5,NE,34112500.0,14,46000000
"'Imadol, L'",L,33117499.99,Imadol,34421111.1,4.5,6,3.5,NE,34112500.0,15,49500000
"'Imadol, L'",L,33117499.99,Imadol,34421111.1,4.0,5,3.5,NE,34112500.0,15,45500000
"'Tikathali, L'",L,33117499.99,Tikathali,28607792.21,3.1,6,3.5,NE,34112500.0,13,26500000
"'Tikathali, L'",L,33117499.99,Tikathali,28607792.21,3.5,6,3.5,S,31992462.31,13,27500000
"'Imadol, L'",L,33117499.99,Imadol,34421111.1,3.0,9,3.5,S,31992462.31,13,31500000
"'Baluwapati, K'",K,37338387.72,Baluwapati,34000000.0,4.2,8,3.5,S,31992462.31,13,34000000
"'Gairigaun, K'",K,37338387.72,Gairigaun,32000000.0,4.0,6,3.5,E,36431958.76,13,32000000
"'Sitapaila, K'",K,37338387.72,Sitapaila,33166666.67,4.0,5,3.5,N,32362162.15,26,25000000
"'Sanagaun, L'",L,33117499.99,Sanagaun,26283333.33,4.75,3,3.5,S,31992462.31,13,37500000
"'Ekantakuna, L'",L,33117499.99,Ekantakuna,39000000.0,6.0,6,3.5,W,35438823.53,20,39000000
"'Imadol, L'",L,33117499.99,Imadol,34421111.1,3.0,5,3.5,S,31992462.31,13,28000000
"'Imadol, L'",L,33117499.99,Imadol,34421111.1,3.0,6,3.5,S,31992462.31,11,29000000
"'Kapan, K'",K,37338387.72,Kapan,30985714.29,3.2,5,3.5,W,35438823.53,13,32000000
"'Payutar, K'",K,37338387.72,Payutar,40000000.0,4.0,6,3.5,NW,33140350.88,10,40000000
"'Kapan, K'",K,37338387.72,Kapan,30985714.29,4.0,6,3.5,N,32362162.15,13,32000000
"'Baluwatar, K'",K,37338387.72,Baluwatar,47666666.67,3.0,7,3.5,E,36431958.76,15,33000000
"'Matatirtha, K'",K,37338387.72,Matatirtha,33000000.0,6.1,7,3.5,E,36431958.76,22,33000000
"'Ganeshthan, K'",K,37338387.72,Ganeshthan,28000000.0,4.0,8,3.5,E,36431958.76,8,28000000
"'New Baneshwor, K'",K,37338387.72,New Baneshwor,52666666.67,8.15,11,3.5,W,35438823.53,16,95000000
"'Imadol, L'",L,33117499.99,Imadol,34421111.1,3.75,6,3.5,W,35438823.53,13,33500000
"'Bhangal, K'",K,37338387.72,Bhangal,36653846.15,5.5,4,3.5,NE,34112500.0,13,50000000
"'Bhaisepati, L'",L,33117499.99,Bhaisepati,42372340.43,4.3,6,3.5,SE,38727272.73,20,39000000
"'Imadol, L'",L,33117499.99,Imadol,34421111.1,4.1,7,3.5,E,36431958.76,13,38000000
"'Imadol, L'",L,33117499.99,Imadol,34421111.1,3.2,8,3.5,E,36431958.76,13,32500000
"'Kumaripati, L'",L,33117499.99,Kumaripati,32500000.0,4.2,8,3.5,SW,32763333.33,8,32500000
"'Sital Height, L'",L,33117499.99,Sital Height,33545454.55,3.2,5,3.5,N,32362162.15,13,29000000
"'Sanobharyang, K'",K,37338387.72,Sanobharyang,35750000.0,4.1,6,3.5,SW,32763333.33,14,39000000
"'Dibyeshwori, B'",B,28067676.77,Dibyeshwori,32500000.0,3.1,7,3.5,W,35438823.53,20,32500000
"'Shantinagar, K'",K,37338387.72,Shantinagar,49500000.0,5.5,9,3.5,E,36431958.76,20,60000000
"'Balkot, B'",B,28067676.77,Balkot,32108695.65,5.0,9,3.5,SE,38727272.73,20,37500000
"'Kapan, K'",K,37338387.72,Kapan,30985714.29,3.0,7,3.5,SE,38727272.73,13,24500000
"'Imadol, L'",L,33117499.99,Imadol,34421111.1,4.2,7,3.5,E,36431958.76,20,44000000
"'Naikap, K'",K,37338387.72,Naikap,23666666.67,3.0,7,3.5,E,36431958.76,13,25500000
"'Bhaisepati, L'",L,33117499.99,Bhaisepati,42372340.43,4.2,8,3.5,E,36431958.76,13,32000000
"'Imadol, L'",L,33117499.99,Imadol,34421111.1,4.2,8,3.5,S,31992462.31,13,28900000
"'Manmaiju, K'",K,37338387.72,Manmaiju,27666666.67,3.2,7,3.5,S,31992462.31,16,26500000
"'Thulobharyang, K'",K,37338387.72,Thulobharyang,41375000.0,5.5,8,3.5,NE,34112500.0,11,50000000
"'Baneshwor, K'",K,37338387.72,Baneshwor,50000000.0,4.0,5,3.5,S,31992462.31,14,44000000
"'Tikathali, L'",L,33117499.99,Tikathali,28607792.21,4.0,3,3.5,E,36431958.76,14,32500000
"'Imadol, L'",L,33117499.99,Imadol,34421111.1,4.0,5,3.5,SW,32763333.33,13,37500000
"'Guheshwori, K'",K,37338387.72,Guheshwori,27666666.67,2.04,5,3.5,N,32362162.15,13,28000000
"'Kapan, K'",K,37338387.72,Kapan,30985714.29,4.5,6,3.5,E,36431958.76,13,35000000
"'Dadhikot, B'",B,28067676.77,Dadhikot,33900000.0,4.75,7,3.5,E,36431958.76,13,32000000
"'Tangal, K'",K,37338387.72,Tangal,65000000.0,7.2,5,3.5,N,32362162.15,16,65000000
"'Sukedhara, K'",K,37338387.72,Sukedhara,40545454.55,2.5,3,3.5,S,31992462.31,20,25000000
"'Imadol, L'",L,33117499.99,Imadol,34421111.1,4.0,7,3.5,E,36431958.76,16,32500000
"'Gyaneshwor, K'",K,37338387.72,Gyaneshwor,61000000.0,6.0,6,3.5,S,31992462.31,14,57000000
"'Imadol, L'",L,33117499.99,Imadol,34421111.1,4.0,7,3.5,N,32362162.15,18,39500000
"'Bhangal, K'",K,37338387.72,Bhangal,36653846.15,3.5,4,3.5,SW,32763333.33,13,25000000
"'Balaju, K'",K,37338387.72,Balaju,20666666.67,2.3,3,3.5,W,35438823.53,14,30000000
"'kalanki, K'",K,37338387.72,Kalanki,43250000.0,2.5,3,3.5,SE,38727272.73,13,32000000
"'Shantinagar, K'",K,37338387.72,Shantinagar,49500000.0,3.0,6,4.0,S,31992462.31,10,42500000
"'Imadol, L'",L,33117499.99,Imadol,34421111.1,4.0,5,4.0,N,32362162.15,13,39000000
"'Imadol, L'",L,33117499.99,Imadol,34421111.1,6.3,6,4.0,N,32362162.15,13,38000000
"'Imadol, L'",L,33117499.99,Imadol,34421111.1,3.1,8,4.0,E,36431958.76,13,25000000
"'Gatthaghar, B'",B,28067676.77,Gatthaghar,28750000.0,3.5,14,4.0,NW,33140350.88,13,25000000
"'Chunikhel, K'",K,37338387.72,Chunikhel,34472727.27,4.2,6,4.0,NE,34112500.0,13,45000000
"'Kusunti, L'",L,33117499.99,Kusunti,39500000.0,8.0,6,4.0,E,36431958.76,26,48000000
"'Gatthaghar, B'",B,28067676.77,Gatthaghar,28750000.0,3.0,8,4.0,E,36431958.76,13,36000000
"'Dhumbarahi, K'",K,37338387.72,Dhumbarahi,37685714.29,6.0,9,4.0,S,31992462.31,11,70000000
"'Sanagaun, L'",L,33117499.99,Sanagaun,26283333.33,3.1,5,4.0,S,31992462.31,13,27000000
"'Imadol, L'",L,33117499.99,Imadol,34421111.1,5.0,2,4.0,E,36431958.76,26,72500000
"'Sukedhara, K'",K,37338387.72,Sukedhara,40545454.55,4.0,4,4.0,E,36431958.76,20,47500000
"'Gatthaghar, B'",B,28067676.77,Gatthaghar,28750000.0,3.2,8,4.0,E,36431958.76,14,32000000
"'Shantinagar, K'",K,37338387.72,Shantinagar,49500000.0,4.0,11,4.0,S,31992462.31,10,42500000
"'Imadol, L'",L,33117499.99,Imadol,34421111.1,3.3,8,4.0,NE,34112500.0,13,36500000
"'Imadol, L'",L,33117499.99,Imadol,34421111.1,4.0,7,4.0,W,35438823.53,13,21500000
"'Baniyatar, K'",K,37338387.72,Baniyatar,33571428.57,4.1,9,4.0,E,36431958.76,13,38000000
"'Baniyatar, K'",K,37338387.72,Baniyatar,33571428.57,4.0,7,4.0,W,35438823.53,13,30000000
"'Pahelopul, K'",K,37338387.72,Pahelopul,38500000.0,4.0,13,4.5,S,31992462.31,20,38500000
"'Kalanki, K'",K,37338387.72,Kalanki,43250000.0,6.0,10,4.5,S,31992462.31,13,42500000
"'Kapan, K'",K,37338387.72,Kapan,30985714.29,5.0,6,4.5,SE,38727272.73,13,38000000
"'Manohara, B'",B,28067676.77,Manohara,42000000.0,4.3,4,4.5,E,36431958.76,20,42000000
"'Sitapaila, K'",K,37338387.72,Sitapaila,33166666.67,4.0,3,4.5,S,31992462.31,16,45000000
"'Sukedhara, K'",K,37338387.72,Sukedhara,40545454.55,5.48,6,2.5,N,32362162.15,12,42500000
"'Kuleshwor, K'",K,37338387.72,Kuleshwor,73333333.33,8.5,7,3.0,W,35438823.53,16,80000000
"'Sitapaila, K'",K,37338387.72,Sitapaila,33166666.67,3.0,5,3.0,E,36431958.76,13,28000000
"'Sitapaila, K'",K,37338387.72,Sitapaila,33166666.67,3.5,6,2.5,E,36431958.76,13,25000000
"'Kalanki, K'",K,37338387.72,Kalanki,43250000.0,3.0,5,2.5,E,36431958.76,13,28000000
"'Swayambhu, K'",K,37338387.72,Swayambhu,48000000.0,5.25,13,4.0,N,32362162.15,13,80000000
"'Kalanki, K'",K,37338387.72,Kalanki,43250000.0,10.0,7,3.5,E,36431958.76,13,60000000
"'Bhaisepati, L'",L,33117499.99,Bhaisepati,42372340.43,4.43,4,2.5,SE,38727272.73,20,41500000
"'Dhapasi, K'",K,37338387.72,Dhapasi,41333333.33,8.0,5,2.5,E,36431958.76,13,75500000
"'Sunakothi, L'",L,33117499.99,Sunakothi,38666666.67,3.75,5,2.5,NE,34112500.0,13,37500000
"'Sunakothi, L'",L,33117499.99,Sunakothi,38666666.67,3.12,4,2.5,SE,38727272.73,13,31500000
"'Mulpani, K'",K,37338387.72,Mulpani,32722222.22,3.0,7,3.5,SE,38727272.73,13,23500000
"'Kapan, K'",K,37338387.72,Kapan,30985714.29,4.0,6,2.5,SE,38727272.73,14,37500000
"'Tikathali, L'",L,33117499.99,Tikathali,28607792.21,3.25,5,3.0,N,32362162.15,13,33500000
"'Bhangal, K'",K,37338387.72,Bhangal,36653846.15,4.06,6,2.5,NE,34112500.0,13,34500000
"'Naxal, K'",K,37338387.72,Naxal,64666666.67,7.75,10,3.5,SW,32763333.33,21,58000000
"'Tahachal, K'",K,37338387.72,Tahachal,21000000.0,2.75,3,2.5,E,36431958.76,11,21000000
"'Budhanilkantha, K'",K,37338387.72,Budhanilkantha,42703703.7,4.0,6,2.5,SW,32763333.33,13,29500000
"'Naikap, K'",K,37338387.72,Naikap,23666666.67,3.0,7,3.5,E,36431958.76,13,23000000
"'Baluwatar, K'",K,37338387.72,Baluwatar,47666666.67,7.75,10,2.5,S,31992462.31,20,11000000
"'Tikathali, L'",L,33117499.99,Tikathali,28607792.21,3.37,6,3.0,W,35438823.53,14,27500000
"'Golfutar, K'",K,37338387.72,Golfutar,45250000.0,4.5,8,2.5,SE,38727272.73,13,35000000
"'Imadol, L'",L,33117499.99,Imadol,34421111.1,2.5,5,2.5,W,35438823.53,13,21000000
"'Battisputali, K'",K,37338387.72,Battisputali,50333333.33,4.75,12,3.0,E,36431958.76,19,69000000
"'Tikathali, L'",L,33117499.99,Tikathali,28607792.21,4.0,6,3.0,NE,34112500.0,13,42500000
"'Tikathali, L'",L,33117499.99,Tikathali,28607792.21,4.0,6,3.0,SE,38727272.73,13,45000000
"'Newroad, K'",K,37338387.72,Newroad,35000000.0,1.0,9,4.5,N,32362162.15,12,35000000
"'Dhumbarahi, K'",K,37338387.72,Dhumbarahi,37685714.29,3.5,6,2.5,S,31992462.31,11,25000000
"'Guheshwori, K'",K,37338387.72,Guheshwori,27666666.67,4.0,4,2.5,SW,32763333.33,12,30000000
"'Mahankal, K'",K,37338387.72,Mahankal,40250000.0,3.5,9,4.0,NE,34112500.0,15,33000000
"'Tokha, K'",K,37338387.72,Tokha,31000000.0,3.37,6,3.5,E,36431958.76,13,28500000
"'Jorpati, K'",K,37338387.72,Jorpati,27136363.64,3.0,3,3.5,W,35438823.53,13,29000000
"'Mulpani, K'",K,37338387.72,Mulpani,32722222.22,5.0,4,2.5,NW,33140350.88,20,50000000
"'Ravi Bhawan, K'",K,37338387.72,Ravi Bhawan,36000000.0,3.75,6,2.2,SE,38727272.73,4,22000000
"'Syuchatar, K'",K,37338387.72,Syuchatar,29785714.29,4.0,6,2.5,NE,34112500.0,10,27500000
"'Tokha, K'",K,37338387.72,Tokha,31000000.0,6.0,5,4.0,E,36431958.76,26,52500000
"'Tokha, K'",K,37338387.72,Tokha,31000000.0,3.0,5,2.5,NE,34112500.0,10,27000000
"'Imadol, L'",L,33117499.99,Imadol,34421111.1,4.5,6,3.0,NE,34112500.0,13,47500000
"'Imadol, L'",L,33117499.99,Imadol,34421111.1,3.0,6,3.5,NW,33140350.88,13,27500000
"'Imadol, L'",L,33117499.99,Imadol,34421111.1,3.75,7,2.5,NE,34112500.0,13,29500000
"'New Baneshwor, K'",K,37338387.72,New Baneshwor,52666666.67,3.5,6,2.25,E,36431958.76,10,36000000
"'Sipadol, B'",B,28067676.77,Sipadol,16500000.0,3.0,5,2.5,S,31992462.31,13,16500000
"'Mandikatar, K'",K,37338387.72,Mandikatar,33409090.91,3.0,5,2.5,SE,38727272.73,13,26000000
"'Tikathali, L'",L,33117499.99,Tikathali,28607792.21,3.75,6,3.5,S,31992462.31,13,31000000
"'Tokha, K'",K,37338387.72,Tokha,31000000.0,3.5,6,2.5,SE,38727272.73,10,25000000
"'Lubhu, L'",L,33117499.99,Lubhu,20136363.64,2.75,4,2.5,W,35438823.53,10,18000000
"'Changathali, L'",L,33117499.99,Changathali,28000000.0,5.5,7,2.5,NE,34112500.0,13,28000000
"'Sudal, B'",B,28067676.77,Sudal,16250000.0,4.0,2,1.0,S,31992462.31,13,13500000
"'Boudha, K'",K,37338387.72,Boudha,37375000.0,6.0,7,2.5,E,36431958.76,14,50000000
"'Kapan, K'",K,37338387.72,Kapan,30985714.29,3.0,3,1.5,S,31992462.31,13,16500000
"'Tokha, K'",K,37338387.72,Tokha,31000000.0,3.62,5,2.5,S,31992462.31,10,48000000
"'Imadol, L'",L,33117499.99,Imadol,34421111.1,3.0,5,2.5,W,35438823.53,16,27000000
"'Tikathali, L'",L,33117499.99,Tikathali,28607792.21,3.75,2,1.0,NE,34112500.0,13,18500000
"'Tikathali, L'",L,33117499.99,Tikathali,28607792.21,9.25,6,3.5,W,35438823.53,16,97500000
"'Chandol, K'",K,37338387.72,Chandol,64250000.0,6.5,4,2.5,W,35438823.53,12,82500000
"'Tikathali, L'",L,33117499.99,Tikathali,28607792.21,3.5,7,3.0,SW,32763333.33,13,28000000
"'Bhangal, K'",K,37338387.72,Bhangal,36653846.15,3.45,9,2.5,W,35438823.53,20,21000000
"'Lubhu, L'",L,33117499.99,Lubhu,20136363.64,2.75,3,1.0,S,31992462.31,13,12000000
"'Lubhu, L'",L,33117499.99,Lubhu,20136363.64,2.91,6,3.0,S,31992462.31,13,20000000
"'Makalbari, K'",K,37338387.72,Makalbari,31250000.0,3.5,4,2.5,NE,34112500.0,16,27500000
"'Tikathali, L'",L,33117499.99,Tikathali,28607792.21,3.0,8,3.0,S,31992462.31,13,31000000
"'Samakhusi, K'",K,37338387.72,Samakhusi,50220000.0,9.5,7,3.5,E,36431958.76,14,74500000
"'Machapokhari, K'",K,37338387.72,Machapokhari,27000000.0,3.5,11,3.0,S,31992462.31,10,27000000
"'Tikathali, L'",L,33117499.99,Tikathali,28607792.21,3.25,5,3.0,S,31992462.31,13,33500000
"'Budhanilkantha, K'",K,37338387.72,Budhanilkantha,42703703.7,3.0,2,1.0,SW,32763333.33,13,17500000
"'Bhaisepati, L'",L,33117499.99,Bhaisepati,42372340.43,2.5,3,2.5,W,35438823.53,13,25000000
"'Bhaisepati, L'",L,33117499.99,Bhaisepati,42372340.43,3.5,3,2.5,W,35438823.53,13,25000000
"'Bode, B'",B,28067676.77,Bode,17750000.0,4.0,4,2.0,S,31992462.31,13,16500000
"'Lubhu, L'",L,33117499.99,Lubhu,20136363.64,3.75,4,3.0,SE,38727272.73,13,29900000
"'Budhanilkantha, K'",K,37338387.72,Budhanilkantha,42703703.7,6.0,6,2.5,E,36431958.76,14,57500000
"'Tokha, K'",K,37338387.72,Tokha,31000000.0,3.0,5,2.5,W,35438823.53,13,31500000
"'Old Baneshwor, K'",K,37338387.72,Old Baneshwor,52500000.0,2.75,8,3.5,W,35438823.53,20,35000000
"'Golfutar, K'",K,37338387.72,Golfutar,45250000.0,8.5,8,2.5,SW,32763333.33,13,59500000
"'Sanothimi, B'",B,28067676.77,Sanothimi,36733333.33,5.0,6,3.0,S,31992462.31,13,39900000
"'Tikathali, L'",L,33117499.99,Tikathali,28607792.21,2.75,7,2.5,NE,34112500.0,13,21500000
"'Basantapur, K'",K,37338387.72,Basantapur,35000000.0,1.87,3,4.5,N,32362162.15,15,35000000
"'Sukedhara, K'",K,37338387.72,Sukedhara,40545454.55,2.68,13,5.0,E,36431958.76,32,63000000
"'Dhumbarahi, K'",K,37338387.72,Dhumbarahi,37685714.29,4.0,12,5.0,N,32362162.15,13,47800000
"'Sukedhara, K'",K,37338387.72,Sukedhara,40545454.55,5.0,5,2.5,SW,32763333.33,18,55000000
"'Kharipati, B'",B,28067676.77,Kharipati,17500000.0,3.87,3,2.0,S,31992462.31,20,17500000
"'Kapan, K'",K,37338387.72,Kapan,30985714.29,3.5,14,4.0,NE,34112500.0,26,40000000
"'Suryabinayak, B'",B,28067676.77,Suryabinayak,25250000.0,5.0,6,3.5,W,35438823.53,13,35000000
"'Suryabinayak, B'",B,28067676.77,Suryabinayak,25250000.0,8.31,5,2.0,NW,33140350.88,40,41500000
"'Budhanilkantha, K'",K,37338387.72,Budhanilkantha,42703703.7,7.0,5,3.0,SE,38727272.73,13,36000000
"'Suryabinayak, B'",B,28067676.77,Suryabinayak,25250000.0,4.0,6,2.5,S,31992462.31,13,24000000
"'Bhangal, K'",K,37338387.72,Bhangal,36653846.15,4.0,6,2.5,W,35438823.53,13,37500000
"'Lubhu, L'",L,33117499.99,Lubhu,20136363.64,2.75,2,1.0,W,35438823.53,13,16000000
"'Tikathali, L'",L,33117499.99,Tikathali,28607792.21,3.5,7,3.5,E,36431958.76,13,29000000
"'Lubhu, L'",L,33117499.99,Lubhu,20136363.64,2.5,4,2.5,W,35438823.53,13,17000000
"'Tikathali, L'",L,33117499.99,Tikathali,28607792.21,4.0,8,3.5,S,31992462.31,13,32500000
"'Kapan, K'",K,37338387.72,Kapan,30985714.29,4.0,7,3.5,E,36431958.76,13,46000000
"'Swayambhu, K'",K,37338387.72,Swayambhu,48000000.0,4.5,7,3.0,NE,34112500.0,13,33000000
"'Kuleshwor, K'",K,37338387.72,Kuleshwor,73333333.33,10.5,4,2.5,W,35438823.53,10,80000000
"'Imadol, L'",L,33117499.99,Imadol,34421111.1,3.75,6,3.0,NE,34112500.0,16,41000000
"'Tinkune, K'",K,37338387.72,Tinkune,78000000.0,8.5,13,3.5,E,36431958.76,13,78000000
"'Tokha, K'",K,37338387.72,Tokha,31000000.0,4.0,7,2.5,E,36431958.76,13,35000000
"'Imadol, L'",L,33117499.99,Imadol,34421111.1,3.5,5,3.0,NW,33140350.88,13,38000000
"'Imadol, L'",L,33117499.99,Imadol,34421111.1,3.75,6,3.0,SE,38727272.73,13,43000000
"'Imadol, L'",L,33117499.99,Imadol,34421111.1,3.25,5,3.0,SE,38727272.73,20,32500000
"'Tikathali, L'",L,33117499.99,Tikathali,28607792.21,3.25,7,2.5,W,35438823.53,20,26000000
"'Budhanilkantha, K'",K,37338387.72,Budhanilkantha,42703703.7,6.25,6,2.5,SE,38727272.73,13,58500000
"'Budhanilkantha, K'",K,37338387.72,Budhanilkantha,42703703.7,4.0,6,2.5,W,35438823.53,13,36000000
"'Budhanilkantha, K'",K,37338387.72,Budhanilkantha,42703703.7,9.0,8,2.5,SE,38727272.73,26,75000000
"'Imadol, L'",L,33117499.99,Imadol,34421111.1,3.0,5,2.5,SE,38727272.73,13,27500000
"'Budhanilkantha, K'",K,37338387.72,Budhanilkantha,42703703.7,5.0,6,2.5,NE,34112500.0,20,42500000
"'Budhanilkantha, K'",K,37338387.72,Budhanilkantha,42703703.7,3.5,7,2.5,E,36431958.76,13,31000000
"'Budhanilkantha, K'",K,37338387.72,Budhanilkantha,42703703.7,4.06,4,2.5,W,35438823.53,20,46000000
"'Kapan, K'",K,37338387.72,Kapan,30985714.29,4.0,2,1.0,E,36431958.76,13,18500000
"'Maharajgunj, K'",K,37338387.72,Maharajgunj,72000000.0,4.5,6,2.5,S,31992462.31,12,55000000
"'Sitapaila, K'",K,37338387.72,Sitapaila,33166666.67,4.0,4,2.5,SE,38727272.73,13,32500000
"'Tikathali, L'",L,33117499.99,Tikathali,28607792.21,3.06,5,2.5,SW,32763333.33,13,25000000
"'Budhanilkantha, K'",K,37338387.72,Budhanilkantha,42703703.7,4.0,4,2.0,NE,34112500.0,14,39000000
"'Mulpani, K'",K,37338387.72,Mulpani,32722222.22,3.0,6,2.5,S,31992462.31,13,25500000
"'Dhaneshwor, K'",K,37338387.72,Dhaneshwor,27500000.0,3.5,6,2.5,SW,32763333.33,10,25000000
"'Bafal, K'",K,37338387.72,Bafal,32500000.0,4.25,6,2.5,E,36431958.76,13,32500000
"'Budhanilkantha, K'",K,37338387.72,Budhanilkantha,42703703.7,3.5,6,2.5,W,35438823.53,13,35000000
"'Kapan, K'",K,37338387.72,Kapan,30985714.29,3.0,8,2.5,SE,38727272.73,13,19000000
"'Gothatar, K'",K,37338387.72,Gothatar,24946666.67,4.0,6,2.5,SE,38727272.73,20,33000000
"'Mulpani, K'",K,37338387.72,Mulpani,32722222.22,3.5,6,3.0,S,31992462.31,13,27000000
"'Kalanki, K'",K,37338387.72,Kalanki,43250000.0,3.0,4,2.5,S,31992462.31,13,26500000
"'Dholahiti, L'",L,33117499.99,Dholahiti,57666666.67,10.0,4,2.5,SE,38727272.73,20,82500000
"'Ramkot, K'",K,37338387.72,Ramkot,20500000.0,3.5,3,2.0,NE,34112500.0,15,20500000
"'Dallu, K'",K,37338387.72,Dallu,42433333.33,3.75,8,5.5,E,36431958.76,22,58000000
"'Gothatar, K'",K,37338387.72,Gothatar,24946666.67,5.25,2,1.0,E,36431958.76,13,19000000
"'Basundhara, K'",K,37338387.72,Basundhara,48750000.0,3.93,5,2.5,W,35438823.53,13,37500000
"'Boudha, K'",K,37338387.72,Boudha,37375000.0,2.5,15,5.0,S,31992462.31,11,17000000
"'Tripureshwor, K'",K,37338387.72,Tripureshwor,40000000.0,1.75,10,5.5,S,31992462.31,32,40000000
"'Koteshwor, K'",K,37338387.72,Koteshwor,43800000.0,3.5,13,4.5,W,35438823.53,16,35000000
"'Koteshwor, K'",K,37338387.72,Koteshwor,43800000.0,4.0,10,4.5,E,36431958.76,16,45000000
"'Budhanilkantha, K'",K,37338387.72,Budhanilkantha,42703703.7,6.0,5,2.5,SW,32763333.33,13,56500000
"'Jorpati, K'",K,37338387.72,Jorpati,27136363.64,3.5,8,3.5,E,36431958.76,22,32500000
"'Mulpani, K'",K,37338387.72,Mulpani,32722222.22,8.0,7,2.5,E,36431958.76,20,40000000
"'Baluwatar, K'",K,37338387.72,Baluwatar,47666666.67,2.5,4,2.5,W,35438823.53,30,29500000
"'Budhanilkantha, K'",K,37338387.72,Budhanilkantha,42703703.7,4.5,6,2.5,E,36431958.76,13,43000000
"'Imadol, L'",L,33117499.99,Imadol,34421111.1,4.31,6,2.5,E,36431958.76,13,30000000
"'Radhe Radhe, B'",B,28067676.77,Radhe Radhe,28833333.33,5.37,7,3.5,SW,32763333.33,20,39000000
"'Madhyapur Thimi, B'",B,28067676.77,Madhyapur Thimi,23500000.0,3.25,4,2.5,SW,32763333.33,20,23500000
"'Sallaghari, B'",B,28067676.77,Sallaghari,23000000.0,3.75,13,3.5,SE,38727272.73,20,30000000
"'Sanothimi, B'",B,28067676.77,Sanothimi,36733333.33,3.0,5,3.0,N,32362162.15,20,29000000
"'Nayabazar, K'",K,37338387.72,Nayabazar,49000000.0,4.62,7,3.5,E,36431958.76,20,49000000
"'Battisputali, K'",K,37338387.72,Battisputali,50333333.33,3.93,5,2.5,E,36431958.76,14,40000000
"'Budhanilkantha, K'",K,37338387.72,Budhanilkantha,42703703.7,3.0,5,2.5,S,31992462.31,13,28500000
"'Tokha, K'",K,37338387.72,Tokha,31000000.0,6.0,8,2.5,W,35438823.53,16,57000000
"'Pepsicola, K'",K,37338387.72,Pepsicola,37333333.33,3.87,6,3.0,W,35438823.53,20,29500000
"'Tikathali, L'",L,33117499.99,Tikathali,28607792.21,2.93,2,1.0,S,31992462.31,13,16000000
"'Tikathali, L'",L,33117499.99,Tikathali,28607792.21,3.5,8,2.5,N,32362162.15,13,28000000
"'Tokha, K'",K,37338387.72,Tokha,31000000.0,8.75,3,2.5,SE,38727272.73,14,52500000
"'Chandol, K'",K,37338387.72,Chandol,64250000.0,5.75,4,2.0,E,36431958.76,8,46000000
"'Duwakot, B'",B,28067676.77,Duwakot,25200000.0,5.0,6,3.5,NW,33140350.88,20,31000000
"'Tikathali, L'",L,33117499.99,Tikathali,28607792.21,4.5,5,2.5,S,31992462.31,13,45000000
"'Imadol, L'",L,33117499.99,Imadol,34421111.1,4.5,6,3.0,SE,38727272.73,13,48000000
"'Kalanki, K'",K,37338387.72,Kalanki,43250000.0,3.5,11,4.5,S,31992462.31,13,41000000
"'Sanepa, L'",L,33117499.99,Sanepa,59666666.67,3.0,6,2.5,S,31992462.31,13,36000000
"'Sudal, B'",B,28067676.77,Sudal,16250000.0,3.0,8,2.5,NW,33140350.88,13,19000000
"'Koteshwor, K'",K,37338387.72,Koteshwor,43800000.0,3.93,8,4.5,W,35438823.53,13,45000000
"'Hattigauda, K'",K,37338387.72,Hattigauda,35250000.0,2.5,5,2.5,E,36431958.76,20,25000000
"'Syuchatar, K'",K,37338387.72,Syuchatar,29785714.29,3.5,5,3.5,N,32362162.15,13,28500000
"'Syuchatar, K'",K,37338387.72,Syuchatar,29785714.29,3.0,5,3.5,SE,38727272.73,13,28000000
"'Koteshwor, K'",K,37338387.72,Koteshwor,43800000.0,2.5,4,2.5,W,35438823.53,20,26500000
"'Imadol, L'",L,33117499.99,Imadol,34421111.1,3.5,5,3.0,SE,38727272.73,13,29800000
"'Budhanilkantha, K'",K,37338387.72,Budhanilkantha,42703703.7,5.0,4,2.5,E,36431958.76,13,45000000
"'Sanogaun, L'",L,33117499.99,Sanogaun,32000000.0,2.5,5,2.5,S,31992462.31,8,17500000
"'Mandikatar, K'",K,37338387.72,Mandikatar,33409090.91,3.0,3,1.5,W,35438823.53,4,14000000
"'Chunikhel, K'",K,37338387.72,Chunikhel,34472727.27,2.87,5,2.5,SW,32763333.33,12,23000000
"'Sanogaun, L'",L,33117499.99,Sanogaun,32000000.0,4.25,5,3.0,SE,38727272.73,24,30000000
"'Dallu, K'",K,37338387.72,Dallu,42433333.33,6.62,7,2.5,SE,38727272.73,8,39500000
"'Jadibuti, K'",K,37338387.72,Jadibuti,39000000.0,5.0,8,3.5,E,36431958.76,20,39000000
"'Budhanilkantha, K'",K,37338387.72,Budhanilkantha,42703703.7,5.0,4,2.5,SE,38727272.73,20,42500000
"'Chundevi, K'",K,37338387.72,Chundevi,57000000.0,6.25,5,2.5,E,36431958.76,20,59000000
"'Godawari, L'",L,33117499.99,Godawari,25062500.0,5.0,5,2.5,SE,38727272.73,20,33000000
"'Sirutar, B'",B,28067676.77,Sirutar,22500000.0,3.0,4,2.5,SE,38727272.73,13,23000000
"'Balkot, B'",B,28067676.77,Balkot,32108695.65,8.0,7,3.5,NE,34112500.0,16,55000000
"'Mulpani, K'",K,37338387.72,Mulpani,32722222.22,6.0,5,2.5,E,36431958.76,26,65000000
"'Palase, B'",B,28067676.77,Palase,41500000.0,8.31,5,2.0,NW,33140350.88,40,41500000
"'Boudha, K'",K,37338387.72,Boudha,37375000.0,8.5,7,2.5,E,36431958.76,13,75000000
"'Swayambhu, K'",K,37338387.72,Swayambhu,48000000.0,3.0,6,4.5,E,36431958.76,13,29000000
"'Thulobharyang, K'",K,37338387.72,Thulobharyang,41375000.0,3.0,3,3.5,N,32362162.15,20,42500000
"'Budhanilkantha, K'",K,37338387.72,Budhanilkantha,42703703.7,3.25,4,2.5,N,32362162.15,13,28500000
"'Sukedhara, K'",K,37338387.72,Sukedhara,40545454.55,3.25,7,3.0,W,35438823.53,11,25000000
"'Bhaisepati, L'",L,33117499.99,Bhaisepati,42372340.43,4.25,4,2.5,SW,32763333.33,13,40000000
"'Guheshwori, K'",K,37338387.72,Guheshwori,27666666.67,3.0,12,4.0,N,32362162.15,13,25000000
"'Jorpati, K'",K,37338387.72,Jorpati,27136363.64,3.0,8,3.0,S,31992462.31,13,21500000
"'Kapan, K'",K,37338387.72,Kapan,30985714.29,3.37,5,2.5,SE,38727272.73,13,39500000
"'Kapan, K'",K,37338387.72,Kapan,30985714.29,2.5,8,3.5,NW,33140350.88,22,20000000
"'Kapan, K'",K,37338387.72,Kapan,30985714.29,4.87,6,2.5,W,35438823.53,13,37500000
"'Ghattekulo, K'",K,37338387.72,Ghattekulo,38000000.0,3.25,13,4.5,E,36431958.76,13,38000000
"'Kapan, K'",K,37338387.72,Kapan,30985714.29,4.87,2,1.0,SW,32763333.33,13,19000000
"'Tikathali, L'",L,33117499.99,Tikathali,28607792.21,3.0,2,1.0,SE,38727272.73,13,15500000
"'Baneshwor, K'",K,37338387.72,Baneshwor,50000000.0,6.5,5,2.5,S,31992462.31,10,61000000
"'Budhanilkantha, K'",K,37338387.72,Budhanilkantha,42703703.7,4.0,6,2.5,E,36431958.76,13,34000000
"'Buddhanagar, K'",K,37338387.72,Buddhanagar,45000000.0,3.56,7,3.5,SE,38727272.73,12,45000000
"'Thecho, L'",L,33117499.99,Thecho,30750000.0,4.0,4,2.5,E,36431958.76,20,36500000
"'Basundhara, K'",K,37338387.72,Basundhara,48750000.0,6.0,4,3.0,W,35438823.53,20,60000000
"'Tokha, K'",K,37338387.72,Tokha,31000000.0,3.5,6,2.5,SE,38727272.73,13,27500000
"'Bhaisepati, L'",L,33117499.99,Bhaisepati,42372340.43,4.5,4,2.5,NW,33140350.88,13,40000000
"'Godawari, L'",L,33117499.99,Godawari,25062500.0,6.5,7,2.5,N,32362162.15,20,32000000
"'Budhanilkantha, K'",K,37338387.72,Budhanilkantha,42703703.7,4.5,6,2.5,NW,33140350.88,13,43000000
"'Budhanilkantha, K'",K,37338387.72,Budhanilkantha,42703703.7,4.5,6,2.0,N,32362162.15,15,43500000
"'Pasikot, K'",K,37338387.72,Pasikot,40950000.0,3.0,3,2.5,NE,34112500.0,13,30000000
"'Budhanilkantha, K'",K,37338387.72,Budhanilkantha,42703703.7,7.0,6,3.0,W,35438823.53,13,59000000
"'Pasikot, K'",K,37338387.72,Pasikot,40950000.0,5.0,6,2.5,NE,34112500.0,13,36000000
"'Hattigauda, K'",K,37338387.72,Hattigauda,35250000.0,8.0,8,2.5,E,36431958.76,13,35000000
"'Imadol, L'",L,33117499.99,Imadol,34421111.1,4.25,7,3.5,NW,33140350.88,16,39500000
"'Sanothimi, B'",B,28067676.77,Sanothimi,36733333.33,3.75,3,2.0,NE,34112500.0,13,22000000
"'Maharajgunj, K'",K,37338387.72,Maharajgunj,72000000.0,9.0,10,3.5,E,36431958.76,12,85000000
"'Samakhusi, K'",K,37338387.72,Samakhusi,50220000.0,3.0,12,3.5,NE,34112500.0,13,27000000
"'Dillibazar, K'",K,37338387.72,Dillibazar,66250000.0,6.0,12,3.0,E,36431958.76,8,72500000
"'Kirtipur, K'",K,37338387.72,Kirtipur,38500000.0,5.0,5,2.0,N,32362162.15,13,38500000
"'Tikathali, L'",L,33117499.99,Tikathali,28607792.21,3.5,6,2.5,SE,38727272.73,13,31000000
"'Kalanki, K'",K,37338387.72,Kalanki,43250000.0,4.0,10,3.0,S,31992462.31,26,37500000
"'TIkathali, L'",L,33117499.99,Tikathali,28607792.21,3.0,6,2.5,NE,34112500.0,13,23000000
"'Battisputali, K'",K,37338387.72,Battisputali,50333333.33,5.0,9,3.5,SW,32763333.33,13,42000000
"'Tokha, K'",K,37338387.72,Tokha,31000000.0,2.5,3,2.5,E,36431958.76,13,18000000
"'Kadaghari, K'",K,37338387.72,Kadaghari,22940000.0,3.0,3,3.0,SW,32763333.33,13,22000000
"'Godawari, L'",L,33117499.99,Godawari,25062500.0,4.5,6,3.0,NW,33140350.88,20,27000000
"'Sanepa, L'",L,33117499.99,Sanepa,59666666.67,10.5,5,2.5,S,31992462.31,18,85000000
"'Baghbazzar, K'",K,37338387.72,Baghbazzar,45000000.0,3.5,6,2.0,N,32362162.15,6,45000000
"'Budhanilkantha, K'",K,37338387.72,Budhanilkantha,42703703.7,3.5,3,2.5,W,35438823.53,13,22500000
"'Budhanilkantha, K'",K,37338387.72,Budhanilkantha,42703703.7,3.5,5,2.5,E,36431958.76,13,27500000
"'Kapan, K'",K,37338387.72,Kapan,30985714.29,4.5,6,3.0,NE,34112500.0,13,40000000
"'Balkot, B'",B,28067676.77,Balkot,32108695.65,5.0,2,1.0,E,36431958.76,20,30000000
"'Kapan, K'",K,37338387.72,Kapan,30985714.29,3.0,5,2.5,SW,32763333.33,24,28500000
"'Maitidevi, K'",K,37338387.72,Maitidevi,21500000.0,1.75,8,3.5,SE,38727272.73,12,19000000
"'Narephant, K'",K,37338387.72,Narephant,28000000.0,2.5,6,2.5,SW,32763333.33,20,28000000
"'Budhanilkantha, K'",K,37338387.72,Budhanilkantha,42703703.7,3.25,6,2.0,E,36431958.76,13,28000000
"'Suryabinayak, B'",B,28067676.77,Suryabinayak,25250000.0,2.81,11,3.5,S,31992462.31,13,17500000
"'Budhanilkantha, K'",K,37338387.72,Budhanilkantha,42703703.7,8.0,4,2.5,NE,34112500.0,13,48000000
"'Budhanilkantha, K'",K,37338387.72,Budhanilkantha,42703703.7,4.5,3,2.5,W,35438823.53,16,46000000
"'Imadol, L'",L,33117499.99,Imadol,34421111.1,3.5,10,2.5,S,31992462.31,13,25500000
"'Imadol, L'",L,33117499.99,Imadol,34421111.1,3.0,4,2.5,NW,33140350.88,13,23500000
"'Dadhikot, B'",B,28067676.77,Dadhikot,33900000.0,3.5,6,2.5,W,35438823.53,13,25000000
"'Budhanilkantha, K'",K,37338387.72,Budhanilkantha,42703703.7,5.5,5,2.5,W,35438823.53,13,49000000
"'Lubhu, L'",L,33117499.99,Lubhu,20136363.64,3.31,2,1.0,NE,34112500.0,13,16500000
"'Imadol, L'",L,33117499.99,Imadol,34421111.1,3.75,5,2.0,SW,32763333.33,13,29400000
"'Thamel, K'",K,37338387.72,Thamel,70000000.0,3.5,9,4.5,W,35438823.53,20,70000000
"'Jorpati, K'",K,37338387.72,Jorpati,27136363.64,2.0,15,5.0,S,31992462.31,12,17000000
"'Dallu, K'",K,37338387.72,Dallu,42433333.33,5.75,13,3.5,S,31992462.31,6,29800000
"'Taukhel, L'",L,33117499.99,Taukhel,24750000.0,4.75,4,2.5,S,31992462.31,20,29500000
"'Kapan, K'",K,37338387.72,Kapan,30985714.29,4.5,7,3.5,SE,38727272.73,20,42500000
"'Budhanilkantha, K'",K,37338387.72,Budhanilkantha,42703703.7,5.0,4,2.5,N,32362162.15,13,48000000
"'Tokha, K'",K,37338387.72,Tokha,31000000.0,3.0,5,2.5,N,32362162.15,13,23000000
"'Budhanilkantha, K'",K,37338387.72,Budhanilkantha,42703703.7,5.0,6,2.5,NE,34112500.0,13,28000000
"'Harisiddhi, L'",L,33117499.99,Harisiddhi,30884615.38,3.0,4,2.5,N,32362162.15,18,28000000
"'Mid Baneshwor, K'",K,37338387.72,Mid Baneshwor,40000000.0,3.62,9,3.0,W,35438823.53,10,40000000
"'Kapan, K'",K,37338387.72,Kapan,30985714.29,8.0,5,3.5,SE,38727272.73,13,75000000
"'Gokarneshwor, K'",K,37338387.72,Gokarneshwor,25000000.0,3.5,6,2.5,SW,32763333.33,13,25000000
"'Bhangal, K'",K,37338387.72,Bhangal,36653846.15,4.5,4,2.5,E,36431958.76,13,42500000
"'Tikathali, L'",L,33117499.99,Tikathali,28607792.21,3.0,6,2.5,SW,32763333.33,13,21500000
"'Imadol, L'",L,33117499.99,Imadol,34421111.1,5.5,6,3.0,E,36431958.76,13,51500000
"'Imadol, L'",L,33117499.99,Imadol,34421111.1,3.0,5,3.5,NE,34112500.0,16,38000000
"'Imadol, L'",L,33117499.99,Imadol,34421111.1,4.0,5,3.0,E,36431958.76,13,37500000
"'Imadol, L'",L,33117499.99,Imadol,34421111.1,5.37,6,2.5,SW,32763333.33,20,44500000
"'Old Baneshwor, K'",K,37338387.72,Old Baneshwor,52500000.0,7.76,4,2.0,S,31992462.31,10,70000000
"'Imadol, L'",L,33117499.99,Imadol,34421111.1,3.25,5,3.0,E,36431958.76,15,30000000
"'Baluwatar, K'",K,37338387.72,Baluwatar,47666666.67,6.0,4,2.5,W,35438823.53,15,72500000
"'Tikathali, L'",L,33117499.99,Tikathali,28607792.21,4.0,7,3.5,NE,34112500.0,22,27500000
"'Thimi, B'",B,28067676.77,Thimi,33700000.0,5.0,6,2.5,E,36431958.76,10,34500000
"'Kapan, K'",K,37338387.72,Kapan,30985714.29,3.0,5,2.5,SW,32763333.33,13,18500000
"'Budhanilkantha, K'",K,37338387.72,Budhanilkantha,42703703.7,3.93,6,2.5,N,32362162.15,13,34000000
"'Budhanilkantha, K'",K,37338387.72,Budhanilkantha,42703703.7,4.25,6,2.5,N,32362162.15,13,39000000
"'Banasthali, K'",K,37338387.72,Banasthali,63000000.0,8.5,6,2.5,SE,38727272.73,13,85000000
"'Imadol, L'",L,33117499.99,Imadol,34421111.1,2.75,9,3.0,SW,32763333.33,13,23000000
"'Tarkeshwor, K'",K,37338387.72,Tarkeshwor,20000000.0,6.0,3,2.0,W,35438823.53,22,25500000
"'Jorpati, K'",K,37338387.72,Jorpati,27136363.64,3.0,7,2.5,NW,33140350.88,10,22000000
"'Tikathali, L'",L,33117499.99,Tikathali,28607792.21,4.0,6,3.0,SE,38727272.73,20,37500000
"'Dhapakhel, L'",L,33117499.99,Dhapakhel,36807692.31,5.5,5,2.5,W,35438823.53,20,33000000
"'Dhapakhel, L'",L,33117499.99,Dhapakhel,36807692.31,3.5,7,2.5,NE,34112500.0,14,18000000
"'Dhapakhel, L'",L,33117499.99,Dhapakhel,36807692.31,3.5,7,2.5,NE,34112500.0,14,19000000
"'Jorpati, K'",K,37338387.72,Jorpati,27136363.64,3.5,5,2.5,E,36431958.76,10,22500000
"'Koteshwor, K'",K,37338387.72,Koteshwor,43800000.0,5.13,10,4.5,NE,34112500.0,20,67500000
"'Tarkeshwor, K'",K,37338387.72,Tarkeshwor,20000000.0,4.06,2,1.0,SE,38727272.73,13,17000000
"'Banasthali, K'",K,37338387.72,Banasthali,63000000.0,4.0,6,3.5,SE,38727272.73,13,41000000
"'Bhangal, K'",K,37338387.72,Bhangal,36653846.15,3.75,7,2.5,NE,34112500.0,13,36000000
"'Bhangal, K'",K,37338387.72,Bhangal,36653846.15,4.5,6,3.0,E,36431958.76,13,31000000
"'Bhangal, K'",K,37338387.72,Bhangal,36653846.15,4.0,6,2.5,W,35438823.53,13,33000000
"'Suryabinayak, B'",B,28067676.77,Suryabinayak,25250000.0,3.25,3,2.5,SW,32763333.33,13,21000000
"'Patan, L'",L,33117499.99,Patan,34000000.0,1.25,8,4.5,E,36431958.76,13,28000000
"'Samakhusi, K'",K,37338387.72,Samakhusi,50220000.0,5.0,3,2.5,S,31992462.31,12,55100000
"'Syuchatar, K'",K,37338387.72,Syuchatar,29785714.29,4.5,11,3.5,W,35438823.53,13,35000000
"'Bhotebahal, K'",K,37338387.72,Bhotebahal,35000000.0,1.0,9,4.5,NE,34112500.0,12,35000000
"'Kumarigal, K'",K,37338387.72,Kumarigal,30000000.0,4.0,4,2.5,SW,32763333.33,12,30000000
"'Jorpati, K'",K,37338387.72,Jorpati,27136363.64,3.0,6,3.5,W,35438823.53,13,29000000
"'Tokha, K'",K,37338387.72,Tokha,31000000.0,3.5,6,2.5,SW,32763333.33,10,25000000
"'Samakhusi, K'",K,37338387.72,Samakhusi,50220000.0,6.0,9,3.5,S,31992462.31,13,49500000
"'Bishalnagar, K'",K,37338387.72,Bishalnagar,81250000.0,6.5,4,2.5,W,35438823.53,12,82500000
"'Sankhapark, K'",K,37338387.72,Sankhapark,40000000.0,4.9,13,3.5,W,35438823.53,16,40000000
"'Sukedhara, K'",K,37338387.72,Sukedhara,40545454.55,3.5,7,3.0,E,36431958.76,12,28000000
"'Gumba, K'",K,37338387.72,Gumba,18500000.0,4.0,2,1.0,E,36431958.76,13,18500000
"'Thimi, B'",B,28067676.77,Thimi,33700000.0,3.75,6,2.5,W,35438823.53,13,25000000
"'Suryabinayak, B'",B,28067676.77,Suryabinayak,25250000.0,1.0,7,2.5,N,32362162.15,13,18000000
"'Suryabinayak, B'",B,28067676.77,Suryabinayak,25250000.0,4.0,12,3.5,SE,38727272.73,18,25000000
"'Biruwa, B'",B,28067676.77,Biruwa,13500000.0,4.5,4,2.5,N,32362162.15,18,13500000
"'Jhaukhel, B'",B,28067676.77,Jhaukhel,12000000.0,3.5,2,1.0,W,35438823.53,10,12000000
"'SanoThimi, B'",B,28067676.77,Sanothimi,36733333.33,7.0,5,3.5,E,36431958.76,13,65000000
"'Radhe Radhe, B'",B,28067676.77,Radhe Radhe,28833333.33,4.0,5,2.0,SE,38727272.73,20,26000000
"'Suryabinayak, B'",B,28067676.77,Suryabinayak,25250000.0,3.62,1,1.0,N,32362162.15,13,16500000
"'Suryabinayak, B'",B,28067676.77,Suryabinayak,25250000.0,5.5,6,3.5,NE,34112500.0,15,30000000
"'Duwakot, B'",B,28067676.77,Duwakot,25200000.0,5.06,11,4.5,SE,38727272.73,20,19800000
"'Suryabinayak, B'",B,28067676.77,Suryabinayak,25250000.0,3.5,8,3.0,NW,33140350.88,13,24000000
"'Gundu, B'",B,28067676.77,Gundu,15750000.0,3.5,4,2.0,S,31992462.31,26,11500000
"'Gamcha, B'",B,28067676.77,Gamcha,30000000.0,5.0,6,3.0,NE,34112500.0,13,30000000
"'Changunarayan, B'",B,28067676.77,Changunarayan,12500000.0,6.25,3,1.0,N,32362162.15,4,12000000
"'Changunarayan, B'",B,28067676.77,Changunarayan,12500000.0,2.0,5,3.5,S,31992462.31,4,7000000
"'Radhe Radhe, B'",B,28067676.77,Radhe Radhe,28833333.33,2.5,9,2.5,NW,33140350.88,13,15500000
"'Radhe Radhe, B'",B,28067676.77,Radhe Radhe,28833333.33,2.65,7,4.5,N,32362162.15,35,23500000
"'Sirutar, B'",B,28067676.77,Sirutar,22500000.0,3.06,4,2.5,E,36431958.76,13,22000000
"'SanoThimi, B'",B,28067676.77,Sanothimi,36733333.33,3.4,6,3.0,N,32362162.15,13,31500000
"'Kaushaltar, B'",B,28067676.77,Kaushaltar,24000000.0,3.3,7,3.5,NW,33140350.88,20,24000000
"'Radhe Radhe, B'",B,28067676.77,Radhe Radhe,28833333.33,3.35,6,2.5,W,35438823.53,20,32000000
"'Changunarayan, B'",B,28067676.77,Changunarayan,12500000.0,2.6,7,3.5,N,32362162.15,8,18500000
"'Balkot, B'",B,28067676.77,Balkot,32108695.65,3.5,5,2.5,NE,34112500.0,12,28000000
"'Gatthaghar, B'",B,28067676.77,Gatthaghar,28750000.0,3.45,3,2.5,W,35438823.53,14,21500000
"'Gundu, B'",B,28067676.77,Gundu,15750000.0,4.75,7,2.5,W,35438823.53,20,20000000
"'Duwakot, B'",B,28067676.77,Duwakot,25200000.0,4.25,5,2.5,N,32362162.15,16,26000000
"'Balkot, B'",B,28067676.77,Balkot,32108695.65,6.31,4,2.5,NW,33140350.88,20,42500000
"'Lokanthali, B'",B,28067676.77,Lokanthali,35000000.0,3.5,6,4.5,S,31992462.31,20,45000000
"'Thimi, B'",B,28067676.77,Thimi,33700000.0,4.0,5,2.5,W,35438823.53,30,26500000
"'Nekosera, B'",B,28067676.77,Nekosera,46500000.0,4.33,5,2.5,E,36431958.76,20,46500000
"'SanoThimi, B'",B,28067676.77,Sanothimi,36733333.33,4.3,8,3.5,SW,32763333.33,10,33000000
"'Radhe Radhe, B'",B,28067676.77,Radhe Radhe,28833333.33,3.2,4,4.5,SE,38727272.73,26,37000000
"'Lamatar, L'",L,33117499.99,Lamatar,19500000.0,5.5,3,2.0,SE,38727272.73,24,19500000
"'Nakhipot, L'",L,33117499.99,Nakhipot,40888888.89,4.0,7,2.5,SE,38727272.73,12,27000000
"'Tikathali, L'",L,33117499.99,Tikathali,28607792.21,3.5,6,3.0,N,32362162.15,13,34000000
"'Imadol, L'",L,33117499.99,Imadol,34421111.1,3.5,6,3.5,E,36431958.76,13,33000000
"'Sandol, L'",L,33117499.99,Sandol,18000000.0,2.75,4,2.5,W,35438823.53,10,18000000
"'Sanagaun, L'",L,33117499.99,Sanagaun,26283333.33,3.5,10,2.5,S,31992462.31,13,25500000
"'Sanagaun, L'",L,33117499.99,Sanagaun,26283333.33,3.0,4,2.5,NW,33140350.88,13,23500000
"'Tikathali, L'",L,33117499.99,Tikathali,28607792.21,3.75,5,2.5,SW,32763333.33,13,29400000
"'Tikathali, L'",L,33117499.99,Tikathali,28607792.21,3.06,2,1.0,NE,34112500.0,13,14000000
"'Godawari, L'",L,33117499.99,Godawari,25062500.0,6.25,6,2.5,E,36431958.76,13,19000000
"'Godawari, L'",L,33117499.99,Godawari,25062500.0,4.75,4,2.5,S,31992462.31,20,29500000
"'Bojepokhari, L'",L,33117499.99,Bojepokhari,33250000.0,3.25,6,3.0,E,36431958.76,12,27500000
"'Godawari, L'",L,33117499.99,Godawari,25062500.0,4.31,5,2.5,SW,32763333.33,20,14000000
"'Basukibasti, L'",L,33117499.99,Basukibasti,39500000.0,5.5,12,3.5,SE,38727272.73,13,39500000
"'Patan, L'",L,33117499.99,Patan,34000000.0,4.0,13,4.0,NE,34112500.0,20,40000000
"'Thecho, L'",L,33117499.99,Thecho,30750000.0,3.5,5,2.5,N,32362162.15,12,25000000
"'Bojepokhari, L'",L,33117499.99,Bojepokhari,33250000.0,4.5,9,3.5,NW,33140350.88,13,39000000
"'Bhaisepati, L'",L,33117499.99,Bhaisepati,42372340.43,4.5,4,2.5,S,31992462.31,13,45000000
"'Bagdol, L'",L,33117499.99,Bagdol,31500000.0,5.0,4,2.5,NW,33140350.88,10,31500000
"'Bhaisepati, L'",L,33117499.99,Bhaisepati,42372340.43,4.0,4,3.0,SE,38727272.73,18,45500000
"'Lubhu, L'",L,33117499.99,Lubhu,20136363.64,2.812,5,2.5,SW,32763333.33,13,18000000
"'Sanogaun, L'",L,33117499.99,Sanogaun,32000000.0,5.25,6,3.0,SE,38727272.73,20,48500000
"'Bhaisepati, L'",L,33117499.99,Bhaisepati,42372340.43,3.0,4,3.5,N,32362162.15,10,31000000
"'Sitapakha, L'",L,33117499.99,Sitapakha,27500000.0,4.0,7,2.5,NE,34112500.0,13,30000000
"'Bhaisepati, L'",L,33117499.99,Bhaisepati,42372340.43,4.0,4,2.5,E,36431958.76,20,42500000
"'Bhaisepati, L'",L,33117499.99,Bhaisepati,42372340.43,4.687,4,2.5,S,31992462.31,20,45000000
"'Nakhipot, L'",L,33117499.99,Nakhipot,40888888.89,4.0,4,3.0,NE,34112500.0,20,30000000
"'Dhapakhel, L'",L,33117499.99,Dhapakhel,36807692.31,2.9,4,2.5,W,35438823.53,10,28000000
"'Sanepa, L'",L,33117499.99,Sanepa,59666666.67,5.0,6,3.0,N,32362162.15,13,58000000
"'Satdobato, L'",L,33117499.99,Satdobato,29375000.0,3.3,8,2.5,E,36431958.76,10,20000000
"'Satdobato, L'",L,33117499.99,Satdobato,29375000.0,4.3,8,3.0,E,36431958.76,9,36000000
"'Sunakothi, L'",L,33117499.99,Sunakothi,38666666.67,5.0,6,3.0,E,36431958.76,20,47000000
"'Sainbu, L'",L,33117499.99,Sainbu,27500000.0,3.75,5,2.5,W,35438823.53,13,27500000
"'Tokha, K'",K,37338387.72,Tokha,31000000.0,4.0,7,2.5,W,35438823.53,13,35000000
"'Tarkeshwor, K'",K,37338387.72,Tarkeshwor,20000000.0,3.5,6,3.0,SE,38727272.73,13,23500000
"'Tarkeshwor, K'",K,37338387.72,Tarkeshwor,20000000.0,4.0,5,2.0,NW,33140350.88,16,18000000
"'Tarkeshwor, K'",K,37338387.72,Tarkeshwor,20000000.0,3.25,2,1.0,E,36431958.76,16,16000000
"'Tokha, K'",K,37338387.72,Tokha,31000000.0,3.5,5,2.5,E,36431958.76,13,20000000
"'Tokha, K'",K,37338387.72,Tokha,31000000.0,2.5,5,2.5,NW,33140350.88,13,25500000
"'Tokha, K'",K,37338387.72,Tokha,31000000.0,3.5,6,2.5,SE,38727272.73,13,24000000
"'Tokha, K'",K,37338387.72,Tokha,31000000.0,3.0,5,3.0,S,31992462.31,13,28000000
"'Tokha, K'",K,37338387.72,Tokha,31000000.0,6.0,4,2.5,N,32362162.15,12,16000000
"'Tokha, K'",K,37338387.72,Tokha,31000000.0,4.0,5,2.5,SE,38727272.73,26,37000000
