Location,District,District_PriceCode,Area,Area_PriceCode,Land Area,Bedrooms,Facing,Facing_PriceCode,Road Access,Price
"'Hattigauda, K'",K,36682079.16,Hattigauda,36045599.54,4,2,E,36403707.15,13,19000000
"'Jorpati, K'",K,36682079.16,Jorpati,33048281.86,5.3,2,S,32636997.24,13,30000000
"'Sanagaun, L'",L,33467802.12,Sanagaun,29003901.06,3,2,E,36403707.15,13,14000000
"'Sallaghari, B'",B,29573874.67,Sallaghari,27695624.76,3.5,2,E,36403707.15,13,17000000
"'Budhanilkantha, K'",K,36682079.16,Budhanilkantha,41206415.83,9,1,E,36403707.15,20,85000000
"'Indrayani, K'",K,36682079.16,Indrayani,34392799.24,3,2,E,36403707.15,20,11500000
"'Imadol, L'",L,33467802.12,Imadol,34591056.73,5,1,NE,33725298.44,13,45000000
"'Bhangal, K'",K,36682079.16,Bhangal,36385024.74,7,1,S,32636997.24,10,35000000
"'Ghatta Chowk, K'",K,36682079.16,Ghatta Chowk,34801890.15,3,2,NE,33725298.44,12,16000000
"'Tikathali, L'",L,33467802.12,Tikathali,29599710.81,3,2,S,32636997.24,10,17500000
"'Gothatar, K'",K,36682079.16,Gothatar,30072418.65,3,2,E,36403707.15,13,17500000
"'Gothatar, K'",K,36682079.16,Gothatar,30072418.65,3,2,S,32636997.24,13,15500000
"'Ganesh mandir, B'",B,29573874.67,Ganesh Mandir,27885340.61,2.5,2,E,36403707.15,13,11000000
"'Goldhunga, K'",K,36682079.16,Goldhunga,34901732.64,3,2,E,36403707.15,13,10500000
"'Tikathali, L'",L,33467802.12,Tikathali,29599710.81,3,2,SW,33039133.52,13,14500000
"'Bhaisepati, L'",L,33467802.12,Bhaisepati,41013560.42,4,3,NE,33725298.44,13,36500000
"'Mulpani, K'",K,36682079.16,Mulpani,35301299.48,3.1,2,N,32763770.05,13,17500000
"'Tikathali, L'",L,33467802.12,Tikathali,29599710.81,3,3,W,34071065.83,13,16000000
"'Lubhu, L'",L,33467802.12,Lubhu,24974215.04,3,1,E,36403707.15,13,15500000
"'Lubhu, L'",L,33467802.12,Lubhu,24974215.04,3,2,S,32636997.24,13,14500000
"'Imadol, L'",L,33467802.12,Imadol,34591056.73,3.5,6,E,36403707.15,13,35000000
"'Kavresthali, K'",K,36682079.16,Kavresthali,36682079.16,4,2,NE,33725298.44,10,14000000
"'Khumaltar, L'",L,33467802.12,Khumaltar,37854876.33,4.2,6,W,34071065.83,13,41500000
"'Imadol, L'",L,33467802.12,Imadol,34591056.73,3.1,4,W,34071065.83,13,24500000
"'Imadol, L'",L,33467802.12,Imadol,34591056.73,8.1,5,N,32763770.05,13,33500000
"'Bhaisepati, L'",L,33467802.12,Bhaisepati,41013560.42,5,4,NE,33725298.44,14,45000000
"'Ganesh chowk, K'",K,36682079.16,Ganesh Chowk,37613799.48,4.2,6,W,34071065.83,13,38000000
"'Ganesh chowk, K'",K,36682079.16,Ganesh Chowk,37613799.48,5,5,W,34071065.83,13,43000000
"'Ganesh chowk, K'",K,36682079.16,Ganesh Chowk,37613799.48,4.3,7,E,36403707.15,14,46000000
"'Kupondole, L'",L,33467802.12,Kupondole,34016183.75,3,3,E,36403707.15,18,39500000
"'Balkot, B'",B,29573874.67,Balkot,31347812.38,5.2,3,N,32763770.05,24,53000000
"'Tikathali, L'",L,33467802.12,Tikathali,29599710.81,3,4,S,32636997.24,13,21500000
"'Imadol, L'",L,33467802.12,Imadol,34591056.73,3.3,5,S,32636997.24,13,35500000
"'Imadol, L'",L,33467802.12,Imadol,34591056.73,2.2,2,W,34071065.83,13,14500000
"'Imadol, L'",L,33467802.12,Imadol,34591056.73,3.2,5,S,32636997.24,16,26500000
"'Imadol, L'",L,33467802.12,Imadol,34591056.73,4,5,SE,37959390.61,13,39500000
"'Dhunge Shaghu, L'",L,33467802.12,Dhunge Shaghu,32016183.75,2.3,2,N,32763770.05,13,17500000
"'Imadol, L'",L,33467802.12,Imadol,34591056.73,2.2,4,N,32763770.05,13,22000000
"'Harisiddhi, L'",L,33467802.12,Harisiddhi,31794191.49,4,7,E,36403707.15,13,29500000
"'Tikathali, L'",L,33467802.12,Tikathali,29599710.81,3.2,2,E,36403707.15,13,17000000
"'Chunikhel, K'",K,36682079.16,Chunikhel,36001155.09,3.2,2,N,32763770.05,14,19500000
"'Chundevi, K'",K,36682079.16,Chundevi,38347344.7,5.2,4,SE,37959390.61,12,55000000
"'Naxal, K'",K,36682079.16,Naxal,43140060.9,10,5,E,36403707.15,14,80000000
"'Hepali, K'",K,36682079.16,Hepali,39892799.24,8,5,SW,33039133.52,20,72000000
"'Rudreshwor, K'",K,36682079.16,Rudreshwor,38601599.36,7,4,E,36403707.15,13,50000000
"'Bhangal, K'",K,36682079.16,Bhangal,36385024.74,3.3,5,E,36403707.15,13,33000000
"'Rudreshwor, K'",K,36682079.16,Rudreshwor,38601599.36,8,5,E,36403707.15,13,50000000
"'Sukedhara, K'",K,36682079.16,Sukedhara,36990043.98,6,6,E,36403707.15,16,44500000
"'Lasuntar, K'",K,36682079.16,Lasuntar,35915770.83,4.2,5,S,32636997.24,13,34000000
"'Ganesh Chowk, K'",K,36682079.16,Ganesh Chowk,37613799.48,5,6,E,36403707.15,13,47000000
"'Lasuntar, K'",K,36682079.16,Lasuntar,35915770.83,3.5,6,S,32636997.24,13,30000000
"'Mandikatar, K'",K,36682079.16,Mandikatar,35621386.11,3.1,6,SW,33039133.52,13,32500000
"'Baneshwor, K'",K,36682079.16,Baneshwor,40487199.4,4.3,6,W,34071065.83,16,50000000
"'Bhaisepati, L'",L,33467802.12,Bhaisepati,41013560.42,5,7,E,36403707.15,14,85000000
"'Dholahiti, L'",L,33467802.12,Dholahiti,35431501.77,4.1,5,S,32636997.24,16,42000000
"'Bishalnagar, K'",K,36682079.16,Bishalnagar,40620071.97,8.3,5,S,32636997.24,20,80000000
"'Baluwatar, K'",K,36682079.16,Baluwatar,40801299.48,5,5,E,36403707.15,13,50000000
"'Golfutar, K'",K,36682079.16,Golfutar,39130056.55,6.1,5,NE,33725298.44,13,77000000
"'Deuba Chowk, K'",K,36682079.16,Deuba Chowk,38024676.28,6,4,W,34071065.83,20,50000000
"'Jorpati, K'",K,36682079.16,Jorpati,33048281.86,3,2,E,36403707.15,13,23000000
"'Tej Binayak, K'",K,36682079.16,Tej Binayak,32832368.59,3.1,6,E,36403707.15,20,28000000
"'Budhanilkantha, K'",K,36682079.16,Budhanilkantha,41206415.83,10,1,S,32636997.24,13,70000000
"'Budhanilkantha, K'",K,36682079.16,Budhanilkantha,41206415.83,4.3,6,W,34071065.83,13,43500000
"'Tej Binayak, K'",K,36682079.16,Tej Binayak,32832368.59,3.1,2,N,32763770.05,13,17500000
"'Harharmahadev, K'",K,36682079.16,Harharmahadev,36682079.16,4.1,6,SE,37959390.61,13,35000000
"'Kantipur Coloney, L'",L,33467802.12,Kantipur Coloney,32788911.02,3.3,4,W,34071065.83,16,26000000
"'Budhanilkantha, K'",K,36682079.16,Budhanilkantha,41206415.83,8.5,6,W,34071065.83,13,68000000
"'Katunje, B'",B,29573874.67,Katunje,29703522.43,4.1,5,SW,33039133.52,13,31000000
"'Maharajgunj, K'",K,36682079.16,Maharajgunj,46772913.69,7.2,6,W,34071065.83,20,58000000
"'Srij Nagar, B'",B,29573874.67,Srij Nagar,28794431.52,2.2,4,E,36403707.15,13,21000000
"'Kmc Hospital, B'",B,29573874.67,Kmc Hospital,28021704.24,3.2,1,N,32763770.05,12,12500000
"'Taukhel, L'",L,33467802.12,Taukhel,32014835.1,5.1,1,E,36403707.15,16,20000000
"'Tokha, K'",K,36682079.16,Tokha,32918811.87,3.5,1,S,32636997.24,13,18500000
"'Balkot, B'",B,29573874.67,Balkot,31347812.38,5.5,2,E,36403707.15,22,30000000
"'Machhegaun, K'",K,36682079.16,Machhegaun,34347344.7,3,2,S,32636997.24,20,11000000
"'Gothatar, K'",K,36682079.16,Gothatar,30072418.65,3,2,NE,33725298.44,6,11000000
"'Imadol, L'",L,33467802.12,Imadol,34591056.73,4,2,E,36403707.15,20,18000000
"'Lokanthali, B'",B,29573874.67,Lokanthali,30478228.89,4,2,W,34071065.83,13,25000000
"'Lubhu, L'",L,33467802.12,Lubhu,24974215.04,3,2,E,36403707.15,12,15000000
"'Dhapasi, K'",K,36682079.16,Dhapasi,37755445.51,2.5,6,E,36403707.15,6,13500000
"'Ansaritole, L'",L,33467802.12,Ansaritole,33467802.12,2.63,2,S,32636997.24,13,13000000
"'Gothatar, K'",K,36682079.16,Gothatar,30072418.65,4,3,SW,33039133.52,20,21000000
"'Bhaisepati, L'",L,33467802.12,Bhaisepati,41013560.42,5,5,E,36403707.15,13,42500000
"'Bhaisepati, L'",L,33467802.12,Bhaisepati,41013560.42,4.5,4,E,36403707.15,13,45000000
"'Siddhipur, L'",L,33467802.12,Siddhipur,31834365.57,3,2,N,32763770.05,13,15500000
"'Dhumbarahi, K'",K,36682079.16,Dhumbarahi,37882549.48,3,3,E,36403707.15,13,24500000
"'Tej Binayak, K'",K,36682079.16,Tej Binayak,32832368.59,3,4,E,36403707.15,13,14500000
"'Tokha, K'",K,36682079.16,Tokha,32918811.87,4,2,W,34071065.83,13,19500000
"'Tikathali, L'",L,33467802.12,Tikathali,29599710.81,5,5,W,34071065.83,20,45000000
"'Golfutar, K'",K,36682079.16,Golfutar,39130056.55,4.5,4,S,32636997.24,16,9500000
"'Bhaisepati, L'",L,33467802.12,Bhaisepati,41013560.42,5.1,4,N,32763770.05,13,45000000
"'Kusunti, L'",L,33467802.12,Kusunti,35398309.33,3.5,4,N,32763770.05,13,32500000
"'Imadol, L'",L,33467802.12,Imadol,34591056.73,3.3,7,E,36403707.15,13,29500000
"'Tikathali, L'",L,33467802.12,Tikathali,29599710.81,3,6,S,32636997.24,13,25500000
"'Tikathali, L'",L,33467802.12,Tikathali,29599710.81,3,6,N,32763770.05,13,24500000
"'Tikathali, L'",L,33467802.12,Tikathali,29599710.81,3,4,N,32763770.05,13,23500000
"'Imadol, L'",L,33467802.12,Imadol,34591056.73,5,6,W,34071065.83,12,39500000
"'Badikhel, L'",L,33467802.12,Badikhel,31607092.84,6,4,S,32636997.24,13,13000000
"'Tikathali, L'",L,33467802.12,Tikathali,29599710.81,3.1,5,E,36403707.15,13,28500000
"'Setipakha, L'",L,33467802.12,Setipakha,32044463.17,3.5,5,W,34071065.83,13,27500000
"'Imadol, L'",L,33467802.12,Imadol,34591056.73,3.3,5,E,36403707.15,13,28500000
"'Tikathali, L'",L,33467802.12,Tikathali,29599710.81,4.1,6,W,34071065.83,13,37500000
"'Tikathali, L'",L,33467802.12,Tikathali,29599710.81,4,6,E,36403707.15,20,35000000
"'Imadol, L'",L,33467802.12,Imadol,34591056.73,4.5,6,S,32636997.24,13,47000000
"'Khumaltar, L'",L,33467802.12,Khumaltar,37854876.33,4,5,S,32636997.24,13,38500000
"'Dillibazar, K'",K,36682079.16,Dillibazar,41610065.97,4.3,4,W,34071065.83,20,60000000
"'Imadol, L'",L,33467802.12,Imadol,34591056.73,3.5,5,N,32763770.05,13,29900000
"'Tikathali, L'",L,33467802.12,Tikathali,29599710.81,3,6,S,32636997.24,13,29000000
"'Tikathali, L'",L,33467802.12,Tikathali,29599710.81,3.1,5,E,36403707.15,13,29000000
"'Imadol, L'",L,33467802.12,Imadol,34591056.73,4.5,5,SE,37959390.61,20,45000000
"'Gongabu, K'",K,36682079.16,Gongabu,37654719.44,5,6,N,32763770.05,13,42000000
"'Gongabu, K'",K,36682079.16,Gongabu,37654719.44,4,6,N,32763770.05,13,32500000
"'Chunikhel, K'",K,36682079.16,Chunikhel,36001155.09,4.1,6,S,32636997.24,13,33500000
"'Gongabu, K'",K,36682079.16,Gongabu,37654719.44,4.5,4,SE,37959390.61,20,45000000
"'Tikathali, L'",L,33467802.12,Tikathali,29599710.81,3,5,N,32763770.05,13,25500000
"'Imadol, L'",L,33467802.12,Imadol,34591056.73,3,6,S,32636997.24,13,23000000
"'Imadol, L'",L,33467802.12,Imadol,34591056.73,3.3,6,S,32636997.24,13,37000000
"'Bhaisepati, L'",L,33467802.12,Bhaisepati,41013560.42,4.5,4,NW,32684090.91,13,32500000
"'Chunikhel, K'",K,36682079.16,Chunikhel,36001155.09,3.1,5,SW,33039133.52,13,31500000
"'Dhaneshwor, K'",K,36682079.16,Dhaneshwor,34058627.97,5,3,E,36403707.15,12,28000000
"'Wasik, K'",K,36682079.16,Wasik,37301890.15,4.2,5,NE,33725298.44,20,43500000
"'Gongabu, K'",K,36682079.16,Gongabu,37654719.44,5,4,W,34071065.83,10,37500000
"'Tikathali, L'",L,33467802.12,Tikathali,29599710.81,3.3,5,N,32763770.05,20,29500000
"'Bhaisepati, L'",L,33467802.12,Bhaisepati,41013560.42,6,4,E,36403707.15,13,57500000
"'Budhgar, K'",K,36682079.16,Budhgar,39710981.06,3.51,7,E,36403707.15,16,70000000
"'Bhangal, K'",K,36682079.16,Bhangal,36385024.74,3.5,3,S,32636997.24,10,30000000
"'Hattiban, L'",L,33467802.12,Hattiban,31640948.49,3,3,SE,37959390.61,13,20000000
"'Maharajgunj, K'",K,36682079.16,Maharajgunj,46772913.69,4,5,E,36403707.15,13,90000000
"'Dhapakhel, L'",L,33467802.12,Dhapakhel,35556096.25,6.5,4,E,36403707.15,16,32000000
"'Budhanilkantha, K'",K,36682079.16,Budhanilkantha,41206415.83,4.2,3,W,34071065.83,13,38500000
"'Godawari, L'",L,33467802.12,Godawari,30611868.08,3,2,E,36403707.15,20,17000000
"'Gochaur, L'",L,33467802.12,Gochaur,31516183.75,4.3,4,NW,32684090.91,26,12000000
"'Lubhu, L'",L,33467802.12,Lubhu,24974215.04,2.5,5,NE,33725298.44,13,17500000
"'Imadol, L'",L,33467802.12,Imadol,34591056.73,5.1,7,W,34071065.83,13,40000000
"'Imadol, L'",L,33467802.12,Imadol,34591056.73,2.5,5,E,36403707.15,13,20000000
"'Hattiban, L'",L,33467802.12,Hattiban,31640948.49,4.5,3,S,32636997.24,13,39500000
"'Bhaisepati, L'",L,33467802.12,Bhaisepati,41013560.42,7,6,W,34071065.83,13,32500000
"'Setipakha, L'",L,33467802.12,Setipakha,32044463.17,2.5,4,NE,33725298.44,13,18900000
"'Bhaisepati, L'",L,33467802.12,Bhaisepati,41013560.42,3.5,4,E,36403707.15,16,26000000
"'Bhaisepati, L'",L,33467802.12,Bhaisepati,41013560.42,3.3,6,NE,33725298.44,13,30000000
"'Bhaisepati, L'",L,33467802.12,Bhaisepati,41013560.42,4,5,S,32636997.24,13,34500000
"'Karyabinayak, L'",L,33467802.12,Karyabinayak,34473168.44,4,5,SW,33039133.52,13,34000000
"'Bhaisepati, L'",L,33467802.12,Bhaisepati,41013560.42,3.5,5,E,36403707.15,16,26000000
"'Sital Height, L'",L,33467802.12,Sital Height,33583901.06,3,5,NE,33725298.44,13,23000000
"'Lubhu, L'",L,33467802.12,Lubhu,24974215.04,3.5,3,W,34071065.83,20,14500000
"'Imadol, L'",L,33467802.12,Imadol,34591056.73,4.5,6,N,32763770.05,13,49500000
"'Sonakothi, L'",L,33467802.12,Sonakothi,34970729.2,6.1,7,E,36403707.15,20,50000000
"'Nakhipot, L'",L,33467802.12,Nakhipot,36983053.75,5.3,6,NW,32684090.91,13,47500000
"'Imadol, L'",L,33467802.12,Imadol,34591056.73,3.1,5,E,36403707.15,20,29000000
"'Tikathali, L'",L,33467802.12,Tikathali,29599710.81,3,6,E,36403707.15,20,23000000
"'Khumaltar, L'",L,33467802.12,Khumaltar,37854876.33,4.5,6,W,34071065.83,20,41500000
"'Syuchatar, K'",K,36682079.16,Syuchatar,33842399.51,4.2,6,SW,33039133.52,20,35000000
"'Balkot, B'",B,29573874.67,Balkot,31347812.38,4,4,E,36403707.15,20,40000000
"'Dadhikot, B'",B,29573874.67,Dadhikot,31015916.45,6,5,NE,33725298.44,13,26000000
"'Chyasundol, K'",K,36682079.16,Chyasundol,35360065.97,3.3,3,S,32636997.24,22,27500000
"'Imadol, L'",L,33467802.12,Imadol,34591056.73,4,4,N,32763770.05,13,46000000
"'Tikathali, L'",L,33467802.12,Tikathali,29599710.81,2.2,5,N,32763770.05,13,22500000
"'Harisiddhi, L'",L,33467802.12,Harisiddhi,31794191.49,3.1,5,E,36403707.15,13,24000000
"'Harisiddhi, L'",L,33467802.12,Harisiddhi,31794191.49,3,6,W,34071065.83,20,31500000
"'Imadol, L'",L,33467802.12,Imadol,34591056.73,3.3,5,S,32636997.24,13,37500000
"'Imadol, L'",L,33467802.12,Imadol,34591056.73,3,6,NE,33725298.44,11,20700000
"'Thali, K'",K,36682079.16,Thali,34620071.97,3,4,N,32763770.05,20,18500000
"'Tikathali, L'",L,33467802.12,Tikathali,29599710.81,3,5,E,36403707.15,13,29000000
"'Dhapakhel, L'",L,33467802.12,Dhapakhel,35556096.25,6,9,NW,32684090.91,13,55000000
"'Karuna Hospital, K'",K,36682079.16,Karuna Hospital,36529162.88,4.5,9,SE,37959390.61,14,35000000
"'Imadol, L'",L,33467802.12,Imadol,34591056.73,2.5,3,S,32636997.24,13,21500000
"'Balkot, B'",B,29573874.67,Balkot,31347812.38,5,3,NE,33725298.44,10,25000000
"'Harisiddhi, L'",L,33467802.12,Harisiddhi,31794191.49,3.3,7,E,36403707.15,20,32500000
"'Gothatar, K'",K,36682079.16,Gothatar,30072418.65,3.5,6,N,32763770.05,20,34000000
"'Hattiban, L'",L,33467802.12,Hattiban,31640948.49,5.2,6,SW,33039133.52,15,45000000
"'Balkot, B'",B,29573874.67,Balkot,31347812.38,3.2,5,N,32763770.05,36,26000000
"'Balkot, B'",B,29573874.67,Balkot,31347812.38,3.2,7,N,32763770.05,13,23500000
"'Balkot, B'",B,29573874.67,Balkot,31347812.38,3.2,6,W,34071065.83,13,27500000
"'Tokha, K'",K,36682079.16,Tokha,32918811.87,4,2,E,36403707.15,12,26000000
"'Imadol, L'",L,33467802.12,Imadol,34591056.73,3.2,7,NE,33725298.44,20,27500000
"'Phutung, K'",K,36682079.16,Phutung,34847344.7,3,6,W,34071065.83,20,16500000
"'Sitapaila, K'",K,36682079.16,Sitapaila,35016883.77,6,9,S,32636997.24,13,35000000
"'Balkot, B'",B,29573874.67,Balkot,31347812.38,3.2,5,NW,32684090.91,13,24000000
"'Dadhikot, B'",B,29573874.67,Dadhikot,31015916.45,4,5,S,32636997.24,13,27000000
"'Balkot, B'",B,29573874.67,Balkot,31347812.38,3,5,E,36403707.15,13,21000000
"'Chardobato, B'",B,29573874.67,Chardobato,29703522.43,4.3,7,S,32636997.24,12,31000000
"'Dhunchepakha, B'",B,29573874.67,Dhunchepakha,29885340.61,4.3,6,NW,32684090.91,13,33000000
"'Sitapakha, L'",L,33467802.12,Sitapakha,31762715.8,3,5,NW,32684090.91,12,23500000
"'Imadol, L'",L,33467802.12,Imadol,34591056.73,2.3,4,N,32763770.05,10,24000000
"'Mandikatar, K'",K,36682079.16,Mandikatar,35621386.11,4,1,NW,32684090.91,13,38000000
"'Lubhu, L'",L,33467802.12,Lubhu,24974215.04,2.5,4,N,32763770.05,10,25500000
"'Gothatar, K'",K,36682079.16,Gothatar,30072418.65,3.1,5,E,36403707.15,13,30000000
"'Hiledol, K'",K,36682079.16,Hiledol,36682079.16,2.3,5,N,32763770.05,12,16000000
"'Imadol, L'",L,33467802.12,Imadol,34591056.73,3.5,5,E,36403707.15,13,36500000
"'Tikathali, L'",L,33467802.12,Tikathali,29599710.81,3,4,W,34071065.83,14,23500000
"'Dhalmal, K'",K,36682079.16,Dhalmal,35235065.97,3.3,4,N,32763770.05,11,26000000
"'Shirj, K'",K,36682079.16,Shirj,36938253.79,4,6,S,32636997.24,16,39500000
"'Imadol, L'",L,33467802.12,Imadol,34591056.73,4,6,NE,33725298.44,13,44500000
"'Tikathali, L'",L,33467802.12,Tikathali,29599710.81,3,4,W,34071065.83,13,24000000
"'Imadol, L'",L,33467802.12,Imadol,34591056.73,4.5,5,E,36403707.15,13,40000000
"'Lubhu, L'",L,33467802.12,Lubhu,24974215.04,6.2,5,NW,32684090.91,13,28000000
"'Sitapakha, L'",L,33467802.12,Sitapakha,31762715.8,3.5,4,W,34071065.83,20,27500000
"'Gongabu, K'",K,36682079.16,Gongabu,37654719.44,5.2,6,S,32636997.24,13,52500000
"'Sallaghari, B'",B,29573874.67,Sallaghari,27695624.76,3,2,S,32636997.24,13,16500000
"'Tokha, K'",K,36682079.16,Tokha,32918811.87,3.5,6,S,32636997.24,13,27500000
"'Bhangal, K'",K,36682079.16,Bhangal,36385024.74,5.5,5,SE,37959390.61,20,50000000
"'Budhanilkantha, K'",K,36682079.16,Budhanilkantha,41206415.83,7,3,S,32636997.24,13,48000000
"'Budhanilkantha, K'",K,36682079.16,Budhanilkantha,41206415.83,4.5,4,SE,37959390.61,13,42500000
"'Budhanilkantha, K'",K,36682079.16,Budhanilkantha,41206415.83,4.2,3,E,36403707.15,13,39500000
"'Balambu, K'",K,36682079.16,Balambu,34651732.64,4.5,5,NE,33725298.44,13,21000000
"'Pasikot, K'",K,36682079.16,Pasikot,38020049.48,5,6,W,34071065.83,15,45000000
"'Thankot, K'",K,36682079.16,Thankot,33985065.97,3.5,6,NE,33725298.44,12,22000000
"'Sanagaun, L'",L,33467802.12,Sanagaun,29003901.06,2.3,5,E,36403707.15,13,16000000
"'Khumaltar, L'",L,33467802.12,Khumaltar,37854876.33,3.1,5,E,36403707.15,13,30000000
"'Harisiddhi, L'",L,33467802.12,Harisiddhi,31794191.49,4.5,3,W,34071065.83,26,29000000
"'Imadol, L'",L,33467802.12,Imadol,34591056.73,4,5,SE,37959390.61,13,40000000
"'Lubhu, L'",L,33467802.12,Lubhu,24974215.04,2.5,5,N,32763770.05,13,15500000
"'Pepsicola, K'",K,36682079.16,Pepsicola,36783575.98,3.1,6,E,36403707.15,20,25000000
"'Hattiban, L'",L,33467802.12,Hattiban,31640948.49,4.5,4,W,34071065.83,20,36000000
"'Sallaghari, B'",B,29573874.67,Sallaghari,27695624.76,4,6,NE,33725298.44,20,28500000
"'Lubhu, L'",L,33467802.12,Lubhu,24974215.04,2.5,4,E,36403707.15,13,17000000
"'Tikathali, L'",L,33467802.12,Tikathali,29599710.81,3,5,E,36403707.15,13,31500000
"'Budhani, K'",K,36682079.16,Budhani,36682079.16,7,5,S,32636997.24,14,50000000
"'Boudha, K'",K,36682079.16,Boudha,36880056.55,1,2,E,36403707.15,8,7500000
"'Thulobharyang, K'",K,36682079.16,Thulobharyang,37210981.06,4,6,NE,33725298.44,13,36500000
"'Imadol, L'",L,33467802.12,Imadol,34591056.73,3.3,7,E,36403707.15,13,42500000
"'Tikathali, L'",L,33467802.12,Tikathali,29599710.81,3,7,S,32636997.24,20,26500000
"'Hattigauda, K'",K,36682079.16,Hattigauda,36045599.54,4.5,6,N,32763770.05,13,31000000
"'Budhanilkantha, K'",K,36682079.16,Budhanilkantha,41206415.83,4.2,5,NE,33725298.44,20,43000000
"'Budhanilkantha, K'",K,36682079.16,Budhanilkantha,41206415.83,6,6,N,32763770.05,16,50000000
"'Pasikot, K'",K,36682079.16,Pasikot,38020049.48,4.1,6,E,36403707.15,13,45000000
"'Kalanki, K'",K,36682079.16,Kalanki,39569515.35,8,7,NE,33725298.44,13,60000000
"'Lasuntar, K'",K,36682079.16,Lasuntar,35915770.83,5,6,SE,37959390.61,13,43500000
"'Kapan, K'",K,36682079.16,Kapan,32471238.82,3,6,W,34071065.83,13,22000000
"'Dhalahiti, L'",L,33467802.12,Dhalahiti,34288911.02,4.25,6,S,32636997.24,14,42500000
"'Gothatar, K'",K,36682079.16,Gothatar,30072418.65,3.1,6,W,34071065.83,20,27500000
"'Dholahiti, L'",L,33467802.12,Dholahiti,35431501.77,5,5,E,36403707.15,13,48500000
"'Kapan, K'",K,36682079.16,Kapan,32471238.82,3.2,6,W,34071065.83,13,32500000
"'Kalanki, K'",K,36682079.16,Kalanki,39569515.35,5,5,E,36403707.15,13,65000000
"'Ganesh chowk, K'",K,36682079.16,Ganesh Chowk,37613799.48,4,6,W,34071065.83,13,38000000
"'Chapali, K'",K,36682079.16,Chapali,38737199.4,4.1,7,NE,33725298.44,13,41500000
"'Chunikhel, K'",K,36682079.16,Chunikhel,36001155.09,4.2,6,NW,32684090.91,13,38500000
"'Kapan, K'",K,36682079.16,Kapan,32471238.82,3.1,6,SE,37959390.61,13,30000000
"'Budhanilkantha, K'",K,36682079.16,Budhanilkantha,41206415.83,3.1,6,W,34071065.83,13,32500000
"'Goldhunga, K'",K,36682079.16,Goldhunga,34901732.64,3.2,5,E,36403707.15,13,22000000
"'Bhaisepati, L'",L,33467802.12,Bhaisepati,41013560.42,4,4,N,32763770.05,13,36500000
"'Thulobharyang, K'",K,36682079.16,Thulobharyang,37210981.06,3,6,NE,33725298.44,13,36500000
"'Narayanthan, K'",K,36682079.16,Narayanthan,35620071.97,10.3,4,E,36403707.15,20,80000000
"'Pepsicola, K'",K,36682079.16,Pepsicola,36783575.98,3,5,E,36403707.15,4,18000000
"'Duwakot, B'",B,29573874.67,Duwakot,28324196.19,3.2,9,SW,33039133.52,8,24000000
"'Tikathali, L'",L,33467802.12,Tikathali,29599710.81,3.3,5,W,34071065.83,13,26500000
"'Budhanilkantha, K'",K,36682079.16,Budhanilkantha,41206415.83,7,5,W,34071065.83,13,62500000
"'Dhapakhel, L'",L,33467802.12,Dhapakhel,35556096.25,4.1,6,S,32636997.24,16,32000000
"'Chyasundol, K'",K,36682079.16,Chyasundol,35360065.97,4,5,W,34071065.83,13,30000000
"'Balkhu, K'",K,36682079.16,Balkhu,37210981.06,4.2,5,NE,33725298.44,13,42500000
"'Nakhipot, L'",L,33467802.12,Nakhipot,36983053.75,4.1,7,S,32636997.24,13,42000000
"'Imadol, L'",L,33467802.12,Imadol,34591056.73,3.1,5,SW,33039133.52,13,27500000
"'Imadol, L'",L,33467802.12,Imadol,34591056.73,3.1,7,SE,37959390.61,13,42000000
"'Dhapasi, K'",K,36682079.16,Dhapasi,37755445.51,4,6,NE,33725298.44,13,35000000
"'Nepaltar, K'",K,36682079.16,Nepaltar,36529162.88,7,8,SW,33039133.52,13,35000000
"'Imadol, L'",L,33467802.12,Imadol,34591056.73,3,7,E,36403707.15,13,23500000
"'Dhapakhel, L'",L,33467802.12,Dhapakhel,35556096.25,5.5,5,S,32636997.24,20,46000000
"'Gothatar, K'",K,36682079.16,Gothatar,30072418.65,3,6,N,32763770.05,18,23500000
"'Kapan, K'",K,36682079.16,Kapan,32471238.82,4.2,6,S,32636997.24,13,22500000
"'Sital Height, L'",L,33467802.12,Sital Height,33583901.06,4,5,W,34071065.83,14,39500000
"'Gothatar, K'",K,36682079.16,Gothatar,30072418.65,3.1,7,W,34071065.83,20,27500000
"'Nakhipot, L'",L,33467802.12,Nakhipot,36983053.75,5,4,E,36403707.15,20,50000000
"'Dhumbarahi, K'",K,36682079.16,Dhumbarahi,37882549.48,3.5,6,N,32763770.05,8,20000000
"'Nakhipot, L'",L,33467802.12,Nakhipot,36983053.75,5,4,E,36403707.15,20,49000000
"'Imadol, L'",L,33467802.12,Imadol,34591056.73,3,5,S,32636997.24,13,25000000
"'Budhanilkantha, K'",K,36682079.16,Budhanilkantha,41206415.83,4.5,6,S,32636997.24,13,43500000
"'Satdobato, L'",L,33467802.12,Satdobato,33014835.1,4,4,S,32636997.24,13,31500000
"'Budhanilkantha, K'",K,36682079.16,Budhanilkantha,41206415.83,3,2,NE,33725298.44,15,12500000
"'Imadol, L'",L,33467802.12,Imadol,34591056.73,2.3,4,S,32636997.24,13,22000000
"'Ganesh chowk, K'",K,36682079.16,Ganesh Chowk,37613799.48,3.3,4,W,34071065.83,20,47500000
"'Bhangal, K'",K,36682079.16,Bhangal,36385024.74,3.3,5,NE,33725298.44,13,35000000
"'Ganesh chowk, K'",K,36682079.16,Ganesh Chowk,37613799.48,3.1,10,NE,33725298.44,20,26000000
"'Bhaisepati, L'",L,33467802.12,Bhaisepati,41013560.42,5,5,S,32636997.24,13,55000000
"'Pasikot, K'",K,36682079.16,Pasikot,38020049.48,6,8,SW,33039133.52,20,55000000
"'Imadol, L'",L,33467802.12,Imadol,34591056.73,3,5,S,32636997.24,13,29000000
"'Lasuntar, K'",K,36682079.16,Lasuntar,35915770.83,3.3,6,N,32763770.05,13,28500000
"'Tikathali, L'",L,33467802.12,Tikathali,29599710.81,3.2,6,E,36403707.15,13,26900000
"'Imadol, L'",L,33467802.12,Imadol,34591056.73,3.3,6,W,34071065.83,13,38500000
"'Pasikot, K'",K,36682079.16,Pasikot,38020049.48,5,4,E,36403707.15,20,47500000
"'Dhapakhel, L'",L,33467802.12,Dhapakhel,35556096.25,8.2,6,S,32636997.24,20,49000000
"'Imadol, L'",L,33467802.12,Imadol,34591056.73,3.1,6,E,36403707.15,16,29000000
"'Lubhu, L'",L,33467802.12,Lubhu,24974215.04,3.1,5,E,36403707.15,16,22000000
"'Harisiddhi, L'",L,33467802.12,Harisiddhi,31794191.49,7,6,W,34071065.83,13,43500000
"'Imadol, L'",L,33467802.12,Imadol,34591056.73,3.1,6,NE,33725298.44,13,33500000
"'Sital height, L'",L,33467802.12,Sital Height,33583901.06,3,4,E,36403707.15,13,24500000
"'Bhaisepati, L'",L,33467802.12,Bhaisepati,41013560.42,7,5,SE,37959390.61,13,75000000
"'Imadol, L'",L,33467802.12,Imadol,34591056.73,3,6,NW,32684090.91,15,21000000
"'Bhaisepati, L'",L,33467802.12,Bhaisepati,41013560.42,5.1,4,E,36403707.15,13,50000000
"'Bhaisepati, L'",L,33467802.12,Bhaisepati,41013560.42,4.5,4,W,34071065.83,13,45000000
"'Bhaisepati, L'",L,33467802.12,Bhaisepati,41013560.42,4,4,N,32763770.05,16,41000000
"'Kalanki, K'",K,36682079.16,Kalanki,39569515.35,6,4,E,36403707.15,10,60000000
"'Gothatar, K'",K,36682079.16,Gothatar,30072418.65,3,6,N,32763770.05,13,26500000
"'Sanagaun, L'",L,33467802.12,Sanagaun,29003901.06,4.1,5,S,32636997.24,20,33500000
"'Sanagaun, L'",L,33467802.12,Sanagaun,29003901.06,3,6,N,32763770.05,13,26000000
"'Chobar, K'",K,36682079.16,Chobar,36529162.88,5.2,5,S,32636997.24,20,35000000
"'Nilopul, K'",K,36682079.16,Nilopul,36682079.16,4,2,SE,37959390.61,13,40000000
"'Nakhipot, L'",L,33467802.12,Nakhipot,36983053.75,4.2,6,N,32763770.05,13,39000000
"'Nakhipot, L'",L,33467802.12,Nakhipot,36983053.75,5,5,E,36403707.15,20,47500000
"'Imadol, L'",L,33467802.12,Imadol,34591056.73,3.5,5,NE,33725298.44,20,21000000
"'Jorpati, K'",K,36682079.16,Jorpati,33048281.86,3,10,W,34071065.83,10,28500000
"'Baneshwor, K'",K,36682079.16,Baneshwor,40487199.4,5,5,E,36403707.15,14,45000000
"'Gokarna, K'",K,36682079.16,Gokarna,33860065.97,3.5,6,E,36403707.15,13,20000000
"'Sital Height, L'",L,33467802.12,Sital Height,33583901.06,4.1,5,E,36403707.15,13,30000000
"'Bhaisepati, L'",L,33467802.12,Bhaisepati,41013560.42,3.1,4,E,36403707.15,20,32500000
"'Mandikatar, K'",K,36682079.16,Mandikatar,35621386.11,3.5,6,N,32763770.05,13,27000000
"'Pasikot, K'",K,36682079.16,Pasikot,38020049.48,3.75,3,W,34071065.83,16,28000000
"'Bhaisepati, L'",L,33467802.12,Bhaisepati,41013560.42,4.3,7,S,32636997.24,13,37000000
"'Kalanki, K'",K,36682079.16,Kalanki,39569515.35,3,4,NW,32684090.91,15,33000000
"'Kadaghari, K'",K,36682079.16,Kadaghari,32101386.11,3,5,W,34071065.83,20,25500000
"'Budhanilkantha, K'",K,36682079.16,Budhanilkantha,41206415.83,6,6,S,32636997.24,13,44500000
"'Balkot, B'",B,29573874.67,Balkot,31347812.38,5.1,4,S,32636997.24,10,30000000
"'Galfutar, K'",K,36682079.16,Galfutar,36983708.33,4.5,4,SW,33039133.52,16,40000000
"'Hattigauda, K'",K,36682079.16,Hattigauda,36045599.54,5,5,SW,33039133.52,13,49000000
"'Imadol, L'",L,33467802.12,Imadol,34591056.73,3,4,SE,37959390.61,13,19000000
"'Sanagaun, L'",L,33467802.12,Sanagaun,29003901.06,2.3,5,S,32636997.24,13,19900000
"'Imadol, L'",L,33467802.12,Imadol,34591056.73,3.1,5,E,36403707.15,13,33000000
"'Baluwakhani, K'",K,36682079.16,Baluwakhani,35847344.7,4,6,W,34071065.83,20,27500000
"'Balaju, K'",K,36682079.16,Balaju,36074617.42,3.21,4,S,32636997.24,16,13500000
"'Khusibu, K'",K,36682079.16,Khusibu,36438253.79,3.2,5,E,36403707.15,13,34000000
"'Rudreshwor, K'",K,36682079.16,Rudreshwor,38601599.36,6,5,E,36403707.15,13,35000000
"'Dadhikot, B'",B,29573874.67,Dadhikot,31015916.45,10,5,E,36403707.15,14,59500000
"'Sitapaila, K'",K,36682079.16,Sitapaila,35016883.77,9.85,5,SE,37959390.61,12,60000000
"'Thankot, K'",K,36682079.16,Thankot,33985065.97,4,1,S,32636997.24,13,25000000
"'Tikathali, L'",L,33467802.12,Tikathali,29599710.81,4.25,6,NW,32684090.91,13,31500000
"'Maitidevi, K'",K,36682079.16,Maitidevi,34151732.64,4.1,5,SE,37959390.61,13,24000000
"'Kapan, K'",K,36682079.16,Kapan,32471238.82,3,5,NE,33725298.44,14,25000000
"'Imadol, L'",L,33467802.12,Imadol,34591056.73,3,4,E,36403707.15,6,19000000
"'Bhangal, K'",K,36682079.16,Bhangal,36385024.74,4.5,7,W,34071065.83,13,32000000
"'Hattiban, L'",L,33467802.12,Hattiban,31640948.49,3,3,NW,32684090.91,20,24000000
"'Kadaghari, K'",K,36682079.16,Kadaghari,32101386.11,3.5,6,E,36403707.15,6,21000000
"'Chamati, K'",K,36682079.16,Chamati,36682079.16,3.2,4,E,36403707.15,26,28000000
"'Kapan, K'",K,36682079.16,Kapan,32471238.82,6,5,W,34071065.83,13,32500000
"'Tikathali, L'",L,33467802.12,Tikathali,29599710.81,3,5,S,32636997.24,13,22000000
"'Imadol, L'",L,33467802.12,Imadol,34591056.73,3,5,E,36403707.15,13,24500000
"'Bhangal, K'",K,36682079.16,Bhangal,36385024.74,3,6,E,36403707.15,13,27000000
"'Gothatar, K'",K,36682079.16,Gothatar,30072418.65,4,5,E,36403707.15,13,26200000
"'Kadaghari, K'",K,36682079.16,Kadaghari,32101386.11,3,6,E,36403707.15,13,21700000
"'Gothatar, K'",K,36682079.16,Gothatar,30072418.65,4,5,E,36403707.15,20,30000000
"'Gokarna, K'",K,36682079.16,Gokarna,33860065.97,3,4,E,36403707.15,13,19500000
"'Setipakha, L'",L,33467802.12,Setipakha,32044463.17,5.5,4,E,36403707.15,10,31000000
"'Naxal, K'",K,36682079.16,Naxal,43140060.9,5.2,3,E,36403707.15,12,56000000
"'Mandikatar, K'",K,36682079.16,Mandikatar,35621386.11,4.1,2,SE,37959390.61,14,45000000
"'Kitani, L'",L,33467802.12,Kitani,33379820.11,3.1,4,N,32763770.05,22,32500000
"'Mandikatar, K'",K,36682079.16,Mandikatar,35621386.11,6.6,5,NW,32684090.91,10,55000000
"'Imadol, L'",L,33467802.12,Imadol,34591056.73,5.5,5,W,34071065.83,13,37500000
"'Imadol, L'",L,33467802.12,Imadol,34591056.73,4,5,N,32763770.05,13,46000000
"'Tokha, K'",K,36682079.16,Tokha,32918811.87,6.1,5,SW,33039133.52,20,57500000
"'Mandikatar, K'",K,36682079.16,Mandikatar,35621386.11,4.1,2,W,34071065.83,16,45000000
"'Bhangal, K'",K,36682079.16,Bhangal,36385024.74,4.1,6,E,36403707.15,12,39500000
"'Sukedhara, K'",K,36682079.16,Sukedhara,36990043.98,6,2,S,32636997.24,12,50000000
"'Bansbari, K'",K,36682079.16,Bansbari,39901732.64,4.5,4,E,36403707.15,13,52000000
"'Thankot, K'",K,36682079.16,Thankot,33985065.97,4,7,SW,33039133.52,12,16000000
"'Hattiban, L'",L,33467802.12,Hattiban,31640948.49,2.5,3,S,32636997.24,13,19500000
"'Harisiddhi, L'",L,33467802.12,Harisiddhi,31794191.49,3,4,S,32636997.24,13,23500000
"'Dhapakhel, L'",L,33467802.12,Dhapakhel,35556096.25,3,4,S,32636997.24,20,24500000
"'Tikathali, L'",L,33467802.12,Tikathali,29599710.81,3,6,S,32636997.24,13,28000000
"'Bhaisepati, L'",L,33467802.12,Bhaisepati,41013560.42,6,6,N,32763770.05,10,41000000
"'Syuchatar, K'",K,36682079.16,Syuchatar,33842399.51,5.1,4,W,34071065.83,12,31500000
"'Safaray Dhunga, K'",K,36682079.16,Safaray Dhunga,36301890.15,6,4,NE,33725298.44,16,50000000
"'Bhangal, K'",K,36682079.16,Bhangal,36385024.74,5.5,3,NE,33725298.44,13,50000000
"'Bhaisepati, L'",L,33467802.12,Bhaisepati,41013560.42,5.5,6,E,36403707.15,16,52500000
"'Bhaisepati, L'",L,33467802.12,Bhaisepati,41013560.42,4.3,6,W,34071065.83,14,27000000
"'Safaray Dhunga, K'",K,36682079.16,Safaray Dhunga,36301890.15,4,8,S,32636997.24,13,32500000
"'Harisiddhi, L'",L,33467802.12,Harisiddhi,31794191.49,7,6,E,36403707.15,13,40000000
"'Kapan, K'",K,36682079.16,Kapan,32471238.82,3.3,4,SE,37959390.61,15,24000000
"'Bhaisepati, L'",L,33467802.12,Bhaisepati,41013560.42,4.2,5,E,36403707.15,20,43500000
"'Sundar basti, K'",K,36682079.16,Sundar Basti,36983708.33,5,2,SE,37959390.61,13,40000000
"'Bansbari, K'",K,36682079.16,Bansbari,39901732.64,5.3,5,E,36403707.15,13,60000000
"'Hattiban, L'",L,33467802.12,Hattiban,31640948.49,2.3,4,S,32636997.24,13,23000000
"'Jhamsikhel, L'",L,33467802.12,Jhamsikhel,34243456.48,3.1,6,N,32763770.05,14,42000000
"'Bhaisepati, L'",L,33467802.12,Bhaisepati,41013560.42,5.5,5,SE,37959390.61,20,67500000
"'Tikathali, L'",L,33467802.12,Tikathali,29599710.81,6,5,SE,37959390.61,13,49000000
"'Sitapaila, K'",K,36682079.16,Sitapaila,35016883.77,3,3,S,32636997.24,20,18000000
"'Baluwakhani, K'",K,36682079.16,Baluwakhani,35847344.7,5.1,6,E,36403707.15,20,47500000
"'Budhanilkantha, K'",K,36682079.16,Budhanilkantha,41206415.83,4,6,NE,33725298.44,13,35000000
"'Jorpati, K'",K,36682079.16,Jorpati,33048281.86,4.5,6,E,36403707.15,13,43500000
"'Safaray Dhunga, K'",K,36682079.16,Safaray Dhunga,36301890.15,3.5,4,E,36403707.15,13,27500000
"'Shantinagar, K'",K,36682079.16,Shantinagar,38901732.64,4.1,7,E,36403707.15,20,57500000
"'Nakkhu, L'",L,33467802.12,Nakkhu,33467802.12,4,7,E,36403707.15,12,39000000
"'Shantinagar, K'",K,36682079.16,Shantinagar,38901732.64,4.5,6,E,36403707.15,20,45000000
"'Mahadevsthan, K'",K,36682079.16,Mahadevsthan,35574617.42,4.5,4,W,34071065.83,15,24500000
"'Dhapakhel, L'",L,33467802.12,Dhapakhel,35556096.25,5,6,NE,33725298.44,13,39500000
"'Dhumbarahi, K'",K,36682079.16,Dhumbarahi,37882549.48,3.5,6,NE,33725298.44,6,21500000
"'Thaiba, L'",L,33467802.12,Thaiba,32973168.44,4.5,4,S,32636997.24,13,21000000
"'Hattiban, L'",L,33467802.12,Hattiban,31640948.49,6.5,7,W,34071065.83,14,35000000
"'Bhangal, K'",K,36682079.16,Bhangal,36385024.74,3,5,S,32636997.24,13,21000000
"'Bhaisepati, L'",L,33467802.12,Bhaisepati,41013560.42,3.5,5,W,34071065.83,16,30000000
"'Pasikot, K'",K,36682079.16,Pasikot,38020049.48,5,6,E,36403707.15,20,47500000
"'Bhaisepati, L'",L,33467802.12,Bhaisepati,41013560.42,4,6,E,36403707.15,13,31000000
"'Kusunti, L'",L,33467802.12,Kusunti,35398309.33,5.5,6,E,36403707.15,13,42500000
"'Kusunti, L'",L,33467802.12,Kusunti,35398309.33,3.2,6,E,36403707.15,13,35000000
"'Mandikatar, K'",K,36682079.16,Mandikatar,35621386.11,3,3,S,32636997.24,13,25000000
"'Dahachowk, K'",K,36682079.16,Dahachowk,36682079.16,2.5,5,S,32636997.24,13,12500000
"'Sital height, L'",L,33467802.12,Sital Height,33583901.06,2.3,5,NE,33725298.44,13,23000000
"'Imadol, L'",L,33467802.12,Imadol,34591056.73,3.5,6,E,36403707.15,16,29000000
"'Godawari, L'",L,33467802.12,Godawari,30611868.08,3.3,6,E,36403707.15,13,29000000
"'Khumaltar, L'",L,33467802.12,Khumaltar,37854876.33,5.5,6,E,36403707.15,20,47000000
"'Harisiddhi, L'",L,33467802.12,Harisiddhi,31794191.49,3.2,6,N,32763770.05,20,25000000
"'Ravi bhawan, K'",K,36682079.16,Ravi Bhawan,36568399.3,4,5,S,32636997.24,20,50000000
"'Imadol, L'",L,33467802.12,Imadol,34591056.73,3,4,E,36403707.15,13,29900000
"'Tikathali, L'",L,33467802.12,Tikathali,29599710.81,4,7,NW,32684090.91,13,35500000
"'Tikathali, L'",L,33467802.12,Tikathali,29599710.81,2.2,6,W,34071065.83,13,25000000
"'Khumaltar, L'",L,33467802.12,Khumaltar,37854876.33,5.2,5,SE,37959390.61,13,39000000
"'Imadol, L'",L,33467802.12,Imadol,34591056.73,4,8,E,36403707.15,13,42500000
"'Sital Height, L'",L,33467802.12,Sital Height,33583901.06,4,6,E,36403707.15,13,45500000
"'Bhaisepati, L'",L,33467802.12,Bhaisepati,41013560.42,4.5,4,E,36403707.15,20,45000000
"'Pasikot, K'",K,36682079.16,Pasikot,38020049.48,5,6,E,36403707.15,13,33500000
"'Lubhu, L'",L,33467802.12,Lubhu,24974215.04,3.2,4,NE,33725298.44,13,21500000
"'Hattigauda, K'",K,36682079.16,Hattigauda,36045599.54,6.5,4,W,34071065.83,16,36000000
"'Imadol, L'",L,33467802.12,Imadol,34591056.73,4.5,6,N,32763770.05,13,39500000
"'Pasikot, K'",K,36682079.16,Pasikot,38020049.48,4.1,6,N,32763770.05,13,42000000
"'Thali, K'",K,36682079.16,Thali,34620071.97,3,4,E,36403707.15,10,14000000
"'Khumaltar, L'",L,33467802.12,Khumaltar,37854876.33,10,5,NE,33725298.44,20,72500000
"'Bhaisepati, L'",L,33467802.12,Bhaisepati,41013560.42,5.5,4,N,32763770.05,13,65000000
"'Imadol, L'",L,33467802.12,Imadol,34591056.73,3.1,5,S,32636997.24,13,31500000
"'Imadol, L'",L,33467802.12,Imadol,34591056.73,3.1,5,S,32636997.24,13,29900000
"'Imadol, L'",L,33467802.12,Imadol,34591056.73,3,4,S,32636997.24,13,26500000
"'Tikathali, L'",L,33467802.12,Tikathali,29599710.81,2.3,3,S,32636997.24,14,25000000
"'Imadol, L'",L,33467802.12,Imadol,34591056.73,3.2,7,N,32763770.05,20,29000000
"'Bhangal, K'",K,36682079.16,Bhangal,36385024.74,5,4,W,34071065.83,30,40000000
"'Budhanilkantha, K'",K,36682079.16,Budhanilkantha,41206415.83,3.1,6,W,34071065.83,16,32500000
"'Budhanilkantha, K'",K,36682079.16,Budhanilkantha,41206415.83,7,4,E,36403707.15,13,48000000
"'Budhanilkantha, K'",K,36682079.16,Budhanilkantha,41206415.83,7,4,NE,33725298.44,13,50000000
"'Budhanilkantha, K'",K,36682079.16,Budhanilkantha,41206415.83,4.1,5,SE,37959390.61,14,38000000
"'Bhangal, K'",K,36682079.16,Bhangal,36385024.74,5,6,E,36403707.15,20,39500000
"'Kapan, K'",K,36682079.16,Kapan,32471238.82,4.5,5,SE,37959390.61,11,39500000
"'Mahalaxmi, L'",L,33467802.12,Mahalaxmi,32516183.75,3,7,W,34071065.83,20,23000000
"'Harisiddhi, L'",L,33467802.12,Harisiddhi,31794191.49,3,5,N,32763770.05,20,27500000
"'Bhangal, K'",K,36682079.16,Bhangal,36385024.74,5,5,E,36403707.15,16,47500000
"'Balkot, B'",B,29573874.67,Balkot,31347812.38,4,4,E,36403707.15,12,21500000
"'Balambu, K'",K,36682079.16,Balambu,34651732.64,4.5,4,W,34071065.83,13,28000000
"'Kapan, K'",K,36682079.16,Kapan,32471238.82,4.3,6,SE,37959390.61,13,29000000
"'Bhangal, K'",K,36682079.16,Bhangal,36385024.74,4.2,6,S,32636997.24,16,42500000
"'Nakhipot, L'",L,33467802.12,Nakhipot,36983053.75,3.3,5,NE,33725298.44,26,36000000
"'Bhangal, K'",K,36682079.16,Bhangal,36385024.74,6,7,N,32763770.05,13,50000000
"'Bhangal, K'",K,36682079.16,Bhangal,36385024.74,6,5,E,36403707.15,15,36000000
"'Raniban, K'",K,36682079.16,Raniban,36983708.33,5,7,SW,33039133.52,20,40000000
"'Kapan, K'",K,36682079.16,Kapan,32471238.82,4.1,6,E,36403707.15,14,38000000
"'Tokha, K'",K,36682079.16,Tokha,32918811.87,8,5,S,32636997.24,13,7000000
"'Chapali, K'",K,36682079.16,Chapali,38737199.4,4.1,6,E,36403707.15,20,41000000
"'Chapali, K'",K,36682079.16,Chapali,38737199.4,4.5,5,S,32636997.24,13,40000000
"'Imadol, L'",L,33467802.12,Imadol,34591056.73,4.15,7,S,32636997.24,13,41500000
"'Deuba Chowk, K'",K,36682079.16,Deuba Chowk,38024676.28,4.2,5,NE,33725298.44,20,43500000
"'Imadol, L'",L,33467802.12,Imadol,34591056.73,5,5,W,34071065.83,13,57500000
"'Satdobato, L'",L,33467802.12,Satdobato,33014835.1,3.1,4,SE,37959390.61,13,30000000
"'Kapan, K'",K,36682079.16,Kapan,32471238.82,4,6,SW,33039133.52,10,42500000
"'Tokha, K'",K,36682079.16,Tokha,32918811.87,5.1,6,SE,37959390.61,13,45000000
"'Kadaghari, K'",K,36682079.16,Kadaghari,32101386.11,3,6,S,32636997.24,13,24500000
"'Tikathali, L'",L,33467802.12,Tikathali,29599710.81,3.2,6,E,36403707.15,13,22500000
"'Imadol, L'",L,33467802.12,Imadol,34591056.73,3.1,5,E,36403707.15,13,32000000
"'Imadol, L'",L,33467802.12,Imadol,34591056.73,3,5,E,36403707.15,13,27500000
"'Imadol, L'",L,33467802.12,Imadol,34591056.73,4.2,6,S,32636997.24,16,29000000
"'Imadol, L'",L,33467802.12,Imadol,34591056.73,3.2,6,S,32636997.24,13,35500000
"'Imadol, L'",L,33467802.12,Imadol,34591056.73,5.1,5,S,32636997.24,13,55000000
"'Imadol, L'",L,33467802.12,Imadol,34591056.73,4.2,4,NW,32684090.91,13,29000000
"'Imadol, L'",L,33467802.12,Imadol,34591056.73,4.1,7,SW,33039133.52,10,33000000
"'Tikathali, L'",L,33467802.12,Tikathali,29599710.81,3,6,E,36403707.15,13,26000000
"'Imadol, L'",L,33467802.12,Imadol,34591056.73,3.2,5,S,32636997.24,20,26500000
"'Imadol, L'",L,33467802.12,Imadol,34591056.73,3,5,S,32636997.24,13,26500000
"'Mahalaxmi, L'",L,33467802.12,Mahalaxmi,32516183.75,3.1,7,N,32763770.05,20,31500000
"'Sital Height, L'",L,33467802.12,Sital Height,33583901.06,3.3,8,S,32636997.24,13,32000000
"'Manmaiju, K'",K,36682079.16,Manmaiju,36301890.15,5,9,S,32636997.24,13,24000000
"'Syuchatar, K'",K,36682079.16,Syuchatar,33842399.51,4.2,8,NE,33725298.44,12,23000000
"'Imadol, L'",L,33467802.12,Imadol,34591056.73,6.2,5,W,34071065.83,13,47500000
"'Lubhu, L'",L,33467802.12,Lubhu,24974215.04,5.2,5,NW,32684090.91,16,42500000
"'Imadol, L'",L,33467802.12,Imadol,34591056.73,3.2,6,S,32636997.24,13,29500000
"'Imadol, L'",L,33467802.12,Imadol,34591056.73,3.1,5,S,32636997.24,13,33500000
"'New Baneshwor, K'",K,36682079.16,New Baneshwor,35818399.3,2.2,7,E,36403707.15,4,27000000
"'Imadol, L'",L,33467802.12,Imadol,34591056.73,3,7,W,34071065.83,20,32500000
"'Baniyatar, K'",K,36682079.16,Baniyatar,36521386.11,2.2,5,NE,33725298.44,10,25000000
"'Pepsicola, K'",K,36682079.16,Pepsicola,36783575.98,5.5,1,SE,37959390.61,26,95000000
"'Pepsicola, K'",K,36682079.16,Pepsicola,36783575.98,2.3,6,E,36403707.15,26,32500000
"'Chabahil, K'",K,36682079.16,Chabahil,36682079.16,4.5,10,E,36403707.15,8,40000000
"'Imadol, L'",L,33467802.12,Imadol,34591056.73,4.5,5,NE,33725298.44,13,49500000
"'Tikathali, L'",L,33467802.12,Tikathali,29599710.81,2.3,5,E,36403707.15,13,22000000
"'Tikathali, L'",L,33467802.12,Tikathali,29599710.81,2.3,5,S,32636997.24,13,22500000
"'Imadol, L'",L,33467802.12,Imadol,34591056.73,3,5,NE,33725298.44,13,22500000
"'Tikathali, L'",L,33467802.12,Tikathali,29599710.81,3,6,E,36403707.15,13,25000000
"'Imadol, L'",L,33467802.12,Imadol,34591056.73,5,6,W,34071065.83,13,39500000
"'Imadol, L'",L,33467802.12,Imadol,34591056.73,3.1,5,N,32763770.05,13,32500000
"'Imadol, L'",L,33467802.12,Imadol,34591056.73,4,6,N,32763770.05,13,45500000
"'Imadol, L'",L,33467802.12,Imadol,34591056.73,3.1,4,N,32763770.05,13,32500000
"'Dhaneshwor, K'",K,36682079.16,Dhaneshwor,34058627.97,4,8,S,32636997.24,10,29000000
"'Dhalmal, K'",K,36682079.16,Dhalmal,35235065.97,3.1,5,S,32636997.24,13,30000000
"'Imadol, L'",L,33467802.12,Imadol,34591056.73,3,3,NE,33725298.44,12,27000000
"'Tikathali, L'",L,33467802.12,Tikathali,29599710.81,3,6,NW,32684090.91,13,23500000
"'Suntol, L'",L,33467802.12,Suntol,33516183.75,4,6,E,36403707.15,13,34000000
"'Imadol, L'",L,33467802.12,Imadol,34591056.73,3,6,E,36403707.15,13,26500000
"'Imadol, L'",L,33467802.12,Imadol,34591056.73,3,5,N,32763770.05,13,35000000
"'Imadol, L'",L,33467802.12,Imadol,34591056.73,3.5,5,W,34071065.83,13,34500000
"'Imadol, L'",L,33467802.12,Imadol,34591056.73,3,5,NE,33725298.44,13,35000000
"'Tikathali, L'",L,33467802.12,Tikathali,29599710.81,3.1,5,E,36403707.15,13,32500000
"'Hattiban, L'",L,33467802.12,Hattiban,31640948.49,3,6,W,34071065.83,14,28000000
"'Hattiban, L'",L,33467802.12,Hattiban,31640948.49,3,5,S,32636997.24,13,33000000
"'Imadol, L'",L,33467802.12,Imadol,34591056.73,3,6,SE,37959390.61,13,23500000
"'Manmaiju, K'",K,36682079.16,Manmaiju,36301890.15,4,7,S,32636997.24,12,32500000
"'Dapasi, K'",K,36682079.16,Dapasi,36682079.16,4,4,NW,32684090.91,20,50000000
"'Imadol, L'",L,33467802.12,Imadol,34591056.73,3,9,S,32636997.24,13,29000000
"'Imadol, L'",L,33467802.12,Imadol,34591056.73,4,4,S,32636997.24,13,46500000
"'Imadol, L'",L,33467802.12,Imadol,34591056.73,5,8,S,32636997.24,13,51000000
"'Sanagaun, L'",L,33467802.12,Sanagaun,29003901.06,3,6,NE,33725298.44,13,27000000
"'Sanagaun, L'",L,33467802.12,Sanagaun,29003901.06,4,5,NE,33725298.44,20,33000000
"'Balkot, B'",B,29573874.67,Balkot,31347812.38,9,7,NW,32684090.91,22,42500000
"'Imadol, L'",L,33467802.12,Imadol,34591056.73,3,5,E,36403707.15,14,31500000
"'Ektabasti, K'",K,36682079.16,Ektabasti,34901732.64,3.5,5,NW,32684090.91,16,24000000
"'Tikathali, L'",L,33467802.12,Tikathali,29599710.81,3.5,6,E,36403707.15,13,29000000
"'Pepsicola, K'",K,36682079.16,Pepsicola,36783575.98,2,6,SW,33039133.52,16,25000000
"'Sitapaila, K'",K,36682079.16,Sitapaila,35016883.77,6,10,W,34071065.83,8,30000000
"'Pepsicola, K'",K,36682079.16,Pepsicola,36783575.98,4.3,9,NE,33725298.44,16,45000000
"'Siddhipur, L'",L,33467802.12,Siddhipur,31834365.57,3,2,S,32636997.24,12,25000000
"'Badegaun, L'",L,33467802.12,Badegaun,33467802.12,3,3,E,36403707.15,13,16500000
"'Kandaghari, K'",K,36682079.16,Kandaghari,38074617.42,7,12,S,32636997.24,20,52000000
"'Chasidol, L'",L,33467802.12,Chasidol,32425274.66,3.5,7,W,34071065.83,13,22000000
"'Bhandarigauu, K'",K,36682079.16,Bhandarigauu,35847344.7,3.2,6,S,32636997.24,13,27500000
"'Imadol, L'",L,33467802.12,Imadol,34591056.73,5,14,NW,32684090.91,13,42500000
"'Budhanilkantha, K'",K,36682079.16,Budhanilkantha,41206415.83,3.3,3,E,36403707.15,26,29500000
"'Tikathali, L'",L,33467802.12,Tikathali,29599710.81,3.1,6,W,34071065.83,13,26500000
"'Imadol, L'",L,33467802.12,Imadol,34591056.73,3.5,6,NW,32684090.91,12,31000000
"'Imadol, L'",L,33467802.12,Imadol,34591056.73,4,6,E,36403707.15,13,32500000
"'Imadol, L'",L,33467802.12,Imadol,34591056.73,2.3,5,W,34071065.83,13,25500000
"'Imadol, L'",L,33467802.12,Imadol,34591056.73,3,5,E,36403707.15,13,27000000
"'Imadol, L'",L,33467802.12,Imadol,34591056.73,3,5,W,34071065.83,13,28000000
"'Lubhu, L'",L,33467802.12,Lubhu,24974215.04,2.3,5,N,32763770.05,13,23000000
"'Thimi, B'",B,29573874.67,Thimi,31133749.75,3.1,5,W,34071065.83,20,22500000
"'Chobar, K'",K,36682079.16,Chobar,36529162.88,6.5,5,E,36403707.15,20,32500000
"'Imadol, L'",L,33467802.12,Imadol,34591056.73,3,5,N,32763770.05,13,32500000
"'Imadol, L'",L,33467802.12,Imadol,34591056.73,5.1,5,SE,37959390.61,13,57500000
"'Tikathali, L'",L,33467802.12,Tikathali,29599710.81,5,6,NW,32684090.91,13,32000000
"'Imadol, L'",L,33467802.12,Imadol,34591056.73,4,6,NE,33725298.44,13,37500000
"'Bhaisepati, L'",L,33467802.12,Bhaisepati,41013560.42,3,4,SE,37959390.61,22,30000000
"'Gatthaghar, B'",B,29573874.67,Gatthaghar,29264921.67,3,10,NE,33725298.44,13,25000000
"'Thaiba, L'",L,33467802.12,Thaiba,32973168.44,7.2,5,W,34071065.83,20,40000000
"'Budhanilkantha, K'",K,36682079.16,Budhanilkantha,41206415.83,6,7,E,36403707.15,13,52500000
"'Chunikhel, K'",K,36682079.16,Chunikhel,36001155.09,3,6,S,32636997.24,13,28000000
"'Mahankal, K'",K,36682079.16,Mahankal,37665526.51,6,4,NE,33725298.44,16,47500000
"'Gatthaghar, B'",B,29573874.67,Gatthaghar,29264921.67,3,6,E,36403707.15,13,33000000
"'Chunikhel, K'",K,36682079.16,Chunikhel,36001155.09,4.5,7,NE,33725298.44,13,44500000
"'Bhaisepati, L'",L,33467802.12,Bhaisepati,41013560.42,5.5,6,W,34071065.83,20,52500000
"'Naikap, K'",K,36682079.16,Naikap,33678522.43,3.5,5,NW,32684090.91,13,22500000
"'Goldhunga, K'",K,36682079.16,Goldhunga,34901732.64,6.1,9,SE,37959390.61,13,30000000
"'Baniyatar, K'",K,36682079.16,Baniyatar,36521386.11,2.2,6,S,32636997.24,13,26000000
"'Imadol, L'",L,33467802.12,Imadol,34591056.73,4.2,6,W,34071065.83,13,39500000
"'Gothatar, K'",K,36682079.16,Gothatar,30072418.65,3.2,7,NE,33725298.44,20,32000000
"'Tikathali, L'",L,33467802.12,Tikathali,29599710.81,3,8,S,32636997.24,13,25000000
"'Setipakha, L'",L,33467802.12,Setipakha,32044463.17,3.2,6,E,36403707.15,13,35500000
"'Hattigauda, K'",K,36682079.16,Hattigauda,36045599.54,4,4,W,34071065.83,13,37000000
"'Chapali, K'",K,36682079.16,Chapali,38737199.4,4.5,5,NW,32684090.91,14,39000000
"'Imadol, L'",L,33467802.12,Imadol,34591056.73,5,5,W,34071065.83,20,55000000
"'Thimi, B'",B,29573874.67,Thimi,31133749.75,6,5,NE,33725298.44,20,60000000
"'Imadol, L'",L,33467802.12,Imadol,34591056.73,4,11,W,34071065.83,20,44500000
"'Imadol, L'",L,33467802.12,Imadol,34591056.73,3.1,6,W,34071065.83,13,30000000
"'Imadol, L'",L,33467802.12,Imadol,34591056.73,3,8,N,32763770.05,16,24500000
"'Tikathali, L'",L,33467802.12,Tikathali,29599710.81,3.2,7,S,32636997.24,13,31000000
"'Imadol, L'",L,33467802.12,Imadol,34591056.73,3.2,5,N,32763770.05,13,27000000
"'Ganesh chowk, K'",K,36682079.16,Ganesh Chowk,37613799.48,4.5,5,E,36403707.15,16,40000000
"'Imadol, L'",L,33467802.12,Imadol,34591056.73,4,6,S,32636997.24,13,42000000
"'Balkot, B'",B,29573874.67,Balkot,31347812.38,3.1,6,E,36403707.15,13,33000000
"'Tikathali, L'",L,33467802.12,Tikathali,29599710.81,4,6,W,34071065.83,20,25000000
"'Imadol, L'",L,33467802.12,Imadol,34591056.73,4.2,8,N,32763770.05,13,38500000
"'Imadol, L'",L,33467802.12,Imadol,34591056.73,2.5,5,NE,33725298.44,13,18000000
"'Imadol, L'",L,33467802.12,Imadol,34591056.73,3,8,W,34071065.83,20,31000000
"'Sital Height, L'",L,33467802.12,Sital Height,33583901.06,5,5,SE,37959390.61,16,39000000
"'Swayambhu, K'",K,36682079.16,Swayambhu,35735065.97,5,6,NE,33725298.44,13,50000000
"'Sanagaun, L'",L,33467802.12,Sanagaun,29003901.06,4.1,7,S,32636997.24,13,32500000
"'Imadol, L'",L,33467802.12,Imadol,34591056.73,3.5,7,E,36403707.15,13,32000000
"'Gongabu, K'",K,36682079.16,Gongabu,37654719.44,3,15,S,32636997.24,13,27500000
"'Imadol, L'",L,33467802.12,Imadol,34591056.73,3.5,4,W,34071065.83,13,31000000
"'Imadol, L'",L,33467802.12,Imadol,34591056.73,3.5,5,E,36403707.15,13,42500000
"'Imadol, L'",L,33467802.12,Imadol,34591056.73,3.75,7,S,32636997.24,13,42500000
"'Sital Height, L'",L,33467802.12,Sital Height,33583901.06,3.5,5,S,32636997.24,20,26000000
"'Imadol, L'",L,33467802.12,Imadol,34591056.73,4.2,5,NW,32684090.91,13,45000000
"'Imadol, L'",L,33467802.12,Imadol,34591056.73,3,6,W,34071065.83,13,25000000
"'Tikathali, L'",L,33467802.12,Tikathali,29599710.81,3,7,S,32636997.24,13,24500000
"'Bansbari, K'",K,36682079.16,Bansbari,39901732.64,4,6,E,36403707.15,13,40000000
"'Imadol, L'",L,33467802.12,Imadol,34591056.73,3.25,6,N,32763770.05,13,32499999
"'Imadol, L'",L,33467802.12,Imadol,34591056.73,3.2,6,S,32636997.24,13,31999999
"'Dhapakhel, L'",L,33467802.12,Dhapakhel,35556096.25,5.3,5,E,36403707.15,20,55000000
"'Magargau, L'",L,33467802.12,Magargau,33467802.12,3.5,4,E,36403707.15,16,29999999
"'Sanobharyang, K'",K,36682079.16,Sanobharyang,36526732.64,3.5,5,S,32636997.24,22,32500000
"'Panipokhari, K'",K,36682079.16,Panipokhari,38801890.15,3,6,E,36403707.15,20,60000000
"'Imadol, L'",L,33467802.12,Imadol,34591056.73,3,8,S,32636997.24,20,31500000
"'Imadol, L'",L,33467802.12,Imadol,34591056.73,3.5,8,W,34071065.83,13,26500000
"'Baluwatar, K'",K,36682079.16,Baluwatar,40801299.48,4.5,9,SE,37959390.61,26,90000000
"'Gongabu, K'",K,36682079.16,Gongabu,37654719.44,3,4,NW,32684090.91,13,26000000
"'Balkot, B'",B,29573874.67,Balkot,31347812.38,3.5,7,W,34071065.83,13,26500000
"'Imadol, L'",L,33467802.12,Imadol,34591056.73,3,7,E,36403707.15,24,31500000
"'Imadol, L'",L,33467802.12,Imadol,34591056.73,3,5,W,34071065.83,13,25000000
"'Balkot, B'",B,29573874.67,Balkot,31347812.38,4,7,E,36403707.15,20,32500000
"'Bode, B'",B,29573874.67,Bode,28612613.34,3,5,E,36403707.15,26,19000000
"'Karyabinayak, L'",L,33467802.12,Karyabinayak,34473168.44,6,8,E,36403707.15,13,45000000
"'Bhaisepati, L'",L,33467802.12,Bhaisepati,41013560.42,5.5,6,E,36403707.15,16,65000000
"'Bhaisepati, L'",L,33467802.12,Bhaisepati,41013560.42,5,7,E,36403707.15,13,42500000
"'Bhaisepati, L'",L,33467802.12,Bhaisepati,41013560.42,5,7,E,36403707.15,13,37500000
"'Imadol, L'",L,33467802.12,Imadol,34591056.73,3.5,6,S,32636997.24,13,35000000
"'Imadol, L'",L,33467802.12,Imadol,34591056.73,3.3,7,N,32763770.05,14,38000000
"'Tikathali, L'",L,33467802.12,Tikathali,29599710.81,4.1,7,W,34071065.83,20,36500000
"'Imadol, L'",L,33467802.12,Imadol,34591056.73,6,7,E,36403707.15,20,67500000
"'Imadol, L'",L,33467802.12,Imadol,34591056.73,6,7,E,36403707.15,13,67500000
"'Sukedhara, K'",K,36682079.16,Sukedhara,36990043.98,3,5,W,34071065.83,13,32500000
"'Baniyatar, K'",K,36682079.16,Baniyatar,36521386.11,3.3,5,E,36403707.15,13,28000000
"'Imadol, L'",L,33467802.12,Imadol,34591056.73,5,7,W,34071065.83,16,39000000
"'Imadol, L'",L,33467802.12,Imadol,34591056.73,3.5,8,E,36403707.15,16,31500000
"'Sitapakha, L'",L,33467802.12,Sitapakha,31762715.8,4,6,W,34071065.83,13,29000000
"'Imadol, L'",L,33467802.12,Imadol,34591056.73,3.2,6,N,32763770.05,13,25000000
"'Imadol, L'",L,33467802.12,Imadol,34591056.73,4.3,6,W,34071065.83,13,42500000
"'Hattiban, L'",L,33467802.12,Hattiban,31640948.49,4,7,W,34071065.83,12,26500000
"'Narayanthan, K'",K,36682079.16,Narayanthan,35620071.97,3.21,2,E,36403707.15,13,25000000
"'Sangla, K'",K,36682079.16,Sangla,36682079.16,2.04,3,SE,37959390.61,12,18500000
"'Kalanki, K'",K,36682079.16,Kalanki,39569515.35,4,1,E,36403707.15,10,33500000
"'Deuba chowk, K'",K,36682079.16,Deuba Chowk,38024676.28,5.5,5,S,32636997.24,13,34000000
"'Imadol, L'",L,33467802.12,Imadol,34591056.73,3,6,E,36403707.15,16,22500000
"'Kuleshwor, K'",K,36682079.16,Kuleshwor,38801890.15,6.2,1,S,32636997.24,16,60000000
"'Kist Hospital, L'",L,33467802.12,Kist Hospital,33467802.12,3.79,7,E,36403707.15,13,28500000
"'Nayabasti, L'",L,33467802.12,Nayabasti,32925274.66,2.92,7,E,36403707.15,20,27500000
"'Kapan, K'",K,36682079.16,Kapan,32471238.82,2,1,E,36403707.15,8,15000000
"'Imadol, L'",L,33467802.12,Imadol,34591056.73,3.75,4,E,36403707.15,16,26800000
"'Kapurdhara, K'",K,36682079.16,Kapurdhara,36347344.7,4.39,5,N,32763770.05,4,33000000
"'Dhumbarahi, K'",K,36682079.16,Dhumbarahi,37882549.48,5,3,SE,37959390.61,20,55000000
"'Mandikatar, K'",K,36682079.16,Mandikatar,35621386.11,3,3,E,36403707.15,13,25000000
"'Kapan, K'",K,36682079.16,Kapan,32471238.82,3,5,E,36403707.15,10,22500000
"'Hattigauda, K'",K,36682079.16,Hattigauda,36045599.54,4,7,N,32763770.05,17,50000000
"'Imadol, L'",L,33467802.12,Imadol,34591056.73,4,6,N,32763770.05,13,46000000
"'Imadol, L'",L,33467802.12,Imadol,34591056.73,5.5,6,S,32636997.24,16,55000000
"'Lubhu, L'",L,33467802.12,Lubhu,24974215.04,3.5,7,W,34071065.83,13,23600000
"'Mandikatar, K'",K,36682079.16,Mandikatar,35621386.11,5,3,E,36403707.15,16,35000000
"'Balkot, B'",B,29573874.67,Balkot,31347812.38,3.1,6,S,32636997.24,13,27000000
"'Balkot, B'",B,29573874.67,Balkot,31347812.38,3,5,S,32636997.24,36,25500000
"'Jharankhu, K'",K,36682079.16,Jharankhu,36682079.16,4,6,E,36403707.15,13,19000000
"'Mulpani, K'",K,36682079.16,Mulpani,35301299.48,4,7,S,32636997.24,10,23000000
"'Imadol, L'",L,33467802.12,Imadol,34591056.73,3,5,W,34071065.83,20,26000000
"'Harisiddhi, L'",L,33467802.12,Harisiddhi,31794191.49,3.5,6,S,32636997.24,13,27500000
"'Makalbari, K'",K,36682079.16,Makalbari,35776732.64,5,7,E,36403707.15,13,35000000
"'Mulpani, K'",K,36682079.16,Mulpani,35301299.48,4,8,S,32636997.24,10,23000000
"'Sukedhara, K'",K,36682079.16,Sukedhara,36990043.98,3,5,S,32636997.24,14,33000000
"'Dhaneshwor, K'",K,36682079.16,Dhaneshwor,34058627.97,4,8,N,32763770.05,14,28000000
"'Dharmasthali, K'",K,36682079.16,Dharmasthali,36710981.06,4,8,N,32763770.05,13,37000000
"'Jagdol, K'",K,36682079.16,Jagdol,36074617.42,3.2,5,SE,37959390.61,13,30000000
"'Goldhunga, K'",K,36682079.16,Goldhunga,34901732.64,4,5,NW,32684090.91,13,27000000
"'Kapan, K'",K,36682079.16,Kapan,32471238.82,3,5,E,36403707.15,13,25000000
"'Gyaneshwor, K'",K,36682079.16,Gyaneshwor,36682079.16,3.3,6,NW,32684090.91,20,65000000
"'Samakhusi, K'",K,36682079.16,Samakhusi,41216983.97,5,8,E,36403707.15,13,45000000
"'Baniyatar, K'",K,36682079.16,Baniyatar,36521386.11,4.2,5,SW,33039133.52,13,28000000
"'Imadol, L'",L,33467802.12,Imadol,34591056.73,4.1,9,W,34071065.83,13,41000000
"'Baniyatar, K'",K,36682079.16,Baniyatar,36521386.11,6,6,E,36403707.15,13,60000000
"'Kapan, K'",K,36682079.16,Kapan,32471238.82,3,6,SW,33039133.52,13,25000000
"'Nakkhu, L'",L,33467802.12,Nakkhu,33467802.12,3,7,S,32636997.24,13,27000000
"'Bhangal, K'",K,36682079.16,Bhangal,36385024.74,4,6,S,32636997.24,13,34500000
"'Ramailo Danda, K'",K,36682079.16,Ramailo Danda,36682079.16,3.3,6,S,32636997.24,12,21500000
"'Balaju, K'",K,36682079.16,Balaju,36074617.42,3,7,S,32636997.24,8,18500000
"'Imadol, L'",L,33467802.12,Imadol,34591056.73,3.5,8,E,36403707.15,13,30000000
"'Sital Height, L'",L,33467802.12,Sital Height,33583901.06,5.1,7,E,36403707.15,26,57500000
"'Pepsicola, K'",K,36682079.16,Pepsicola,36783575.98,3.5,6,E,36403707.15,22,33500000
"'Pepsicola, K'",K,36682079.16,Pepsicola,36783575.98,3.5,8,W,34071065.83,13,32500000
"'Ektabasti, K'",K,36682079.16,Ektabasti,34901732.64,3.45,3,NE,33725298.44,13,28000000
"'Dhapakhel, L'",L,33467802.12,Dhapakhel,35556096.25,6,6,SE,37959390.61,13,47500000
"'Harisiddhi, L'",L,33467802.12,Harisiddhi,31794191.49,7.2,6,E,36403707.15,20,40000000
"'Imadol, L'",L,33467802.12,Imadol,34591056.73,4,7,SW,33039133.52,13,36500000
"'Chunikhel, K'",K,36682079.16,Chunikhel,36001155.09,5,6,E,36403707.15,20,39700000
"'Chunikhel, K'",K,36682079.16,Chunikhel,36001155.09,3.5,6,E,36403707.15,13,32500000
"'Chunikhel, K'",K,36682079.16,Chunikhel,36001155.09,4,6,NW,32684090.91,13,43500000
"'Chapali, K'",K,36682079.16,Chapali,38737199.4,6,6,W,34071065.83,13,53000000
"'Balkot, B'",B,29573874.67,Balkot,31347812.38,5,6,S,32636997.24,13,37000000
"'Imadol, L'",L,33467802.12,Imadol,34591056.73,4,6,NE,33725298.44,14,46000000
"'Imadol, L'",L,33467802.12,Imadol,34591056.73,4.5,6,NE,33725298.44,15,49500000
"'Imadol, L'",L,33467802.12,Imadol,34591056.73,4,5,NE,33725298.44,15,45500000
"'Tikathali, L'",L,33467802.12,Tikathali,29599710.81,3.1,6,NE,33725298.44,13,26500000
"'Tikathali, L'",L,33467802.12,Tikathali,29599710.81,3.5,6,S,32636997.24,13,27500000
"'Imadol, L'",L,33467802.12,Imadol,34591056.73,3,9,S,32636997.24,13,31500000
"'Baluwapati, K'",K,36682079.16,Baluwapati,36438253.79,4.2,8,S,32636997.24,13,34000000
"'Gairigaun, K'",K,36682079.16,Gairigaun,36256435.6,4,6,E,36403707.15,13,32000000
"'Sitapaila, K'",K,36682079.16,Sitapaila,35016883.77,4,5,N,32763770.05,26,25000000
"'Sanagaun, L'",L,33467802.12,Sanagaun,29003901.06,4.75,3,S,32636997.24,13,37500000
"'Ekantakuna, L'",L,33467802.12,Ekantakuna,33970729.2,6,6,W,34071065.83,20,39000000
"'Imadol, L'",L,33467802.12,Imadol,34591056.73,3,5,S,32636997.24,13,28000000
"'Imadol, L'",L,33467802.12,Imadol,34591056.73,3,6,S,32636997.24,11,29000000
"'Kapan, K'",K,36682079.16,Kapan,32471238.82,3.2,5,W,34071065.83,13,32000000
"'Payutar, K'",K,36682079.16,Payutar,36682079.16,4,6,NW,32684090.91,10,40000000
"'Kapan, K'",K,36682079.16,Kapan,32471238.82,4,6,N,32763770.05,13,32000000
"'Baluwatar, K'",K,36682079.16,Baluwatar,40801299.48,3,7,E,36403707.15,15,33000000
"'Matatirtha, K'",K,36682079.16,Matatirtha,36347344.7,6.1,7,E,36403707.15,22,33000000
"'Ganeshthan, K'",K,36682079.16,Ganeshthan,35892799.24,4,8,E,36403707.15,8,28000000
"'New Baneshwor, K'",K,36682079.16,New Baneshwor,35818399.3,8.15,11,W,34071065.83,16,95000000
"'Imadol, L'",L,33467802.12,Imadol,34591056.73,3.75,6,W,34071065.83,13,33500000
"'Bhangal, K'",K,36682079.16,Bhangal,36385024.74,5.5,4,NE,33725298.44,13,50000000
"'Bhaisepati, L'",L,33467802.12,Bhaisepati,41013560.42,4.3,6,SE,37959390.61,20,39000000
"'Imadol, L'",L,33467802.12,Imadol,34591056.73,4.1,7,E,36403707.15,13,38000000
"'Imadol, L'",L,33467802.12,Imadol,34591056.73,3.2,8,E,36403707.15,13,32500000
"'Kumaripati, L'",L,33467802.12,Kumaripati,33379820.11,4.2,8,SW,33039133.52,8,32500000
"'Sital Height, L'",L,33467802.12,Sital Height,33583901.06,3.2,5,N,32763770.05,13,29000000
"'Sanobharyang, K'",K,36682079.16,Sanobharyang,36526732.64,4.1,6,SW,33039133.52,14,39000000
"'Dibyeshwori, B'",B,29573874.67,Dibyeshwori,29573874.67,3.1,7,W,34071065.83,20,32500000
"'Shantinagar, K'",K,36682079.16,Shantinagar,38901732.64,5.5,9,E,36403707.15,20,60000000
"'Balkot, B'",B,29573874.67,Balkot,31347812.38,5,9,SE,37959390.61,20,37500000
"'Kapan, K'",K,36682079.16,Kapan,32471238.82,3,7,SE,37959390.61,13,24500000
"'Imadol, L'",L,33467802.12,Imadol,34591056.73,4.2,7,E,36403707.15,20,44000000
"'Naikap, K'",K,36682079.16,Naikap,33678522.43,3,7,E,36403707.15,13,25500000
"'Bhaisepati, L'",L,33467802.12,Bhaisepati,41013560.42,4.2,8,E,36403707.15,13,32000000
"'Imadol, L'",L,33467802.12,Imadol,34591056.73,4.2,8,S,32636997.24,13,28900000
"'Manmaiju, K'",K,36682079.16,Manmaiju,36301890.15,3.2,7,S,32636997.24,16,26500000
"'Thulobharyang, K'",K,36682079.16,Thulobharyang,37210981.06,5.5,8,NE,33725298.44,11,50000000
"'Baneshwor, K'",K,36682079.16,Baneshwor,40487199.4,4,5,S,32636997.24,14,44000000
"'Tikathali, L'",L,33467802.12,Tikathali,29599710.81,4,3,E,36403707.15,14,32500000
"'Imadol, L'",L,33467802.12,Imadol,34591056.73,4,5,SW,33039133.52,13,37500000
"'Guheshwori, K'",K,36682079.16,Guheshwori,35401732.64,2.04,5,N,32763770.05,13,28000000
"'Kapan, K'",K,36682079.16,Kapan,32471238.82,4.5,6,E,36403707.15,13,35000000
"'Dadhikot, B'",B,29573874.67,Dadhikot,31015916.45,4.75,7,E,36403707.15,13,32000000
"'Tangal, K'",K,36682079.16,Tangal,39256435.6,7.2,5,N,32763770.05,16,65000000
"'Sukedhara, K'",K,36682079.16,Sukedhara,36990043.98,2.5,3,S,32636997.24,20,25000000
"'Imadol, L'",L,33467802.12,Imadol,34591056.73,4,7,E,36403707.15,16,32500000
"'Gyaneshwor, K'",K,36682079.16,Gyaneshwor,36682079.16,6,6,S,32636997.24,14,57000000
"'Imadol, L'",L,33467802.12,Imadol,34591056.73,4,7,N,32763770.05,18,39500000
"'Bhangal, K'",K,36682079.16,Bhangal,36385024.74,3.5,4,SW,33039133.52,13,25000000
"'Balaju, K'",K,36682079.16,Balaju,36074617.42,2.3,3,W,34071065.83,14,30000000
"'kalanki, K'",K,36682079.16,Kalanki,39569515.35,2.5,3,SE,37959390.61,13,32000000
"'Shantinagar, K'",K,36682079.16,Shantinagar,38901732.64,3,6,S,32636997.24,10,42500000
"'Imadol, L'",L,33467802.12,Imadol,34591056.73,4,5,N,32763770.05,13,39000000
"'Imadol, L'",L,33467802.12,Imadol,34591056.73,6.3,6,N,32763770.05,13,38000000
"'Imadol, L'",L,33467802.12,Imadol,34591056.73,3.1,8,E,36403707.15,13,25000000
"'Gatthaghar, B'",B,29573874.67,Gatthaghar,29264921.67,3.5,14,NW,32684090.91,13,25000000
"'Chunikhel, K'",K,36682079.16,Chunikhel,36001155.09,4.2,6,NE,33725298.44,13,45000000
"'Kusunti, L'",L,33467802.12,Kusunti,35398309.33,8,6,E,36403707.15,26,48000000
"'Gatthaghar, B'",B,29573874.67,Gatthaghar,29264921.67,3,8,E,36403707.15,13,36000000
"'Dhumbarahi, K'",K,36682079.16,Dhumbarahi,37882549.48,6,9,S,32636997.24,11,70000000
"'Sanagaun, L'",L,33467802.12,Sanagaun,29003901.06,3.1,5,S,32636997.24,13,27000000
"'Imadol, L'",L,33467802.12,Imadol,34591056.73,5,2,E,36403707.15,26,72500000
"'Sukedhara, K'",K,36682079.16,Sukedhara,36990043.98,4,4,E,36403707.15,20,47500000
"'Gatthaghar, B'",B,29573874.67,Gatthaghar,29264921.67,3.2,8,E,36403707.15,14,32000000
"'Shantinagar, K'",K,36682079.16,Shantinagar,38901732.64,4,11,S,32636997.24,10,42500000
"'Imadol, L'",L,33467802.12,Imadol,34591056.73,3.3,8,NE,33725298.44,13,36500000
"'Imadol, L'",L,33467802.12,Imadol,34591056.73,4,7,W,34071065.83,13,21500000
"'Baniyatar, K'",K,36682079.16,Baniyatar,36521386.11,4.1,9,E,36403707.15,13,38000000
"'Baniyatar, K'",K,36682079.16,Baniyatar,36521386.11,4,7,W,34071065.83,13,30000000
"'Pahelopul, K'",K,36682079.16,Pahelopul,36847344.7,4,13,S,32636997.24,20,38500000
"'Kalanki, K'",K,36682079.16,Kalanki,39569515.35,6,10,S,32636997.24,13,42500000
"'Kapan, K'",K,36682079.16,Kapan,32471238.82,5,6,SE,37959390.61,13,38000000
"'Manohara, B'",B,29573874.67,Manohara,29573874.67,4.3,4,E,36403707.15,20,42000000
"'Sitapaila, K'",K,36682079.16,Sitapaila,35016883.77,4,3,S,32636997.24,16,45000000
"'Sukedhara, K'",K,36682079.16,Sukedhara,36990043.98,5.48,6,N,32763770.05,12,42500000
"'Kuleshwor, K'",K,36682079.16,Kuleshwor,38801890.15,8.5,7,W,34071065.83,16,80000000
"'Sitapaila, K'",K,36682079.16,Sitapaila,35016883.77,3,5,E,36403707.15,13,28000000
"'Sitapaila, K'",K,36682079.16,Sitapaila,35016883.77,3.5,6,E,36403707.15,13,25000000
"'Kalanki, K'",K,36682079.16,Kalanki,39569515.35,3,5,E,36403707.15,13,28000000
"'Swayambhu, K'",K,36682079.16,Swayambhu,35735065.97,5.25,13,N,32763770.05,13,80000000
"'Kalanki, K'",K,36682079.16,Kalanki,39569515.35,10,7,E,36403707.15,13,60000000
"'Bhaisepati, L'",L,33467802.12,Bhaisepati,41013560.42,4.43,4,SE,37959390.61,20,41500000
"'Dhapasi, K'",K,36682079.16,Dhapasi,37755445.51,8,5,E,36403707.15,13,75500000
"'Sunakothi, L'",L,33467802.12,Sunakothi,34931501.77,3.75,5,NE,33725298.44,13,37500000
"'Sunakothi, L'",L,33467802.12,Sunakothi,34931501.77,3.12,4,SE,37959390.61,13,31500000
"'Mulpani, K'",K,36682079.16,Mulpani,35301299.48,3,7,SE,37959390.61,13,23500000
"'Kapan, K'",K,36682079.16,Kapan,32471238.82,4,6,SE,37959390.61,14,37500000
"'Tikathali, L'",L,33467802.12,Tikathali,29599710.81,3.25,5,N,32763770.05,13,33500000
"'Bhangal, K'",K,36682079.16,Bhangal,36385024.74,4.06,6,NE,33725298.44,13,34500000
"'Naxal, K'",K,36682079.16,Naxal,43140060.9,7.75,10,SW,33039133.52,21,58000000
"'Tahachal, K'",K,36682079.16,Tahachal,35256435.6,2.75,3,E,36403707.15,11,21000000
"'Budhanilkantha, K'",K,36682079.16,Budhanilkantha,41206415.83,4,6,SW,33039133.52,13,29500000
"'Naikap, K'",K,36682079.16,Naikap,33678522.43,3,7,E,36403707.15,13,23000000
"'Baluwatar, K'",K,36682079.16,Baluwatar,40801299.48,7.75,10,S,32636997.24,20,11000000
"'Tikathali, L'",L,33467802.12,Tikathali,29599710.81,3.37,6,W,34071065.83,14,27500000
"'Golfutar, K'",K,36682079.16,Golfutar,39130056.55,4.5,8,SE,37959390.61,13,35000000
"'Imadol, L'",L,33467802.12,Imadol,34591056.73,2.5,5,W,34071065.83,13,21000000
"'Battisputali, K'",K,36682079.16,Battisputali,39832368.59,4.75,12,E,36403707.15,19,69000000
"'Tikathali, L'",L,33467802.12,Tikathali,29599710.81,4,6,NE,33725298.44,13,42500000
"'Tikathali, L'",L,33467802.12,Tikathali,29599710.81,4,6,SE,37959390.61,13,45000000
"'Newroad, K'",K,36682079.16,Newroad,36682079.16,1,9,N,32763770.05,12,35000000
"'Dhumbarahi, K'",K,36682079.16,Dhumbarahi,37882549.48,3.5,6,S,32636997.24,11,25000000
"'Guheshwori, K'",K,36682079.16,Guheshwori,35401732.64,4,4,SW,33039133.52,12,30000000
"'Mahankal, K'",K,36682079.16,Mahankal,37665526.51,3.5,9,NE,33725298.44,15,33000000
"'Tokha, K'",K,36682079.16,Tokha,32918811.87,3.37,6,E,36403707.15,13,28500000
"'Jorpati, K'",K,36682079.16,Jorpati,33048281.86,3,3,W,34071065.83,13,29000000
"'Mulpani, K'",K,36682079.16,Mulpani,35301299.48,5,4,NW,32684090.91,20,50000000
"'Ravi Bhawan, K'",K,36682079.16,Ravi Bhawan,36568399.3,3.75,6,SE,37959390.61,4,22000000
"'Syuchatar, K'",K,36682079.16,Syuchatar,33842399.51,4,6,NE,33725298.44,10,27500000
"'Tokha, K'",K,36682079.16,Tokha,32918811.87,6,5,E,36403707.15,26,52500000
"'Tokha, K'",K,36682079.16,Tokha,32918811.87,3,5,NE,33725298.44,10,27000000
"'Imadol, L'",L,33467802.12,Imadol,34591056.73,4.5,6,NE,33725298.44,13,47500000
"'Imadol, L'",L,33467802.12,Imadol,34591056.73,3,6,NW,32684090.91,13,27500000
"'Imadol, L'",L,33467802.12,Imadol,34591056.73,3.75,7,NE,33725298.44,13,29500000
"'New Baneshwor, K'",K,36682079.16,New Baneshwor,35818399.3,3.5,6,E,36403707.15,10,36000000
"'Sipadol, B'",B,29573874.67,Sipadol,28385340.61,3,5,S,32636997.24,13,16500000
"'Mandikatar, K'",K,36682079.16,Mandikatar,35621386.11,3,5,SE,37959390.61,13,26000000
"'Tikathali, L'",L,33467802.12,Tikathali,29599710.81,3.75,6,S,32636997.24,13,31000000
"'Tokha, K'",K,36682079.16,Tokha,32918811.87,3.5,6,SE,37959390.61,10,25000000
"'Lubhu, L'",L,33467802.12,Lubhu,24974215.04,2.75,4,W,34071065.83,10,18000000
"'Changathali, L'",L,33467802.12,Changathali,32970729.2,5.5,7,NE,33725298.44,13,28000000
"'Sudal, B'",B,29573874.67,Sudal,27353228.89,4,2,S,32636997.24,13,13500000
"'Boudha, K'",K,36682079.16,Boudha,36880056.55,6,7,E,36403707.15,14,50000000
"'Kapan, K'",K,36682079.16,Kapan,32471238.82,3,3,S,32636997.24,13,16500000
"'Tokha, K'",K,36682079.16,Tokha,32918811.87,3.62,5,S,32636997.24,10,48000000
"'Imadol, L'",L,33467802.12,Imadol,34591056.73,3,5,W,34071065.83,16,27000000
"'Tikathali, L'",L,33467802.12,Tikathali,29599710.81,3.75,2,NE,33725298.44,13,18500000
"'Tikathali, L'",L,33467802.12,Tikathali,29599710.81,9.25,6,W,34071065.83,16,97500000
"'Chandol, K'",K,36682079.16,Chandol,37529162.88,6.5,4,W,34071065.83,12,82500000
"'Tikathali, L'",L,33467802.12,Tikathali,29599710.81,3.5,7,SW,33039133.52,13,28000000
"'Bhangal, K'",K,36682079.16,Bhangal,36385024.74,3.45,9,W,34071065.83,20,21000000
"'Lubhu, L'",L,33467802.12,Lubhu,24974215.04,2.75,3,S,32636997.24,13,12000000
"'Lubhu, L'",L,33467802.12,Lubhu,24974215.04,2.91,6,S,32636997.24,13,20000000
"'Makalbari, K'",K,36682079.16,Makalbari,35776732.64,3.5,4,NE,33725298.44,16,27500000
"'Tikathali, L'",L,33467802.12,Tikathali,29599710.81,3,8,S,32636997.24,13,31000000
"'Samakhusi, K'",K,36682079.16,Samakhusi,41216983.97,9.5,7,E,36403707.15,14,74500000
"'Machapokhari, K'",K,36682079.16,Machapokhari,35801890.15,3.5,11,S,32636997.24,10,27000000
"'Tikathali, L'",L,33467802.12,Tikathali,29599710.81,3.25,5,S,32636997.24,13,33500000
"'Budhanilkantha, K'",K,36682079.16,Budhanilkantha,41206415.83,3,2,SW,33039133.52,13,17500000
"'Bhaisepati, L'",L,33467802.12,Bhaisepati,41013560.42,2.5,3,W,34071065.83,13,25000000
"'Bhaisepati, L'",L,33467802.12,Bhaisepati,41013560.42,3.5,3,W,34071065.83,13,25000000
"'Bode, B'",B,29573874.67,Bode,28612613.34,4,4,S,32636997.24,13,16500000
"'Lubhu, L'",L,33467802.12,Lubhu,24974215.04,3.75,4,SE,37959390.61,13,29900000
"'Budhanilkantha, K'",K,36682079.16,Budhanilkantha,41206415.83,6,6,E,36403707.15,14,57500000
"'Tokha, K'",K,36682079.16,Tokha,32918811.87,3,5,W,34071065.83,13,31500000
"'Old Baneshwor, K'",K,36682079.16,Old Baneshwor,39318399.3,2.75,8,W,34071065.83,20,35000000
"'Golfutar, K'",K,36682079.16,Golfutar,39130056.55,8.5,8,SW,33039133.52,13,59500000
"'Sanothimi, B'",B,29573874.67,Sanothimi,32258671.67,5,6,S,32636997.24,13,39900000
"'Tikathali, L'",L,33467802.12,Tikathali,29599710.81,2.75,7,NE,33725298.44,13,21500000
"'Basantapur, K'",K,36682079.16,Basantapur,36529162.88,1.87,3,N,32763770.05,15,35000000
"'Sukedhara, K'",K,36682079.16,Sukedhara,36990043.98,2.68,13,E,36403707.15,32,63000000
"'Dhumbarahi, K'",K,36682079.16,Dhumbarahi,37882549.48,4,12,N,32763770.05,13,47800000
"'Sukedhara, K'",K,36682079.16,Sukedhara,36990043.98,5,5,SW,33039133.52,18,55000000
"'Kharipati, B'",B,29573874.67,Kharipati,28476249.7,3.87,3,S,32636997.24,20,17500000
"'Kapan, K'",K,36682079.16,Kapan,32471238.82,3.5,14,NE,33725298.44,26,40000000
"'Suryabinayak, B'",B,29573874.67,Suryabinayak,27012565.62,5,6,W,34071065.83,13,35000000
"'Suryabinayak, B'",B,29573874.67,Suryabinayak,27012565.62,8.31,5,NW,32684090.91,40,41500000
"'Budhanilkantha, K'",K,36682079.16,Budhanilkantha,41206415.83,7,5,SE,37959390.61,13,36000000
"'Suryabinayak, B'",B,29573874.67,Suryabinayak,27012565.62,4,6,S,32636997.24,13,24000000
"'Bhangal, K'",K,36682079.16,Bhangal,36385024.74,4,6,W,34071065.83,13,37500000
"'Lubhu, L'",L,33467802.12,Lubhu,24974215.04,2.75,2,W,34071065.83,13,16000000
"'Tikathali, L'",L,33467802.12,Tikathali,29599710.81,3.5,7,E,36403707.15,13,29000000
"'Lubhu, L'",L,33467802.12,Lubhu,24974215.04,2.5,4,W,34071065.83,13,17000000
"'Tikathali, L'",L,33467802.12,Tikathali,29599710.81,4,8,S,32636997.24,13,32500000
"'Kapan, K'",K,36682079.16,Kapan,32471238.82,4,7,E,36403707.15,13,46000000
"'Swayambhu, K'",K,36682079.16,Swayambhu,35735065.97,4.5,7,NE,33725298.44,13,33000000
"'Kuleshwor, K'",K,36682079.16,Kuleshwor,38801890.15,10.5,4,W,34071065.83,10,80000000
"'Imadol, L'",L,33467802.12,Imadol,34591056.73,3.75,6,NE,33725298.44,16,41000000
"'Tinkune, K'",K,36682079.16,Tinkune,36682079.16,8.5,13,E,36403707.15,13,78000000
"'Tokha, K'",K,36682079.16,Tokha,32918811.87,4,7,E,36403707.15,13,35000000
"'Imadol, L'",L,33467802.12,Imadol,34591056.73,3.5,5,NW,32684090.91,13,38000000
"'Imadol, L'",L,33467802.12,Imadol,34591056.73,3.75,6,SE,37959390.61,13,43000000
"'Imadol, L'",L,33467802.12,Imadol,34591056.73,3.25,5,SE,37959390.61,20,32500000
"'Tikathali, L'",L,33467802.12,Tikathali,29599710.81,3.25,7,W,34071065.83,20,26000000
"'Budhanilkantha, K'",K,36682079.16,Budhanilkantha,41206415.83,6.25,6,SE,37959390.61,13,58500000
"'Budhanilkantha, K'",K,36682079.16,Budhanilkantha,41206415.83,4,6,W,34071065.83,13,36000000
"'Budhanilkantha, K'",K,36682079.16,Budhanilkantha,41206415.83,9,8,SE,37959390.61,26,75000000
"'Imadol, L'",L,33467802.12,Imadol,34591056.73,3,5,SE,37959390.61,13,27500000
"'Budhanilkantha, K'",K,36682079.16,Budhanilkantha,41206415.83,5,6,NE,33725298.44,20,42500000
"'Budhanilkantha, K'",K,36682079.16,Budhanilkantha,41206415.83,3.5,7,E,36403707.15,13,31000000
"'Budhanilkantha, K'",K,36682079.16,Budhanilkantha,41206415.83,4.06,4,W,34071065.83,20,46000000
"'Kapan, K'",K,36682079.16,Kapan,32471238.82,4,2,E,36403707.15,13,18500000
"'Maharajgunj, K'",K,36682079.16,Maharajgunj,46772913.69,4.5,6,S,32636997.24,12,55000000
"'Sitapaila, K'",K,36682079.16,Sitapaila,35016883.77,4,4,SE,37959390.61,13,32500000
"'Tikathali, L'",L,33467802.12,Tikathali,29599710.81,3.06,5,SW,33039133.52,13,25000000
"'Budhanilkantha, K'",K,36682079.16,Budhanilkantha,41206415.83,4,4,NE,33725298.44,14,39000000
"'Mulpani, K'",K,36682079.16,Mulpani,35301299.48,3,6,S,32636997.24,13,25500000
"'Dhaneshwor, K'",K,36682079.16,Dhaneshwor,34058627.97,3.5,6,SW,33039133.52,10,25000000
"'Bafal, K'",K,36682079.16,Bafal,36301890.15,4.25,6,E,36403707.15,13,32500000
"'Budhanilkantha, K'",K,36682079.16,Budhanilkantha,41206415.83,3.5,6,W,34071065.83,13,35000000
"'Kapan, K'",K,36682079.16,Kapan,32471238.82,3,8,SE,37959390.61,13,19000000
"'Gothatar, K'",K,36682079.16,Gothatar,30072418.65,4,6,SE,37959390.61,20,33000000
"'Mulpani, K'",K,36682079.16,Mulpani,35301299.48,3.5,6,S,32636997.24,13,27000000
"'Kalanki, K'",K,36682079.16,Kalanki,39569515.35,3,4,S,32636997.24,13,26500000
"'Dholahiti, L'",L,33467802.12,Dholahiti,35431501.77,10,4,SE,37959390.61,20,82500000
"'Ramkot, K'",K,36682079.16,Ramkot,35210981.06,3.5,3,NE,33725298.44,15,20500000
"'Dallu, K'",K,36682079.16,Dallu,38009291.67,3.75,8,E,36403707.15,22,58000000
"'Gothatar, K'",K,36682079.16,Gothatar,30072418.65,5.25,2,E,36403707.15,13,19000000
"'Basundhara, K'",K,36682079.16,Basundhara,36756435.6,3.93,5,W,34071065.83,13,37500000
"'Boudha, K'",K,36682079.16,Boudha,36880056.55,2.5,15,S,32636997.24,11,17000000
"'Tripureshwor, K'",K,36682079.16,Tripureshwor,36682079.16,1.75,10,S,32636997.24,32,40000000
"'Koteshwor, K'",K,36682079.16,Koteshwor,37235065.97,3.5,13,W,34071065.83,16,35000000
"'Koteshwor, K'",K,36682079.16,Koteshwor,37235065.97,4,10,E,36403707.15,16,45000000
"'Budhanilkantha, K'",K,36682079.16,Budhanilkantha,41206415.83,6,5,SW,33039133.52,13,56500000
"'Jorpati, K'",K,36682079.16,Jorpati,33048281.86,3.5,8,E,36403707.15,22,32500000
"'Mulpani, K'",K,36682079.16,Mulpani,35301299.48,8,7,E,36403707.15,20,40000000
"'Baluwatar, K'",K,36682079.16,Baluwatar,40801299.48,2.5,4,W,34071065.83,30,29500000
"'Budhanilkantha, K'",K,36682079.16,Budhanilkantha,41206415.83,4.5,6,E,36403707.15,13,43000000
"'Imadol, L'",L,33467802.12,Imadol,34591056.73,4.31,6,E,36403707.15,13,30000000
"'Radhe Radhe, B'",B,29573874.67,Radhe Radhe,30215916.45,5.37,7,SW,33039133.52,20,39000000
"'Madhyapur Thimi, B'",B,29573874.67,Madhyapur Thimi,29021704.24,3.25,4,SW,33039133.52,20,23500000
"'Sallaghari, B'",B,29573874.67,Sallaghari,27695624.76,3.75,13,SE,37959390.61,20,30000000
"'Sanothimi, B'",B,29573874.67,Sanothimi,32258671.67,3,5,N,32763770.05,20,29000000
"'Nayabazar, K'",K,36682079.16,Nayabazar,37801890.15,4.62,7,E,36403707.15,20,49000000
"'Battisputali, K'",K,36682079.16,Battisputali,39832368.59,3.93,5,E,36403707.15,14,40000000
"'Budhanilkantha, K'",K,36682079.16,Budhanilkantha,41206415.83,3,5,S,32636997.24,13,28500000
"'Tokha, K'",K,36682079.16,Tokha,32918811.87,6,8,W,34071065.83,16,57000000
"'Pepsicola, K'",K,36682079.16,Pepsicola,36783575.98,3.87,6,W,34071065.83,20,29500000
"'Tikathali, L'",L,33467802.12,Tikathali,29599710.81,2.93,2,S,32636997.24,13,16000000
"'Tikathali, L'",L,33467802.12,Tikathali,29599710.81,3.5,8,N,32763770.05,13,28000000
"'Tokha, K'",K,36682079.16,Tokha,32918811.87,8.75,3,SE,37959390.61,14,52500000
"'Chandol, K'",K,36682079.16,Chandol,37529162.88,5.75,4,E,36403707.15,8,46000000
"'Duwakot, B'",B,29573874.67,Duwakot,28324196.19,5,6,NW,32684090.91,20,31000000
"'Tikathali, L'",L,33467802.12,Tikathali,29599710.81,4.5,5,S,32636997.24,13,45000000
"'Imadol, L'",L,33467802.12,Imadol,34591056.73,4.5,6,SE,37959390.61,13,48000000
"'Kalanki, K'",K,36682079.16,Kalanki,39569515.35,3.5,11,S,32636997.24,13,41000000
"'Sanepa, L'",L,33467802.12,Sanepa,39513693.94,3,6,S,32636997.24,13,36000000
"'Sudal, B'",B,29573874.67,Sudal,27353228.89,3,8,NW,32684090.91,13,19000000
"'Koteshwor, K'",K,36682079.16,Koteshwor,37235065.97,3.93,8,W,34071065.83,13,45000000
"'Hattigauda, K'",K,36682079.16,Hattigauda,36045599.54,2.5,5,E,36403707.15,20,25000000
"'Syuchatar, K'",K,36682079.16,Syuchatar,33842399.51,3.5,5,N,32763770.05,13,28500000
"'Syuchatar, K'",K,36682079.16,Syuchatar,33842399.51,3,5,SE,37959390.61,13,28000000
"'Koteshwor, K'",K,36682079.16,Koteshwor,37235065.97,2.5,4,W,34071065.83,20,26500000
"'Imadol, L'",L,33467802.12,Imadol,34591056.73,3.5,5,SE,37959390.61,13,29800000
"'Budhanilkantha, K'",K,36682079.16,Budhanilkantha,41206415.83,5,4,E,36403707.15,13,45000000
"'Sanogaun, L'",L,33467802.12,Sanogaun,33129078.56,2.5,5,S,32636997.24,8,17500000
"'Mandikatar, K'",K,36682079.16,Mandikatar,35621386.11,3,3,W,34071065.83,4,14000000
"'Chunikhel, K'",K,36682079.16,Chunikhel,36001155.09,2.87,5,SW,33039133.52,12,23000000
"'Sanogaun, L'",L,33467802.12,Sanogaun,33129078.56,4.25,5,SE,37959390.61,24,30000000
"'Dallu, K'",K,36682079.16,Dallu,38009291.67,6.62,7,SE,37959390.61,8,39500000
"'Jadibuti, K'",K,36682079.16,Jadibuti,36892799.24,5,8,E,36403707.15,20,39000000
"'Budhanilkantha, K'",K,36682079.16,Budhanilkantha,41206415.83,5,4,SE,37959390.61,20,42500000
"'Chundevi, K'",K,36682079.16,Chundevi,38347344.7,6.25,5,E,36403707.15,20,59000000
"'Godawari, L'",L,33467802.12,Godawari,30611868.08,5,5,SE,37959390.61,20,33000000
"'Sirutar, B'",B,29573874.67,Sirutar,28394895.56,3,4,SE,37959390.61,13,23000000
"'Balkot, B'",B,29573874.67,Balkot,31347812.38,8,7,NE,33725298.44,16,55000000
"'Mulpani, K'",K,36682079.16,Mulpani,35301299.48,6,5,E,36403707.15,26,65000000
"'Palase, B'",B,29573874.67,Palase,30658067.88,8.31,5,NW,32684090.91,40,41500000
"'Boudha, K'",K,36682079.16,Boudha,36880056.55,8.5,7,E,36403707.15,13,75000000
"'Swayambhu, K'",K,36682079.16,Swayambhu,35735065.97,3,6,E,36403707.15,13,29000000
"'Thulobharyang, K'",K,36682079.16,Thulobharyang,37210981.06,3,3,N,32763770.05,20,42500000
"'Budhanilkantha, K'",K,36682079.16,Budhanilkantha,41206415.83,3.25,4,N,32763770.05,13,28500000
"'Sukedhara, K'",K,36682079.16,Sukedhara,36990043.98,3.25,7,W,34071065.83,11,25000000
"'Bhaisepati, L'",L,33467802.12,Bhaisepati,41013560.42,4.25,4,SW,33039133.52,13,40000000
"'Guheshwori, K'",K,36682079.16,Guheshwori,35401732.64,3,12,N,32763770.05,13,25000000
"'Jorpati, K'",K,36682079.16,Jorpati,33048281.86,3,8,S,32636997.24,13,21500000
"'Kapan, K'",K,36682079.16,Kapan,32471238.82,3.37,5,SE,37959390.61,13,39500000
"'Kapan, K'",K,36682079.16,Kapan,32471238.82,2.5,8,NW,32684090.91,22,20000000
"'Kapan, K'",K,36682079.16,Kapan,32471238.82,4.87,6,W,34071065.83,13,37500000
"'Ghattekulo, K'",K,36682079.16,Ghattekulo,36801890.15,3.25,13,E,36403707.15,13,38000000
"'Kapan, K'",K,36682079.16,Kapan,32471238.82,4.87,2,SW,33039133.52,13,19000000
"'Tikathali, L'",L,33467802.12,Tikathali,29599710.81,3,2,SE,37959390.61,13,15500000
"'Baneshwor, K'",K,36682079.16,Baneshwor,40487199.4,6.5,5,S,32636997.24,10,61000000
"'Budhanilkantha, K'",K,36682079.16,Budhanilkantha,41206415.83,4,6,E,36403707.15,13,34000000
"'Buddhanagar, K'",K,36682079.16,Buddhanagar,37438253.79,3.56,7,SE,37959390.61,12,45000000
"'Thecho, L'",L,33467802.12,Thecho,33014835.1,4,4,E,36403707.15,20,36500000
"'Basundhara, K'",K,36682079.16,Basundhara,36756435.6,6,4,W,34071065.83,20,60000000
"'Tokha, K'",K,36682079.16,Tokha,32918811.87,3.5,6,SE,37959390.61,13,27500000
"'Bhaisepati, L'",L,33467802.12,Bhaisepati,41013560.42,4.5,4,NW,32684090.91,13,40000000
"'Godawari, L'",L,33467802.12,Godawari,30611868.08,6.5,7,N,32763770.05,20,32000000
"'Budhanilkantha, K'",K,36682079.16,Budhanilkantha,41206415.83,4.5,6,NW,32684090.91,13,43000000
"'Budhanilkantha, K'",K,36682079.16,Budhanilkantha,41206415.83,4.5,6,N,32763770.05,15,43500000
"'Pasikot, K'",K,36682079.16,Pasikot,38020049.48,3,3,NE,33725298.44,13,30000000
"'Budhanilkantha, K'",K,36682079.16,Budhanilkantha,41206415.83,7,6,W,34071065.83,13,59000000
"'Pasikot, K'",K,36682079.16,Pasikot,38020049.48,5,6,NE,33725298.44,13,36000000
"'Hattigauda, K'",K,36682079.16,Hattigauda,36045599.54,8,8,E,36403707.15,13,35000000
"'Imadol, L'",L,33467802.12,Imadol,34591056.73,4.25,7,NW,32684090.91,16,39500000
"'Sanothimi, B'",B,29573874.67,Sanothimi,32258671.67,3.75,3,NE,33725298.44,13,22000000
"'Maharajgunj, K'",K,36682079.16,Maharajgunj,46772913.69,9,10,E,36403707.15,12,85000000
"'Samakhusi, K'",K,36682079.16,Samakhusi,41216983.97,3,12,NE,33725298.44,13,27000000
"'Dillibazar, K'",K,36682079.16,Dillibazar,41610065.97,6,12,E,36403707.15,8,72500000
"'Kirtipur, K'",K,36682079.16,Kirtipur,36847344.7,5,5,N,32763770.05,13,38500000
"'Tikathali, L'",L,33467802.12,Tikathali,29599710.81,3.5,6,SE,37959390.61,13,31000000
"'Kalanki, K'",K,36682079.16,Kalanki,39569515.35,4,10,S,32636997.24,26,37500000
"'TIkathali, L'",L,33467802.12,Tikathali,29599710.81,3,6,NE,33725298.44,13,23000000
"'Battisputali, K'",K,36682079.16,Battisputali,39832368.59,5,9,SW,33039133.52,13,42000000
"'Tokha, K'",K,36682079.16,Tokha,32918811.87,2.5,3,E,36403707.15,13,18000000
"'Kadaghari, K'",K,36682079.16,Kadaghari,32101386.11,3,3,SW,33039133.52,13,22000000
"'Godawari, L'",L,33467802.12,Godawari,30611868.08,4.5,6,NW,32684090.91,20,27000000
"'Sanepa, L'",L,33467802.12,Sanepa,39513693.94,10.5,5,S,32636997.24,18,85000000
"'Baghbazzar, K'",K,36682079.16,Baghbazzar,37438253.79,3.5,6,N,32763770.05,6,45000000
"'Budhanilkantha, K'",K,36682079.16,Budhanilkantha,41206415.83,3.5,3,W,34071065.83,13,22500000
"'Budhanilkantha, K'",K,36682079.16,Budhanilkantha,41206415.83,3.5,5,E,36403707.15,13,27500000
"'Kapan, K'",K,36682079.16,Kapan,32471238.82,4.5,6,NE,33725298.44,13,40000000
"'Balkot, B'",B,29573874.67,Balkot,31347812.38,5,2,E,36403707.15,20,30000000
"'Kapan, K'",K,36682079.16,Kapan,32471238.82,3,5,SW,33039133.52,24,28500000
"'Maitidevi, K'",K,36682079.16,Maitidevi,34151732.64,1.75,8,SE,37959390.61,12,19000000
"'Narephant, K'",K,36682079.16,Narephant,36682079.16,2.5,6,SW,33039133.52,20,28000000
"'Budhanilkantha, K'",K,36682079.16,Budhanilkantha,41206415.83,3.25,6,E,36403707.15,13,28000000
"'Suryabinayak, B'",B,29573874.67,Suryabinayak,27012565.62,2.81,11,S,32636997.24,13,17500000
"'Budhanilkantha, K'",K,36682079.16,Budhanilkantha,41206415.83,8,4,NE,33725298.44,13,48000000
"'Budhanilkantha, K'",K,36682079.16,Budhanilkantha,41206415.83,4.5,3,W,34071065.83,16,46000000
"'Imadol, L'",L,33467802.12,Imadol,34591056.73,3.5,10,S,32636997.24,13,25500000
"'Imadol, L'",L,33467802.12,Imadol,34591056.73,3,4,NW,32684090.91,13,23500000
"'Dadhikot, B'",B,29573874.67,Dadhikot,31015916.45,3.5,6,W,34071065.83,13,25000000
"'Budhanilkantha, K'",K,36682079.16,Budhanilkantha,41206415.83,5.5,5,W,34071065.83,13,49000000
"'Lubhu, L'",L,33467802.12,Lubhu,24974215.04,3.31,2,NE,33725298.44,13,16500000
"'Imadol, L'",L,33467802.12,Imadol,34591056.73,3.75,5,SW,33039133.52,13,29400000
"'Thamel, K'",K,36682079.16,Thamel,39710981.06,3.5,9,W,34071065.83,20,70000000
"'Jorpati, K'",K,36682079.16,Jorpati,33048281.86,2,15,S,32636997.24,12,17000000
"'Dallu, K'",K,36682079.16,Dallu,38009291.67,5.75,13,S,32636997.24,6,29800000
"'Taukhel, L'",L,33467802.12,Taukhel,32014835.1,4.75,4,S,32636997.24,20,29500000
"'Kapan, K'",K,36682079.16,Kapan,32471238.82,4.5,7,SE,37959390.61,20,42500000
"'Budhanilkantha, K'",K,36682079.16,Budhanilkantha,41206415.83,5,4,N,32763770.05,13,48000000
"'Tokha, K'",K,36682079.16,Tokha,32918811.87,3,5,N,32763770.05,13,23000000
"'Budhanilkantha, K'",K,36682079.16,Budhanilkantha,41206415.83,5,6,NE,33725298.44,13,28000000
"'Harisiddhi, L'",L,33467802.12,Harisiddhi,31794191.49,3,4,N,32763770.05,18,28000000
"'Mid Baneshwor, K'",K,36682079.16,Mid Baneshwor,36983708.33,3.62,9,W,34071065.83,10,40000000
"'Kapan, K'",K,36682079.16,Kapan,32471238.82,8,5,SE,37959390.61,13,75000000
"'Gokarneshwor, K'",K,36682079.16,Gokarneshwor,35620071.97,3.5,6,SW,33039133.52,13,25000000
"'Bhangal, K'",K,36682079.16,Bhangal,36385024.74,4.5,4,E,36403707.15,13,42500000
"'Tikathali, L'",L,33467802.12,Tikathali,29599710.81,3,6,SW,33039133.52,13,21500000
"'Imadol, L'",L,33467802.12,Imadol,34591056.73,5.5,6,E,36403707.15,13,51500000
"'Imadol, L'",L,33467802.12,Imadol,34591056.73,3,5,NE,33725298.44,16,38000000
"'Imadol, L'",L,33467802.12,Imadol,34591056.73,4,5,E,36403707.15,13,37500000
"'Imadol, L'",L,33467802.12,Imadol,34591056.73,5.37,6,SW,33039133.52,20,44500000
"'Old Baneshwor, K'",K,36682079.16,Old Baneshwor,39318399.3,7.76,4,S,32636997.24,10,70000000
"'Imadol, L'",L,33467802.12,Imadol,34591056.73,3.25,5,E,36403707.15,15,30000000
"'Baluwatar, K'",K,36682079.16,Baluwatar,40801299.48,6,4,W,34071065.83,15,72500000
"'Tikathali, L'",L,33467802.12,Tikathali,29599710.81,4,7,NE,33725298.44,22,27500000
"'Thimi, B'",B,29573874.67,Thimi,31133749.75,5,6,E,36403707.15,10,34500000
"'Kapan, K'",K,36682079.16,Kapan,32471238.82,3,5,SW,33039133.52,13,18500000
"'Budhanilkantha, K'",K,36682079.16,Budhanilkantha,41206415.83,3.93,6,N,32763770.05,13,34000000
"'Budhanilkantha, K'",K,36682079.16,Budhanilkantha,41206415.83,4.25,6,N,32763770.05,13,39000000
"'Banasthali, K'",K,36682079.16,Banasthali,41068399.3,8.5,6,SE,37959390.61,13,85000000
"'Imadol, L'",L,33467802.12,Imadol,34591056.73,2.75,9,SW,33039133.52,13,23000000
"'Tarkeshwor, K'",K,36682079.16,Tarkeshwor,32058627.97,6,3,W,34071065.83,22,25500000
"'Jorpati, K'",K,36682079.16,Jorpati,33048281.86,3,7,NW,32684090.91,10,22000000
"'Tikathali, L'",L,33467802.12,Tikathali,29599710.81,4,6,SE,37959390.61,20,37500000
"'Dhapakhel, L'",L,33467802.12,Dhapakhel,35556096.25,5.5,5,W,34071065.83,20,33000000
"'Dhapakhel, L'",L,33467802.12,Dhapakhel,35556096.25,3.5,7,NE,33725298.44,14,18000000
"'Dhapakhel, L'",L,33467802.12,Dhapakhel,35556096.25,3.5,7,NE,33725298.44,14,19000000
"'Jorpati, K'",K,36682079.16,Jorpati,33048281.86,3.5,5,E,36403707.15,10,22500000
"'Koteshwor, K'",K,36682079.16,Koteshwor,37235065.97,5.13,10,NE,33725298.44,20,67500000
"'Tarkeshwor, K'",K,36682079.16,Tarkeshwor,32058627.97,4.06,2,SE,37959390.61,13,17000000
"'Banasthali, K'",K,36682079.16,Banasthali,41068399.3,4,6,SE,37959390.61,13,41000000
"'Bhangal, K'",K,36682079.16,Bhangal,36385024.74,3.75,7,NE,33725298.44,13,36000000
"'Bhangal, K'",K,36682079.16,Bhangal,36385024.74,4.5,6,E,36403707.15,13,31000000
"'Bhangal, K'",K,36682079.16,Bhangal,36385024.74,4,6,W,34071065.83,13,33000000
"'Suryabinayak, B'",B,29573874.67,Suryabinayak,27012565.62,3.25,3,SW,33039133.52,13,21000000
"'Patan, L'",L,33467802.12,Patan,33556501.77,1.25,8,E,36403707.15,13,28000000
"'Samakhusi, K'",K,36682079.16,Samakhusi,41216983.97,5,3,S,32636997.24,12,55100000
"'Syuchatar, K'",K,36682079.16,Syuchatar,33842399.51,4.5,11,W,34071065.83,13,35000000
"'Bhotebahal, K'",K,36682079.16,Bhotebahal,36682079.16,1,9,NE,33725298.44,12,35000000
"'Kumarigal, K'",K,36682079.16,Kumarigal,36074617.42,4,4,SW,33039133.52,12,30000000
"'Jorpati, K'",K,36682079.16,Jorpati,33048281.86,3,6,W,34071065.83,13,29000000
"'Tokha, K'",K,36682079.16,Tokha,32918811.87,3.5,6,SW,33039133.52,10,25000000
"'Samakhusi, K'",K,36682079.16,Samakhusi,41216983.97,6,9,S,32636997.24,13,49500000
"'Bishalnagar, K'",K,36682079.16,Bishalnagar,40620071.97,6.5,4,W,34071065.83,12,82500000
"'Sankhapark, K'",K,36682079.16,Sankhapark,36983708.33,4.9,13,W,34071065.83,16,40000000
"'Sukedhara, K'",K,36682079.16,Sukedhara,36990043.98,3.5,7,E,36403707.15,12,28000000
"'Gumba, K'",K,36682079.16,Gumba,35029162.88,4,2,E,36403707.15,13,18500000
"'Thimi, B'",B,29573874.67,Thimi,31133749.75,3.75,6,W,34071065.83,13,25000000
"'Suryabinayak, B'",B,29573874.67,Suryabinayak,27012565.62,1,7,N,32763770.05,13,18000000
"'Suryabinayak, B'",B,29573874.67,Suryabinayak,27012565.62,4,12,SE,37959390.61,18,25000000
"'Biruwa, B'",B,29573874.67,Biruwa,29573874.67,4.5,4,N,32763770.05,18,13500000
"'Jhaukhel, B'",B,29573874.67,Jhaukhel,27976249.7,3.5,2,W,34071065.83,10,12000000
"'SanoThimi, B'",B,29573874.67,Sanothimi,32258671.67,7,5,E,36403707.15,13,65000000
"'Radhe Radhe, B'",B,29573874.67,Radhe Radhe,30215916.45,4,5,SE,37959390.61,20,26000000
"'Suryabinayak, B'",B,29573874.67,Suryabinayak,27012565.62,3.62,1,N,32763770.05,13,16500000
"'Suryabinayak, B'",B,29573874.67,Suryabinayak,27012565.62,5.5,6,NE,33725298.44,15,30000000
"'Duwakot, B'",B,29573874.67,Duwakot,28324196.19,5.06,11,SE,37959390.61,20,19800000
"'Suryabinayak, B'",B,29573874.67,Suryabinayak,27012565.62,3.5,8,NW,32684090.91,13,24000000
"'Gundu, B'",B,29573874.67,Gundu,27930795.15,3.5,4,S,32636997.24,26,11500000
"'Gamcha, B'",B,29573874.67,Gamcha,29612613.34,5,6,NE,33725298.44,13,30000000
"'Changunarayan, B'",B,29573874.67,Changunarayan,27186562.22,6.25,3,N,32763770.05,4,12000000
"'Changunarayan, B'",B,29573874.67,Changunarayan,27186562.22,2,5,S,32636997.24,4,7000000
"'Radhe Radhe, B'",B,29573874.67,Radhe Radhe,30215916.45,2.5,9,NW,32684090.91,13,15500000
"'Radhe Radhe, B'",B,29573874.67,Radhe Radhe,30215916.45,2.65,7,N,32763770.05,35,23500000
"'Sirutar, B'",B,29573874.67,Sirutar,28394895.56,3.06,4,E,36403707.15,13,22000000
"'SanoThimi, B'",B,29573874.67,Sanothimi,32258671.67,3.4,6,N,32763770.05,13,31500000
"'Kaushaltar, B'",B,29573874.67,Kaushaltar,29573874.67,3.3,7,NW,32684090.91,20,24000000
"'Radhe Radhe, B'",B,29573874.67,Radhe Radhe,30215916.45,3.35,6,W,34071065.83,20,32000000
"'Changunarayan, B'",B,29573874.67,Changunarayan,27186562.22,2.6,7,N,32763770.05,8,18500000
"'Balkot, B'",B,29573874.67,Balkot,31347812.38,3.5,5,NE,33725298.44,12,28000000
"'Gatthaghar, B'",B,29573874.67,Gatthaghar,29264921.67,3.45,3,W,34071065.83,14,21500000
"'Gundu, B'",B,29573874.67,Gundu,27930795.15,4.75,7,W,34071065.83,20,20000000
"'Duwakot, B'",B,29573874.67,Duwakot,28324196.19,4.25,5,N,32763770.05,16,26000000
"'Balkot, B'",B,29573874.67,Balkot,31347812.38,6.31,4,NW,32684090.91,20,42500000
"'Lokanthali, B'",B,29573874.67,Lokanthali,30478228.89,3.5,6,S,32636997.24,20,45000000
"'Thimi, B'",B,29573874.67,Thimi,31133749.75,4,5,W,34071065.83,30,26500000
"'Nekosera, B'",B,29573874.67,Nekosera,31112613.34,4.33,5,E,36403707.15,20,46500000
"'SanoThimi, B'",B,29573874.67,Sanothimi,32258671.67,4.3,8,SW,33039133.52,10,33000000
"'Radhe Radhe, B'",B,29573874.67,Radhe Radhe,30215916.45,3.2,4,SE,37959390.61,26,37000000
"'Lamatar, L'",L,33467802.12,Lamatar,32198001.93,5.5,3,SE,37959390.61,24,19500000
"'Nakhipot, L'",L,33467802.12,Nakhipot,36983053.75,4,7,SE,37959390.61,12,27000000
"'Tikathali, L'",L,33467802.12,Tikathali,29599710.81,3.5,6,N,32763770.05,13,34000000
"'Imadol, L'",L,33467802.12,Imadol,34591056.73,3.5,6,E,36403707.15,13,33000000
"'Sandol, L'",L,33467802.12,Sandol,32061638.29,2.75,4,W,34071065.83,10,18000000
"'Sanagaun, L'",L,33467802.12,Sanagaun,29003901.06,3.5,10,S,32636997.24,13,25500000
"'Sanagaun, L'",L,33467802.12,Sanagaun,29003901.06,3,4,NW,32684090.91,13,23500000
"'Tikathali, L'",L,33467802.12,Tikathali,29599710.81,3.75,5,SW,33039133.52,13,29400000
"'Tikathali, L'",L,33467802.12,Tikathali,29599710.81,3.06,2,NE,33725298.44,13,14000000
"'Godawari, L'",L,33467802.12,Godawari,30611868.08,6.25,6,E,36403707.15,13,19000000
"'Godawari, L'",L,33467802.12,Godawari,30611868.08,4.75,4,S,32636997.24,20,29500000
"'Bojepokhari, L'",L,33467802.12,Bojepokhari,33431501.77,3.25,6,E,36403707.15,12,27500000
"'Godawari, L'",L,33467802.12,Godawari,30611868.08,4.31,5,SW,33039133.52,20,14000000
"'Basukibasti, L'",L,33467802.12,Basukibasti,34016183.75,5.5,12,SE,37959390.61,13,39500000
"'Patan, L'",L,33467802.12,Patan,33556501.77,4,13,NE,33725298.44,20,40000000
"'Thecho, L'",L,33467802.12,Thecho,33014835.1,3.5,5,N,32763770.05,12,25000000
"'Bojepokhari, L'",L,33467802.12,Bojepokhari,33431501.77,4.5,9,NW,32684090.91,13,39000000
"'Bhaisepati, L'",L,33467802.12,Bhaisepati,41013560.42,4.5,4,S,32636997.24,13,45000000
"'Bagdol, L'",L,33467802.12,Bagdol,33467802.12,5,4,NW,32684090.91,10,31500000
"'Bhaisepati, L'",L,33467802.12,Bhaisepati,41013560.42,4,4,SE,37959390.61,18,45500000
"'Lubhu, L'",L,33467802.12,Lubhu,24974215.04,2.812,5,SW,33039133.52,13,18000000
"'Sanogaun, L'",L,33467802.12,Sanogaun,33129078.56,5.25,6,SE,37959390.61,20,48500000
"'Bhaisepati, L'",L,33467802.12,Bhaisepati,41013560.42,3,4,N,32763770.05,10,31000000
"'Sitapakha, L'",L,33467802.12,Sitapakha,31762715.8,4,7,NE,33725298.44,13,30000000
"'Bhaisepati, L'",L,33467802.12,Bhaisepati,41013560.42,4,4,E,36403707.15,20,42500000
"'Bhaisepati, L'",L,33467802.12,Bhaisepati,41013560.42,4.687,4,S,32636997.24,20,45000000
"'Nakhipot, L'",L,33467802.12,Nakhipot,36983053.75,4,4,NE,33725298.44,20,30000000
"'Dhapakhel, L'",L,33467802.12,Dhapakhel,35556096.25,2.9,4,W,34071065.83,10,28000000
"'Sanepa, L'",L,33467802.12,Sanepa,39513693.94,5,6,N,32763770.05,13,58000000
"'Satdobato, L'",L,33467802.12,Satdobato,33014835.1,3.3,8,E,36403707.15,10,20000000
"'Satdobato, L'",L,33467802.12,Satdobato,33014835.1,4.3,8,E,36403707.15,9,36000000
"'Sunakothi, L'",L,33467802.12,Sunakothi,34931501.77,5,6,E,36403707.15,20,47000000
"'Sainbu, L'",L,33467802.12,Sainbu,32925274.66,3.75,5,W,34071065.83,13,27500000
"'Tokha, K'",K,36682079.16,Tokha,32918811.87,4,7,W,34071065.83,13,35000000
"'Tarkeshwor, K'",K,36682079.16,Tarkeshwor,32058627.97,3.5,6,SE,37959390.61,13,23500000
"'Tarkeshwor, K'",K,36682079.16,Tarkeshwor,32058627.97,4,5,NW,32684090.91,16,18000000
"'Tarkeshwor, K'",K,36682079.16,Tarkeshwor,32058627.97,3.25,2,E,36403707.15,16,16000000
"'Tokha, K'",K,36682079.16,Tokha,32918811.87,3.5,5,E,36403707.15,13,20000000
"'Tokha, K'",K,36682079.16,Tokha,32918811.87,2.5,5,NW,32684090.91,13,25500000
"'Tokha, K'",K,36682079.16,Tokha,32918811.87,3.5,6,SE,37959390.61,13,24000000
"'Tokha, K'",K,36682079.16,Tokha,32918811.87,3,5,S,32636997.24,13,28000000
"'Tokha, K'",K,36682079.16,Tokha,32918811.87,6,4,N,32763770.05,12,16000000
"'Tokha, K'",K,36682079.16,Tokha,32918811.87,4,5,SE,37959390.61,26,37000000
